epoch,iso,elapsed,mv1,mv2,mv3,mv4,mv5,mv6,ma1,ma2,ma3,ma4,ma5,ma6,ma_sum,ma_max,ma_min,ma_spread,mv_min,gpu_w,gpu_c,gpu_util,sm_mhz,mem_mhz,mem_c,read_error
1786726755.135,2026-08-14T18:59:15,0.000,12168,12160,12168,12160,12160,12168,440,460,440,420,500,460,2720,500,420,80,12160,,,,,,,
1786726755.633,2026-08-14T18:59:15,0.500,12168,12160,12168,12160,12160,12160,460,460,460,440,500,480,2800,500,440,60,12160,18.90,50,0,375,405,N/A,
1786726756.134,2026-08-14T18:59:16,1.000,12168,12160,12168,12160,12160,12168,460,460,460,440,520,480,2820,520,440,80,12160,21.34,50,6,472,405,N/A,
1786726756.634,2026-08-14T18:59:16,1.500,12168,12160,12168,12160,12160,12168,460,460,460,440,520,460,2800,520,440,80,12160,21.92,50,4,375,405,N/A,
1786726757.134,2026-08-14T18:59:17,2.000,12168,12160,12168,12160,12160,12160,460,460,460,440,500,460,2780,500,440,60,12160,20.15,50,4,420,405,N/A,
1786726757.634,2026-08-14T18:59:17,2.500,12168,12160,12168,12160,12160,12168,460,460,440,440,500,460,2760,500,440,60,12160,19.70,50,7,315,405,N/A,
1786726758.134,2026-08-14T18:59:18,3.000,12168,12160,12168,12160,12160,12160,460,460,460,440,500,460,2780,500,440,60,12160,18.94,50,6,367,405,N/A,
1786726758.634,2026-08-14T18:59:18,3.500,12168,12160,12168,12160,12160,12160,460,460,460,440,500,460,2780,500,440,60,12160,18.96,50,0,375,405,N/A,
1786726759.134,2026-08-14T18:59:19,4.001,12168,12160,12168,12160,12160,12160,480,480,480,460,540,480,2920,540,460,80,12160,23.26,50,3,555,405,N/A,
1786726759.634,2026-08-14T18:59:19,4.501,12168,12160,12168,12160,12160,12160,480,480,480,460,540,480,2920,540,460,80,12160,25.31,50,0,412,405,N/A,
1786726760.134,2026-08-14T18:59:20,5.001,12168,12160,12168,12160,12160,12160,480,500,480,460,540,500,2960,540,460,80,12160,22.63,50,3,592,405,N/A,
1786726760.634,2026-08-14T18:59:20,5.501,12168,12160,12168,12160,12160,12160,480,480,480,460,540,500,2940,540,460,80,12160,21.21,50,5,390,405,N/A,
1786726761.137,2026-08-14T18:59:21,6.001,12168,12160,12168,12160,12160,12160,460,480,480,440,540,500,2900,540,440,100,12160,20.48,50,4,495,405,N/A,
1786726761.634,2026-08-14T18:59:21,6.501,12168,12160,12168,12160,12160,12160,460,480,480,440,520,500,2880,520,440,80,12160,21.07,50,6,360,405,N/A,
1786726762.134,2026-08-14T18:59:22,7.001,12168,12160,12168,12160,12160,12160,460,460,460,440,520,480,2820,520,440,80,12160,19.59,50,4,562,405,N/A,
1786726762.636,2026-08-14T18:59:22,7.501,12168,12160,12168,12160,12160,12160,460,460,460,420,520,480,2800,520,420,100,12160,18.09,50,4,352,405,N/A,
1786726763.135,2026-08-14T18:59:23,8.001,12168,12160,12168,12160,12160,12160,460,460,460,420,500,480,2780,500,420,80,12160,16.91,50,7,352,405,N/A,
1786726763.632,2026-08-14T18:59:23,8.501,12168,12160,12168,12160,12160,12160,460,460,460,420,500,480,2780,500,420,80,12160,18.33,50,3,457,405,N/A,
1786726764.135,2026-08-14T18:59:24,9.001,12168,12160,12168,12160,12160,12160,460,460,460,440,500,480,2800,500,440,60,12160,18.76,50,0,435,405,N/A,
1786726764.632,2026-08-14T18:59:24,9.501,12168,12160,12168,12160,12160,12160,460,460,460,440,500,480,2800,500,440,60,12160,18.80,50,4,412,405,N/A,
1786726765.134,2026-08-14T18:59:25,10.001,12168,12160,12168,12160,12160,12160,460,460,460,440,500,480,2800,500,440,60,12160,19.37,50,4,540,405,N/A,
1786726765.635,2026-08-14T18:59:25,10.501,12168,12160,12168,12160,12160,12160,460,480,460,460,520,480,2860,520,460,60,12160,21.36,50,3,427,405,N/A,
1786726766.136,2026-08-14T18:59:26,11.001,12168,12160,12168,12160,12160,12160,480,480,480,460,520,500,2920,520,460,60,12160,22.38,50,4,360,405,N/A,
1786726766.633,2026-08-14T18:59:26,11.502,12168,12160,12168,12160,12160,12160,480,480,480,460,520,500,2920,520,460,60,12160,23.13,50,3,427,405,N/A,
1786726767.135,2026-08-14T18:59:27,12.002,12168,12160,12168,12160,12160,12160,480,480,480,480,540,500,2960,540,480,60,12160,24.05,50,3,412,405,N/A,
1786726767.634,2026-08-14T18:59:27,12.502,12168,12160,12168,12160,12160,12160,480,480,480,480,540,500,2960,540,480,60,12160,23.47,50,4,397,405,N/A,
1786726768.135,2026-08-14T18:59:28,13.002,12168,12160,12168,12160,12160,12160,480,500,480,460,540,500,2960,540,460,80,12160,23.22,50,3,525,405,N/A,
1786726768.635,2026-08-14T18:59:28,13.502,12168,12160,12168,12160,12160,12160,480,500,480,460,540,500,2960,540,460,80,12160,22.69,50,11,427,405,N/A,
1786726769.137,2026-08-14T18:59:29,14.002,12168,12160,12168,12160,12160,12160,500,500,500,480,560,520,3060,560,480,80,12160,21.30,50,3,420,405,N/A,
1786726769.635,2026-08-14T18:59:29,14.502,12168,12160,12168,12160,12160,12160,500,520,520,480,560,520,3100,560,480,80,12160,24.57,50,8,450,405,N/A,
1786726770.136,2026-08-14T18:59:30,15.002,12168,12160,12168,12160,12160,12160,500,520,520,480,560,540,3120,560,480,80,12160,27.91,50,4,412,405,N/A,
1786726770.635,2026-08-14T18:59:30,15.502,12168,12160,12168,12160,12160,12160,500,520,520,480,560,540,3120,560,480,80,12160,26.97,50,0,360,405,N/A,
1786726771.137,2026-08-14T18:59:31,16.002,12168,12160,12168,12160,12160,12160,500,520,520,480,560,540,3120,560,480,80,12160,24.74,50,4,442,405,N/A,
1786726771.636,2026-08-14T18:59:31,16.502,12168,12160,12168,12160,12160,12160,500,520,520,480,580,540,3140,580,480,100,12160,24.92,50,4,375,405,N/A,
1786726772.136,2026-08-14T18:59:32,17.002,12168,12160,12168,12160,12160,12160,500,520,540,480,580,540,3160,580,480,100,12160,25.26,50,4,465,405,N/A,
1786726772.635,2026-08-14T18:59:32,17.502,12168,12160,12168,12160,12160,12160,500,520,520,480,560,540,3120,560,480,80,12160,25.08,50,3,442,405,N/A,
1786726773.136,2026-08-14T18:59:33,18.002,12168,12160,12168,12160,12160,12160,500,520,520,500,560,540,3140,560,500,60,12160,24.30,50,3,420,405,N/A,
1786726773.633,2026-08-14T18:59:33,18.502,12168,12160,12168,12160,12160,12160,500,520,520,500,560,540,3140,560,500,60,12160,25.36,50,4,525,405,N/A,
1786726774.136,2026-08-14T18:59:34,19.002,12168,12160,12168,12160,12160,12160,500,520,520,500,560,540,3140,560,500,60,12160,23.37,50,0,435,405,N/A,
1786726774.636,2026-08-14T18:59:34,19.503,12168,12160,12168,12160,12160,12160,500,500,500,480,560,520,3060,560,480,80,12160,22.03,50,7,427,405,N/A,
1786726775.138,2026-08-14T18:59:35,20.003,12168,12160,12168,12160,12160,12160,500,500,500,480,540,520,3040,540,480,60,12160,20.57,50,0,405,405,N/A,
1786726775.637,2026-08-14T18:59:35,20.503,12168,12160,12168,12160,12160,12160,480,480,500,480,540,500,2980,540,480,60,12160,21.55,50,4,457,405,N/A,
1786726776.136,2026-08-14T18:59:36,21.003,12168,12160,12168,12160,12160,12160,480,500,500,480,540,500,3000,540,480,60,12160,19.56,50,0,360,405,N/A,
1786726776.634,2026-08-14T18:59:36,21.503,12168,12160,12168,12160,12160,12160,480,480,480,460,540,500,2940,540,460,80,12160,20.08,50,3,517,405,N/A,
1786726777.137,2026-08-14T18:59:37,22.003,12168,12160,12168,12160,12160,12160,460,480,480,440,520,500,2880,520,440,80,12160,20.52,50,7,322,405,N/A,
1786726777.636,2026-08-14T18:59:37,22.503,12168,12160,12168,12160,12160,12160,460,460,460,440,520,480,2820,520,440,80,12160,18.98,50,4,360,405,N/A,
1786726778.137,2026-08-14T18:59:38,23.003,12168,12160,12168,12160,12160,12160,460,460,460,440,500,480,2800,500,440,60,12160,17.53,50,0,352,405,N/A,
1786726778.634,2026-08-14T18:59:38,23.503,12168,12160,12168,12160,12160,12160,460,460,460,440,500,480,2800,500,440,60,12160,17.64,50,3,457,405,N/A,
1786726779.137,2026-08-14T18:59:39,24.003,12168,12160,12168,12160,12160,12168,460,460,460,440,500,480,2800,500,440,60,12160,16.94,50,0,412,405,N/A,
1786726779.634,2026-08-14T18:59:39,24.503,12168,12160,12168,12160,12160,12168,460,460,460,440,500,460,2780,500,440,60,12160,17.98,50,4,405,405,N/A,
1786726780.137,2026-08-14T18:59:40,25.003,12168,12160,12168,12160,12160,12168,440,460,460,440,500,460,2760,500,440,60,12160,19.47,50,7,405,405,N/A,
1786726780.637,2026-08-14T18:59:40,25.503,12168,12160,12168,12160,12160,12168,460,460,460,440,500,480,2800,500,440,60,12160,19.59,50,4,345,405,N/A,
1786726781.137,2026-08-14T18:59:41,26.003,12168,12160,12168,12160,12160,12160,460,460,460,440,500,480,2800,500,440,60,12160,20.88,50,3,352,405,N/A,
1786726781.634,2026-08-14T18:59:41,26.503,12168,12160,12168,12160,12160,12168,440,460,460,440,500,480,2780,500,440,60,12160,20.27,50,4,450,405,N/A,
1786726782.139,2026-08-14T18:59:42,27.004,12168,12160,12168,12160,12160,12168,440,460,460,420,500,460,2740,500,420,80,12160,18.76,50,4,390,405,N/A,
1786726782.634,2026-08-14T18:59:42,27.504,12168,12160,12168,12160,12160,12168,440,460,460,440,500,460,2760,500,440,60,12160,17.00,50,3,337,405,N/A,
1786726783.134,2026-08-14T18:59:43,28.004,12168,12160,12168,12160,12160,12168,440,460,460,440,500,460,2760,500,440,60,12160,17.27,50,0,390,405,N/A,
1786726783.637,2026-08-14T18:59:43,28.504,12168,12160,12168,12160,12160,12168,440,460,440,440,500,460,2740,500,440,60,12160,19.14,50,4,450,405,N/A,
1786726784.137,2026-08-14T18:59:44,29.004,12168,12160,12168,12160,12160,12168,440,460,440,440,500,460,2740,500,440,60,12160,19.46,50,3,367,405,N/A,
1786726784.637,2026-08-14T18:59:44,29.504,12168,12160,12168,12160,12160,12168,440,460,440,440,500,460,2740,500,440,60,12160,17.80,50,3,382,405,N/A,
1786726785.137,2026-08-14T18:59:45,30.004,12168,12160,12168,12160,12160,12168,440,460,440,440,480,460,2720,480,440,40,12160,18.83,50,0,435,405,N/A,
1786726785.637,2026-08-14T18:59:45,30.504,12168,12160,12168,12160,12160,12160,440,460,440,440,500,480,2760,500,440,60,12160,19.22,50,3,360,405,N/A,
1786726786.138,2026-08-14T18:59:46,31.004,12168,12160,12168,12160,12160,12160,440,460,440,420,500,460,2720,500,420,80,12160,18.75,50,0,405,405,N/A,
1786726786.637,2026-08-14T18:59:46,31.504,12168,12160,12168,12160,12160,12168,440,440,440,420,480,460,2680,480,420,60,12160,19.25,50,7,375,405,N/A,
1786726787.138,2026-08-14T18:59:47,32.004,12168,12160,12168,12160,12160,12168,420,440,420,400,480,460,2620,480,400,80,12160,16.88,50,0,322,405,N/A,
1786726787.634,2026-08-14T18:59:47,32.504,12168,12160,12168,12160,12160,12168,420,440,420,400,480,440,2600,480,400,80,12160,16.43,50,4,330,405,N/A,
1786726788.138,2026-08-14T18:59:48,33.004,12168,12160,12168,12160,12160,12168,420,440,420,400,480,440,2600,480,400,80,12160,15.65,50,0,375,405,N/A,
1786726788.635,2026-08-14T18:59:48,33.504,12168,12160,12168,12160,12160,12168,420,420,420,400,460,440,2560,460,400,60,12160,14.82,50,0,300,405,N/A,
1786726789.137,2026-08-14T18:59:49,34.004,12168,12160,12168,12160,12160,12168,420,420,420,400,460,440,2560,460,400,60,12160,14.89,50,0,345,405,N/A,
1786726789.638,2026-08-14T18:59:49,34.505,12168,12160,12168,12160,12160,12168,400,420,400,400,460,420,2500,460,400,60,12160,15.14,50,0,367,405,N/A,
1786726790.138,2026-08-14T18:59:50,35.005,12168,12160,12168,12160,12160,12168,400,420,400,380,460,440,2500,460,380,80,12160,15.31,50,0,345,405,N/A,
1786726790.638,2026-08-14T18:59:50,35.505,12168,12160,12168,12160,12160,12168,400,420,400,380,460,440,2500,460,380,80,12160,15.67,50,4,247,405,N/A,
1786726791.138,2026-08-14T18:59:51,36.005,12168,12160,12168,12160,12160,12168,400,420,400,380,460,440,2500,460,380,80,12160,15.29,49,0,300,405,N/A,
1786726791.634,2026-08-14T18:59:51,36.505,12168,12160,12168,12160,12160,12168,400,420,400,380,460,420,2480,460,380,80,12160,15.52,50,0,360,405,N/A,
1786726792.138,2026-08-14T18:59:52,37.005,12168,12160,12168,12160,12160,12168,400,420,400,380,460,420,2480,460,380,80,12160,15.05,49,0,300,405,N/A,
1786726792.638,2026-08-14T18:59:52,37.505,12168,12160,12168,12160,12160,12168,400,420,400,380,440,420,2460,440,380,60,12160,14.81,50,4,225,405,N/A,
1786726793.138,2026-08-14T18:59:53,38.005,12168,12160,12168,12160,12160,12168,400,420,400,380,440,420,2460,440,380,60,12160,14.52,50,0,292,405,N/A,
1786726793.635,2026-08-14T18:59:53,38.505,12168,12160,12168,12160,12160,12168,400,420,400,380,460,420,2480,460,380,80,12160,15.30,50,4,330,405,N/A,
1786726794.139,2026-08-14T18:59:54,39.005,12168,12160,12168,12160,12160,12168,400,420,400,380,460,420,2480,460,380,80,12160,15.39,50,0,225,405,N/A,
1786726794.636,2026-08-14T18:59:54,39.505,12168,12160,12168,12160,12160,12168,400,420,400,380,460,420,2480,460,380,80,12160,14.87,50,0,225,405,N/A,
1786726795.139,2026-08-14T18:59:55,40.005,12168,12160,12168,12160,12160,12168,400,420,400,380,460,420,2480,460,380,80,12160,15.75,49,4,322,405,N/A,
1786726795.638,2026-08-14T18:59:55,40.505,12168,12160,12168,12160,12160,12168,400,420,400,380,460,420,2480,460,380,80,12160,15.36,50,0,300,405,N/A,
1786726796.138,2026-08-14T18:59:56,41.005,12168,12160,12168,12160,12160,12168,400,420,400,380,460,420,2480,460,380,80,12160,14.08,49,0,292,405,N/A,
1786726796.636,2026-08-14T18:59:56,41.505,12168,12160,12168,12160,12160,12168,400,420,400,380,440,420,2460,440,380,60,12160,15.12,50,3,397,405,N/A,
1786726797.139,2026-08-14T18:59:57,42.006,12168,12160,12168,12160,12160,12168,400,420,400,380,440,420,2460,440,380,60,12160,15.63,49,3,225,405,N/A,
1786726797.636,2026-08-14T18:59:57,42.506,12168,12160,12168,12160,12160,12168,400,400,400,380,440,420,2440,440,380,60,12160,13.82,49,0,300,405,N/A,
1786726798.135,2026-08-14T18:59:58,43.006,12168,12160,12168,12160,12160,12168,400,400,400,380,440,420,2440,440,380,60,12160,14.72,49,0,390,405,N/A,
1786726798.639,2026-08-14T18:59:58,43.506,12168,12160,12168,12160,12160,12168,400,400,400,380,440,420,2440,440,380,60,12160,15.04,49,0,300,405,N/A,
1786726799.134,2026-08-14T18:59:59,44.006,12168,12160,12168,12160,12160,12168,400,420,400,380,460,420,2480,460,380,80,12160,15.14,49,3,300,405,N/A,
1786726799.639,2026-08-14T18:59:59,44.506,12168,12160,12168,12160,12160,12168,400,400,400,380,440,420,2440,440,380,60,12160,14.92,49,0,352,405,N/A,
1786726800.139,2026-08-14T19:00:00,45.006,12168,12160,12168,12160,12160,12168,400,400,400,380,440,420,2440,440,380,60,12160,14.10,49,0,300,405,N/A,
1786726800.638,2026-08-14T19:00:00,45.506,12168,12160,12168,12160,12160,12168,400,420,400,380,440,420,2460,440,380,60,12160,14.23,49,0,367,405,N/A,
1786726801.140,2026-08-14T19:00:01,46.006,12168,12160,12168,12160,12160,12168,400,400,400,380,440,420,2440,440,380,60,12160,15.09,49,0,315,405,N/A,
1786726801.639,2026-08-14T19:00:01,46.506,12168,12160,12168,12160,12160,12168,400,420,400,380,460,420,2480,460,380,80,12160,14.54,49,0,247,405,N/A,
1786726802.136,2026-08-14T19:00:02,47.006,12168,12160,12168,12160,12160,12168,400,420,400,380,440,420,2460,440,380,60,12160,15.81,49,0,300,405,N/A,
1786726802.639,2026-08-14T19:00:02,47.506,12168,12160,12168,12160,12160,12168,420,440,400,400,460,440,2560,460,400,60,12160,14.88,49,0,255,405,N/A,
1786726803.140,2026-08-14T19:00:03,48.006,12168,12160,12168,12160,12160,12168,420,440,400,400,460,440,2560,460,400,60,12160,15.33,50,0,292,405,N/A,
1786726803.640,2026-08-14T19:00:03,48.506,12168,12160,12168,12160,12160,12168,400,420,400,380,460,420,2480,460,380,80,12160,16.48,49,0,472,405,N/A,
1786726804.137,2026-08-14T19:00:04,49.006,12168,12160,12168,12160,12160,12168,400,420,400,380,460,420,2480,460,380,80,12160,15.55,49,0,322,405,N/A,
1786726804.640,2026-08-14T19:00:04,49.507,12168,12160,12168,12160,12160,12168,400,400,400,380,440,420,2440,440,380,60,12160,14.09,49,0,375,405,N/A,
1786726805.137,2026-08-14T19:00:05,50.007,12168,12160,12168,12160,12160,12168,400,400,400,380,440,420,2440,440,380,60,12160,14.40,49,3,225,405,N/A,
1786726805.639,2026-08-14T19:00:05,50.507,12168,12160,12168,12160,12160,12168,400,400,400,380,440,420,2440,440,380,60,12160,13.96,49,0,262,405,N/A,
1786726806.140,2026-08-14T19:00:06,51.007,12168,12160,12168,12160,12160,12168,380,400,380,380,440,400,2380,440,380,60,12160,13.25,49,0,217,405,N/A,
1786726806.636,2026-08-14T19:00:06,51.507,12168,12160,12168,12160,12160,12168,400,400,400,380,440,420,2440,440,380,60,12160,14.41,49,0,300,405,N/A,
1786726807.139,2026-08-14T19:00:07,52.007,12168,12160,12168,12160,12160,12168,400,400,380,360,440,400,2380,440,360,80,12160,14.97,49,0,322,405,N/A,
1786726807.640,2026-08-14T19:00:07,52.507,12168,12160,12168,12160,12160,12168,380,400,380,360,440,400,2360,440,360,80,12160,14.72,49,0,292,405,N/A,
1786726808.139,2026-08-14T19:00:08,53.007,12168,12160,12168,12160,12160,12168,380,400,380,360,440,400,2360,440,360,80,12160,14.31,49,4,225,405,N/A,
1786726808.640,2026-08-14T19:00:08,53.507,12168,12160,12168,12160,12160,12168,380,400,380,360,440,400,2360,440,360,80,12160,14.61,49,3,277,405,N/A,
1786726809.141,2026-08-14T19:00:09,54.007,12168,12160,12168,12160,12160,12168,380,400,380,360,440,420,2380,440,360,80,12160,13.85,49,1,225,405,N/A,
1786726809.638,2026-08-14T19:00:09,54.507,12168,12160,12168,12160,12160,12168,380,400,380,360,440,400,2360,440,360,80,12160,14.05,49,0,292,405,N/A,
1786726810.139,2026-08-14T19:00:10,55.007,12168,12160,12168,12160,12160,12168,380,400,380,360,440,400,2360,440,360,80,12160,13.89,49,0,330,405,N/A,
1786726810.640,2026-08-14T19:00:10,55.507,12168,12160,12168,12160,12160,12168,380,400,380,360,440,400,2360,440,360,80,12160,13.73,49,0,292,405,N/A,
1786726811.136,2026-08-14T19:00:11,56.007,12168,12160,12168,12160,12160,12168,400,400,400,380,440,420,2440,440,380,60,12160,14.05,49,1,225,405,N/A,
1786726811.638,2026-08-14T19:00:11,56.507,12168,12160,12168,12160,12160,12168,440,460,440,420,500,460,2720,500,420,80,12160,16.46,50,7,405,405,N/A,
1786726812.141,2026-08-14T19:00:12,57.007,12168,12160,12168,12160,12160,12160,460,480,460,440,500,480,2820,500,440,60,12160,25.91,50,2,1365,810,N/A,
1786726812.637,2026-08-14T19:00:12,57.508,12168,12160,12168,12160,12160,12160,460,480,460,440,500,480,2820,500,440,60,12160,28.80,50,7,952,405,N/A,
1786726813.140,2026-08-14T19:00:13,58.008,12168,12160,12168,12160,12160,12168,440,460,440,420,500,460,2720,500,420,80,12160,18.62,49,0,600,405,N/A,
1786726813.640,2026-08-14T19:00:13,58.508,12168,12160,12168,12160,12160,12168,420,440,420,420,480,460,2640,480,420,60,12160,13.54,49,0,427,405,N/A,
1786726814.138,2026-08-14T19:00:14,59.008,12168,12160,12168,12160,12160,12168,420,440,420,400,460,440,2580,460,400,60,12160,13.82,49,0,397,405,N/A,
1786726814.638,2026-08-14T19:00:14,59.508,12168,12160,12168,12160,12160,12168,400,420,400,400,460,440,2520,460,400,60,12160,14.09,49,0,352,405,N/A,
1786726815.140,2026-08-14T19:00:15,60.008,12168,12160,12168,12160,12160,12168,400,420,400,380,460,420,2480,460,380,80,12160,14.07,49,4,225,405,N/A,
1786726815.642,2026-08-14T19:00:15,60.508,12168,12160,12168,12160,12160,12168,400,420,400,380,460,420,2480,460,380,80,12160,13.77,50,4,247,405,N/A,
1786726816.142,2026-08-14T19:00:16,61.008,12168,12160,12168,12160,12160,12168,420,440,420,400,460,440,2580,460,400,60,12160,14.66,49,10,255,405,N/A,
1786726816.641,2026-08-14T19:00:16,61.508,12168,12160,12168,12160,12160,12168,400,420,400,380,460,440,2500,460,380,80,12160,17.42,49,0,502,405,N/A,
1786726817.140,2026-08-14T19:00:17,62.008,12168,12160,12168,12160,12160,12168,400,420,400,380,440,420,2460,440,380,60,12160,16.10,49,0,285,405,N/A,
1786726817.639,2026-08-14T19:00:17,62.508,12168,12160,12168,12160,12160,12168,400,420,400,380,440,420,2460,440,380,60,12160,13.82,49,0,315,405,N/A,
1786726818.142,2026-08-14T19:00:18,63.008,12168,12160,12168,12160,12160,12168,400,400,400,380,440,420,2440,440,380,60,12160,13.87,49,0,225,405,N/A,
1786726818.639,2026-08-14T19:00:18,63.508,12168,12160,12168,12160,12160,12168,400,400,400,380,440,420,2440,440,380,60,12160,13.20,49,3,225,405,N/A,
1786726819.140,2026-08-14T19:00:19,64.008,12168,12160,12168,12160,12160,12168,380,400,380,380,440,400,2380,440,380,60,12160,12.90,49,0,240,405,N/A,
1786726819.642,2026-08-14T19:00:19,64.508,12168,12160,12168,12160,12160,12168,380,400,380,360,440,400,2360,440,360,80,12160,13.16,49,0,225,405,N/A,
1786726820.141,2026-08-14T19:00:20,65.009,12168,12160,12168,12160,12160,12168,380,400,380,360,440,400,2360,440,360,80,12160,13.48,49,0,292,405,N/A,
1786726820.639,2026-08-14T19:00:20,65.509,12168,12160,12168,12160,12160,12168,380,400,380,360,440,400,2360,440,360,80,12160,13.63,49,0,315,405,N/A,
1786726821.142,2026-08-14T19:00:21,66.009,12168,12160,12168,12160,12160,12168,380,400,380,360,440,400,2360,440,360,80,12160,13.79,49,0,225,405,N/A,
1786726821.639,2026-08-14T19:00:21,66.509,12168,12160,12168,12160,12160,12168,380,400,380,360,440,400,2360,440,360,80,12160,13.95,50,3,225,405,N/A,
1786726822.143,2026-08-14T19:00:22,67.009,12168,12160,12168,12160,12160,12168,380,400,380,360,420,400,2340,420,360,60,12160,13.67,49,0,247,405,N/A,
1786726822.642,2026-08-14T19:00:22,67.509,12168,12160,12168,12160,12160,12168,380,400,380,360,420,400,2340,420,360,60,12160,13.95,49,0,225,405,N/A,
1786726823.138,2026-08-14T19:00:23,68.009,12168,12160,12168,12160,12160,12168,380,400,380,360,420,400,2340,420,360,60,12160,13.28,49,0,300,405,N/A,
1786726823.639,2026-08-14T19:00:23,68.509,12168,12160,12168,12160,12160,12168,380,400,380,360,420,400,2340,420,360,60,12160,13.59,49,0,300,405,N/A,
1786726824.143,2026-08-14T19:00:24,69.009,12168,12160,12168,12160,12160,12168,380,400,380,360,420,400,2340,420,360,60,12160,13.35,49,0,225,405,N/A,
1786726824.640,2026-08-14T19:00:24,69.509,12168,12160,12168,12160,12160,12168,380,400,380,360,420,400,2340,420,360,60,12160,13.26,49,4,225,405,N/A,
1786726825.137,2026-08-14T19:00:25,70.009,12168,12160,12168,12160,12160,12168,380,380,380,360,420,400,2320,420,360,60,12160,12.70,49,0,240,405,N/A,
1786726825.643,2026-08-14T19:00:25,70.509,12168,12160,12168,12160,12160,12168,380,400,380,360,420,400,2340,420,360,60,12160,13.19,49,0,225,405,N/A,
1786726826.146,2026-08-14T19:00:26,71.009,12168,12160,12168,12160,12160,12168,440,460,440,420,480,460,2700,480,420,60,12160,13.89,49,0,322,405,N/A,
1786726826.639,2026-08-14T19:00:26,71.509,12168,12160,12168,12160,12160,12160,460,480,460,440,520,480,2840,520,440,80,12160,24.76,50,10,832,405,N/A,
1786726827.143,2026-08-14T19:00:27,72.009,12168,12160,12168,12160,12160,12168,440,460,440,420,500,460,2720,500,420,80,12160,31.55,50,0,1290,405,N/A,
1786726827.640,2026-08-14T19:00:27,72.510,12168,12160,12168,12160,12160,12168,440,460,440,420,500,460,2720,500,420,80,12160,21.59,49,0,532,405,N/A,
1786726828.140,2026-08-14T19:00:28,73.010,12168,12160,12168,12160,12160,12168,440,440,440,420,480,460,2680,480,420,60,12160,13.86,49,3,427,405,N/A,
1786726828.643,2026-08-14T19:00:28,73.510,12168,12160,12168,12160,12160,12168,420,440,420,400,480,440,2600,480,400,80,12160,13.52,49,0,307,405,N/A,
1786726829.140,2026-08-14T19:00:29,74.010,12168,12160,12168,12160,12160,12160,440,460,440,420,500,460,2720,500,420,80,12160,13.65,49,2,307,405,N/A,
1786726829.640,2026-08-14T19:00:29,74.510,12168,12160,12168,12160,12160,12160,460,480,480,440,520,500,2880,520,440,80,12160,26.31,50,10,832,405,N/A,
1786726830.143,2026-08-14T19:00:30,75.010,12168,12160,12168,12160,12160,12160,460,460,460,440,500,480,2800,500,440,60,12160,27.54,49,0,727,405,N/A,
1786726830.640,2026-08-14T19:00:30,75.510,12168,12160,12168,12160,12160,12168,440,440,440,420,480,460,2680,480,420,60,12160,15.94,49,0,502,405,N/A,
1786726831.142,2026-08-14T19:00:31,76.010,12168,12160,12168,12160,12160,12160,460,460,480,440,500,480,2820,500,440,60,12160,13.42,49,4,405,405,N/A,
1786726831.644,2026-08-14T19:00:31,76.510,12168,12160,12168,12160,12160,12160,500,520,520,480,560,540,3120,560,480,80,12160,20.05,50,22,285,405,N/A,
1786726832.140,2026-08-14T19:00:32,77.010,12168,12160,12168,12160,12160,12160,520,540,520,520,580,540,3220,580,520,60,12160,29.92,50,8,877,405,N/A,
1786726832.643,2026-08-14T19:00:32,77.510,12168,12160,12168,12160,12160,12160,520,540,520,520,580,540,3220,580,520,60,12160,32.85,50,0,1312,405,N/A,
1786726833.144,2026-08-14T19:00:33,78.010,12168,12160,12168,12160,12160,12160,520,560,540,520,600,560,3300,600,520,80,12160,30.89,50,23,870,405,N/A,
1786726833.643,2026-08-14T19:00:33,78.510,12168,12160,12168,12160,12160,12160,520,540,540,500,580,540,3220,580,500,80,12160,23.78,50,0,877,405,N/A,
1786726834.141,2026-08-14T19:00:34,79.010,12168,12160,12168,12160,12160,12160,520,540,540,500,580,560,3240,580,500,80,12160,27.84,50,6,900,405,N/A,
1786726834.641,2026-08-14T19:00:34,79.510,12168,12160,12168,12160,12160,12160,500,520,520,500,580,540,3160,580,500,80,12160,23.61,50,1,757,405,N/A,
1786726835.144,2026-08-14T19:00:35,80.011,12168,12160,12168,12160,12160,12160,500,500,520,480,560,520,3080,560,480,80,12160,20.09,49,0,442,405,N/A,
1786726835.638,2026-08-14T19:00:35,80.511,12160,12152,12160,12152,12152,12160,620,620,640,600,700,640,3820,700,600,100,12152,18.81,50,1,405,405,N/A,
1786726836.139,2026-08-14T19:00:36,81.011,12160,12144,12152,12152,12152,12152,740,760,760,740,840,780,4620,840,740,100,12144,43.17,51,9,1777,13801,N/A,
1786726836.639,2026-08-14T19:00:36,81.511,12152,12144,12152,12144,12144,12152,820,860,860,820,940,880,5180,940,820,120,12144,72.35,51,15,2175,13801,N/A,
1786726837.139,2026-08-14T19:00:37,82.011,12152,12144,12152,12144,12144,12152,820,860,860,800,920,860,5120,920,800,120,12144,80.55,51,8,2190,13801,N/A,
1786726837.639,2026-08-14T19:00:37,82.511,12152,12144,12152,12144,12144,12152,820,840,840,800,920,860,5080,920,800,120,12144,67.47,50,0,1815,13801,N/A,
1786726838.139,2026-08-14T19:00:38,83.011,12152,12144,12152,12144,12144,12152,840,860,860,800,940,880,5180,940,800,140,12144,62.66,51,8,1567,7001,N/A,
1786726838.639,2026-08-14T19:00:38,83.511,12152,12144,12152,12144,12144,12152,800,800,820,780,900,840,4940,900,780,120,12144,53.86,50,0,862,7001,N/A,
1786726839.139,2026-08-14T19:00:39,84.011,12152,12144,12152,12144,12144,12152,820,860,860,820,920,880,5160,920,820,100,12144,49.23,51,9,930,7001,N/A,
1786726839.639,2026-08-14T19:00:39,84.511,12152,12144,12152,12144,12144,12152,860,880,900,860,960,900,5360,960,860,100,12144,59.02,51,9,1350,7001,N/A,
1786726840.140,2026-08-14T19:00:40,85.011,12152,12144,12152,12144,12144,12152,800,840,840,800,920,860,5060,920,800,120,12144,62.00,50,0,1387,7001,N/A,
1786726840.639,2026-08-14T19:00:40,85.511,12152,12144,12152,12144,12144,12144,840,860,840,820,940,900,5200,940,820,120,12144,49.00,50,2,727,7001,N/A,
1786726841.140,2026-08-14T19:00:41,86.011,12152,12144,12152,12144,12144,12152,820,840,840,800,920,880,5100,920,800,120,12144,52.81,51,10,1245,7001,N/A,
1786726841.639,2026-08-14T19:00:41,86.511,12152,12144,12152,12144,12144,12152,800,800,800,760,900,840,4900,900,760,140,12144,55.99,50,7,855,7001,N/A,
1786726842.144,2026-08-14T19:00:42,87.011,12152,12144,12152,12144,12144,12152,800,800,800,760,900,840,4900,900,760,140,12144,51.35,50,1,1155,7001,N/A,
1786726842.639,2026-08-14T19:00:42,87.512,12152,12144,12152,12152,12152,12152,760,780,780,740,860,820,4740,860,740,120,12144,43.20,50,0,397,7001,N/A,
1786726843.140,2026-08-14T19:00:43,88.012,12152,12144,12152,12144,12144,12152,800,860,820,780,920,860,5040,920,780,140,12144,50.29,51,2,1732,13801,N/A,
1786726843.640,2026-08-14T19:00:43,88.512,12152,12144,12152,12144,12144,12152,780,820,800,780,900,840,4920,900,780,120,12144,60.08,50,0,1770,7001,N/A,
1786726844.140,2026-08-14T19:00:44,89.012,12152,12144,12152,12144,12144,12152,800,840,800,780,900,840,4960,900,780,120,12144,51.79,50,4,1575,7001,N/A,
1786726844.640,2026-08-14T19:00:44,89.512,12152,12144,12152,12144,12144,12152,760,780,740,720,840,800,4640,840,720,120,12144,51.81,50,0,1575,7001,N/A,
1786726845.140,2026-08-14T19:00:45,90.012,12160,12144,12160,12152,12152,12152,720,740,700,680,800,760,4400,800,680,120,12144,45.59,50,1,892,7001,N/A,
1786726845.640,2026-08-14T19:00:45,90.512,12160,12152,12160,12152,12152,12152,680,700,680,660,760,720,4200,760,660,100,12152,35.91,50,0,675,7001,N/A,
1786726846.140,2026-08-14T19:00:46,91.012,12160,12152,12160,12152,12152,12152,660,680,660,640,740,700,4080,740,640,100,12152,34.19,50,0,555,7001,N/A,
1786726846.643,2026-08-14T19:00:46,91.512,12160,12152,12160,12152,12152,12160,620,640,620,600,700,660,3840,700,600,100,12152,35.22,50,0,592,7001,N/A,
1786726847.143,2026-08-14T19:00:47,92.012,12160,12152,12160,12152,12152,12160,620,640,620,600,700,660,3840,700,600,100,12152,32.03,50,0,360,810,N/A,
1786726847.640,2026-08-14T19:00:47,92.512,12160,12152,12160,12152,12152,12160,600,620,600,580,680,620,3700,680,580,100,12152,24.82,50,0,330,810,N/A,
1786726848.140,2026-08-14T19:00:48,93.012,12160,12144,12160,12152,12152,12152,760,780,760,740,840,800,4680,840,740,100,12144,46.37,51,0,1717,13801,N/A,
1786726848.640,2026-08-14T19:00:48,93.512,12152,12144,12152,12144,12144,12152,840,860,860,820,940,880,5200,940,820,120,12144,73.11,51,5,2670,13801,N/A,
1786726849.140,2026-08-14T19:00:49,94.012,12152,12144,12152,12144,12144,12152,880,920,920,880,1000,940,5540,1000,880,120,12144,79.24,52,1,2677,13801,N/A,
1786726849.640,2026-08-14T19:00:49,94.513,12152,12144,12152,12144,12144,12144,900,940,940,900,1020,960,5660,1020,900,120,12144,82.54,52,7,2670,13801,N/A,
1786726850.147,2026-08-14T19:00:50,95.013,12152,12144,12152,12144,12144,12152,840,880,880,840,940,900,5280,940,840,100,12144,70.69,51,3,1605,7001,N/A,
1786726850.641,2026-08-14T19:00:50,95.513,12152,12144,12152,12144,12144,12152,800,840,840,800,900,860,5040,900,800,100,12144,49.22,50,4,915,7001,N/A,
1786726851.141,2026-08-14T19:00:51,96.013,12152,12144,12152,12144,12144,12152,840,860,880,840,940,880,5240,940,840,100,12144,43.24,51,8,697,7001,N/A,
1786726851.641,2026-08-14T19:00:51,96.513,12152,12144,12152,12144,12144,12152,840,860,860,820,940,880,5200,940,820,120,12144,53.40,51,10,1252,7001,N/A,
1786726852.141,2026-08-14T19:00:52,97.013,12152,12144,12152,12144,12144,12152,840,860,860,820,940,880,5200,940,820,120,12144,62.00,51,5,1147,7001,N/A,
1786726852.646,2026-08-14T19:00:52,97.513,12152,12144,12152,12152,12144,12152,780,820,820,780,880,820,4900,880,780,100,12144,48.06,50,0,562,7001,N/A,
1786726853.141,2026-08-14T19:00:53,98.013,12152,12144,12152,12144,12144,12144,860,880,900,840,960,900,5340,960,840,120,12144,45.76,51,36,1305,810,N/A,
1786726853.641,2026-08-14T19:00:53,98.513,12152,12144,12152,12144,12144,12152,820,840,860,820,920,860,5120,920,820,100,12144,60.03,51,0,1950,13801,N/A,
1786726854.141,2026-08-14T19:00:54,99.013,12160,12144,12160,12152,12152,12152,780,800,800,760,880,820,4840,880,760,120,12144,59.08,51,1,1620,7001,N/A,
1786726854.641,2026-08-14T19:00:54,99.513,12160,12152,12160,12152,12152,12152,740,760,780,740,840,780,4640,840,740,100,12152,43.27,50,0,1290,7001,N/A,
1786726855.141,2026-08-14T19:00:55,100.013,12160,12152,12160,12152,12152,12152,720,760,760,720,820,760,4540,820,720,100,12152,43.58,51,6,1042,7001,N/A,
1786726855.641,2026-08-14T19:00:55,100.513,12160,12152,12160,12152,12152,12152,700,720,720,680,780,720,4320,780,680,100,12152,43.07,50,1,960,7001,N/A,
1786726856.143,2026-08-14T19:00:56,101.013,12160,12152,12160,12152,12152,12152,680,720,700,680,760,720,4260,760,680,80,12152,39.75,50,1,675,7001,N/A,
1786726856.644,2026-08-14T19:00:56,101.513,12160,12152,12160,12152,12152,12152,660,680,680,640,740,700,4100,740,640,100,12152,38.31,50,9,750,810,N/A,
1786726857.144,2026-08-14T19:00:57,102.014,12160,12152,12160,12152,12152,12152,660,680,680,640,740,700,4100,740,640,100,12152,37.29,50,9,555,810,N/A,
1786726857.643,2026-08-14T19:00:57,102.514,12160,12152,12160,12152,12152,12160,600,620,620,600,680,640,3760,680,600,80,12152,27.44,50,0,442,810,N/A,
1786726858.144,2026-08-14T19:00:58,103.014,12168,12152,12160,12160,12160,12160,560,580,580,540,640,600,3500,640,540,100,12152,19.04,50,0,382,810,N/A,
1786726858.647,2026-08-14T19:00:58,103.514,12160,12152,12160,12160,12152,12160,560,580,580,560,640,580,3500,640,560,80,12152,23.05,50,11,472,405,N/A,
1786726859.144,2026-08-14T19:00:59,104.014,12168,12152,12168,12160,12160,12160,540,560,540,520,600,560,3320,600,520,80,12152,23.75,50,5,517,405,N/A,
1786726859.644,2026-08-14T19:00:59,104.514,12168,12160,12168,12160,12160,12160,500,520,500,480,560,520,3080,560,480,80,12160,18.89,50,0,532,405,N/A,
1786726860.147,2026-08-14T19:01:00,105.014,12168,12160,12168,12160,12160,12160,480,500,480,460,540,500,2960,540,460,80,12160,16.96,50,0,397,405,N/A,
1786726860.642,2026-08-14T19:01:00,105.514,12160,12152,12160,12160,12152,12160,540,540,540,520,600,560,3300,600,520,80,12152,16.39,50,6,232,405,N/A,
1786726861.142,2026-08-14T19:01:01,106.014,12160,12152,12160,12152,12152,12152,620,640,620,600,700,640,3820,700,600,100,12152,27.20,52,55,247,405,N/A,
1786726861.645,2026-08-14T19:01:01,106.514,12160,12152,12160,12152,12152,12160,620,640,640,600,700,660,3860,700,600,100,12152,47.24,50,4,1852,7001,N/A,
1786726862.144,2026-08-14T19:01:02,107.014,12160,12152,12160,12152,12152,12160,620,640,640,600,700,660,3860,700,600,100,12152,58.85,50,0,1477,810,N/A,
1786726862.645,2026-08-14T19:01:02,107.514,12160,12152,12160,12152,12152,12160,620,620,620,600,680,640,3780,680,600,80,12152,36.72,50,3,1050,810,N/A,
1786726863.142,2026-08-14T19:01:03,108.014,12160,12152,12160,12152,12152,12160,600,620,620,600,680,640,3760,680,600,80,12152,29.35,50,0,877,810,N/A,
1786726863.642,2026-08-14T19:01:03,108.514,12160,12152,12160,12152,12152,12152,700,740,740,700,780,760,4420,780,700,80,12152,47.54,52,11,1155,13801,N/A,
1786726864.142,2026-08-14T19:01:04,109.014,12152,12144,12152,12144,12144,12152,760,780,780,740,840,800,4700,840,740,100,12144,64.74,51,4,2160,13801,N/A,
1786726864.642,2026-08-14T19:01:04,109.515,12152,12144,12152,12144,12144,12152,800,820,840,800,900,840,5000,900,800,100,12144,65.83,51,7,2122,13801,N/A,
1786726865.143,2026-08-14T19:01:05,110.015,12152,12144,12152,12144,12144,12152,800,820,840,800,900,840,5000,900,800,100,12144,68.84,52,8,2167,13801,N/A,
1786726865.643,2026-08-14T19:01:05,110.515,12160,12144,12152,12152,12144,12152,780,800,800,760,880,820,4840,880,760,120,12144,62.23,51,1,1695,7001,N/A,
1786726866.143,2026-08-14T19:01:06,111.015,12152,12144,12152,12144,12144,12152,820,840,840,800,920,860,5080,920,800,120,12144,46.43,51,12,682,7001,N/A,
1786726866.643,2026-08-14T19:01:06,111.515,12152,12144,12152,12144,12144,12152,820,840,840,800,920,880,5100,920,800,120,12144,54.40,51,12,1140,7001,N/A,
1786726867.143,2026-08-14T19:01:07,112.015,12152,12144,12152,12144,12144,12152,840,880,880,820,960,880,5260,960,820,140,12144,62.88,51,1,1410,7001,N/A,
1786726867.643,2026-08-14T19:01:07,112.515,12152,12144,12152,12144,12144,12144,860,880,880,840,960,880,5300,960,840,120,12144,59.25,51,4,1312,7001,N/A,
1786726868.143,2026-08-14T19:01:08,113.015,12152,12144,12152,12144,12144,12152,820,820,840,800,920,840,5040,920,800,120,12144,58.33,51,1,1387,7001,N/A,
1786726868.647,2026-08-14T19:01:08,113.515,12160,12152,12160,12152,12152,12152,760,760,760,740,840,780,4640,840,740,100,12152,46.90,50,0,525,7001,N/A,
1786726869.146,2026-08-14T19:01:09,114.015,12152,12144,12152,12144,12144,12152,820,840,840,800,920,860,5080,920,800,120,12144,39.05,51,10,412,7001,N/A,
1786726869.644,2026-08-14T19:01:09,114.515,12152,12144,12160,12152,12152,12152,780,780,800,760,860,800,4780,860,760,100,12144,51.48,51,3,1605,810,N/A,
1786726870.143,2026-08-14T19:01:10,115.015,12152,12144,12152,12144,12144,12152,800,820,820,800,900,840,4980,900,800,100,12144,47.01,51,0,1057,810,N/A,
1786726870.643,2026-08-14T19:01:10,115.515,12152,12144,12152,12144,12144,12152,800,820,820,780,900,840,4960,900,780,120,12144,47.08,51,0,1417,13801,N/A,
1786726871.143,2026-08-14T19:01:11,116.015,12152,12144,12152,12144,12144,12144,820,840,820,780,920,860,5040,920,780,140,12144,55.74,51,0,2115,13801,N/A,
1786726871.643,2026-08-14T19:01:11,116.515,12152,12144,12152,12144,12144,12144,820,840,820,780,920,860,5040,920,780,140,12144,55.27,51,0,2085,13801,N/A,
1786726872.143,2026-08-14T19:01:12,117.016,12152,12136,12152,12144,12144,12144,900,920,920,860,1020,940,5560,1020,860,160,12136,70.22,52,9,2422,13801,N/A,
1786726872.643,2026-08-14T19:01:12,117.516,12144,12136,12144,12144,12136,12144,920,940,900,860,1020,960,5600,1020,860,160,12136,72.67,51,0,1755,13801,N/A,
1786726873.143,2026-08-14T19:01:13,118.016,12144,12136,12144,12136,12136,12144,920,960,920,880,1040,980,5700,1040,880,160,12136,67.42,52,0,2580,13801,N/A,
1786726873.643,2026-08-14T19:01:13,118.516,12144,12136,12144,12136,12136,12144,940,960,940,900,1060,980,5780,1060,900,160,12136,67.77,52,0,2572,13801,N/A,
1786726874.143,2026-08-14T19:01:14,119.016,12144,12136,12144,12136,12136,12144,960,980,960,920,1080,1000,5900,1080,920,160,12136,67.92,52,0,2572,13801,N/A,
1786726874.643,2026-08-14T19:01:14,119.516,12144,12136,12144,12136,12136,12136,960,980,960,920,1080,1000,5900,1080,920,160,12136,67.54,52,0,2580,13801,N/A,
1786726875.143,2026-08-14T19:01:15,120.016,12144,12136,12144,12136,12136,12136,980,1000,960,920,1080,1020,5960,1080,920,160,12136,67.02,52,0,2572,13801,N/A,
1786726875.644,2026-08-14T19:01:15,120.516,12144,12136,12144,12136,12136,12136,960,980,960,920,1080,1000,5900,1080,920,160,12136,66.84,52,0,2572,13801,N/A,
1786726876.144,2026-08-14T19:01:16,121.016,12144,12136,12144,12144,12136,12144,880,900,860,820,980,920,5360,980,820,160,12136,66.95,51,0,2580,7001,N/A,
1786726876.647,2026-08-14T19:01:16,121.516,12144,12136,12144,12144,12136,12144,880,900,860,820,980,920,5360,980,820,160,12136,52.06,51,0,585,7001,N/A,
1786726877.144,2026-08-14T19:01:17,122.016,12152,12144,12152,12144,12144,12144,800,820,800,760,900,840,4920,900,760,140,12144,36.15,51,3,420,810,N/A,
1786726877.654,2026-08-14T19:01:17,122.516,12152,12144,12152,12152,12144,12152,720,740,720,680,800,760,4420,800,680,120,12144,28.61,50,0,375,810,N/A,
1786726878.149,2026-08-14T19:01:18,123.016,12160,12144,12160,12152,12152,12152,700,720,680,660,780,720,4260,780,660,120,12144,24.30,51,14,262,810,N/A,
1786726878.644,2026-08-14T19:01:18,123.516,12152,12144,12152,12144,12144,12152,760,780,760,720,840,780,4640,840,720,120,12144,32.28,51,0,735,13801,N/A,
1786726879.150,2026-08-14T19:01:19,124.016,12152,12136,12152,12144,12144,12144,960,980,980,920,1060,980,5880,1060,920,140,12136,65.09,53,2,2355,13801,N/A,
1786726879.645,2026-08-14T19:01:19,124.516,12144,12136,12144,12136,12136,12136,1100,1120,1140,1100,1240,1140,6840,1240,1100,140,12136,102.56,54,4,2947,13801,N/A,
1786726880.150,2026-08-14T19:01:20,125.017,12136,12128,12136,12128,12128,12136,1200,1220,1240,1180,1340,1260,7440,1340,1180,160,12128,116.21,54,4,2940,13801,N/A,
1786726880.644,2026-08-14T19:01:20,125.517,12136,12128,12136,12128,12128,12128,1240,1260,1240,1200,1380,1300,7620,1380,1200,180,12128,112.17,53,15,2917,13801,N/A,
1786726881.145,2026-08-14T19:01:21,126.017,12136,12128,12136,12128,12128,12128,1200,1220,1180,1120,1340,1260,7320,1340,1120,220,12128,101.53,53,18,2760,13801,N/A,
1786726881.645,2026-08-14T19:01:21,126.517,12136,12128,12136,12128,12128,12128,1200,1220,1180,1120,1340,1260,7320,1340,1120,220,12128,85.06,52,1,2610,13801,N/A,
1786726882.145,2026-08-14T19:01:22,127.017,12128,12120,12128,12128,12120,12128,1180,1200,1140,1080,1320,1220,7140,1320,1080,240,12120,71.80,52,2,2587,13801,N/A,
1786726882.647,2026-08-14T19:01:22,127.517,12128,12120,12128,12120,12120,12128,1140,1180,1080,1040,1280,1200,6920,1280,1040,240,12120,71.67,52,1,2587,13801,N/A,
1786726883.145,2026-08-14T19:01:23,128.017,12128,12120,12128,12120,12120,12128,1140,1160,1060,1020,1260,1180,6820,1260,1020,240,12120,71.70,52,5,2587,13801,N/A,
1786726883.645,2026-08-14T19:01:23,128.517,12128,12120,12128,12120,12120,12128,1120,1140,1020,980,1240,1160,6660,1240,980,260,12120,70.40,52,1,2595,13801,N/A,
1786726884.148,2026-08-14T19:01:24,129.017,12128,12120,12128,12120,12120,12128,1100,1140,1000,960,1240,1160,6600,1240,960,280,12120,69.87,52,1,2587,13801,N/A,
1786726884.645,2026-08-14T19:01:24,129.517,12128,12120,12128,12120,12120,12128,1100,1120,980,940,1220,1140,6500,1220,940,280,12120,69.89,52,0,2587,13801,N/A,
1786726885.145,2026-08-14T19:01:25,130.017,12128,12120,12128,12120,12120,12128,1080,1120,980,940,1220,1140,6480,1220,940,280,12120,70.65,52,1,2595,13801,N/A,
1786726885.645,2026-08-14T19:01:25,130.517,12128,12120,12128,12120,12120,12128,1060,1080,940,900,1180,1100,6260,1180,900,280,12120,70.37,52,2,2587,13801,N/A,
1786726886.148,2026-08-14T19:01:26,131.018,12136,12120,12128,12128,12120,12128,960,980,840,800,1080,1000,5660,1080,800,280,12120,67.84,52,2,2587,7001,N/A,
1786726886.649,2026-08-14T19:01:26,131.518,12136,12120,12128,12128,12120,12128,960,980,840,800,1080,1000,5660,1080,800,280,12120,52.48,51,3,690,810,N/A,
1786726887.148,2026-08-14T19:01:27,132.018,12136,12128,12136,12128,12128,12128,900,920,740,720,1000,920,5200,1000,720,280,12128,33.85,51,6,660,810,N/A,
1786726887.654,2026-08-14T19:01:27,132.518,12136,12128,12136,12128,12128,12128,840,860,700,680,940,880,4900,940,680,260,12128,34.58,51,11,547,810,N/A,
1786726888.147,2026-08-14T19:01:28,133.019,12136,12128,12136,12128,12128,12128,820,820,660,640,900,840,4680,900,640,260,12128,36.12,51,13,922,810,N/A,
1786726888.651,2026-08-14T19:01:28,133.519,12136,12128,12136,12128,12128,12128,800,820,660,620,900,840,4640,900,620,280,12128,38.80,51,6,1087,7001,N/A,
1786726889.147,2026-08-14T19:01:29,134.019,12136,12128,12136,12128,12128,12136,800,800,660,640,880,820,4600,880,640,240,12128,45.51,51,5,1425,7001,N/A,
1786726889.647,2026-08-14T19:01:29,134.519,12144,12136,12144,12136,12136,12136,760,780,640,620,840,800,4440,840,620,220,12136,49.12,51,0,1402,7001,N/A,
1786726890.147,2026-08-14T19:01:30,135.019,12144,12136,12144,12136,12136,12144,740,760,640,620,820,760,4340,820,620,200,12136,46.11,51,2,1320,7001,N/A,
1786726890.650,2026-08-14T19:01:30,135.519,12152,12136,12152,12144,12144,12144,720,720,640,620,800,740,4240,800,620,180,12136,43.46,51,0,1320,7001,N/A,
1786726891.148,2026-08-14T19:01:31,136.019,12152,12144,12152,12144,12144,12144,680,700,600,580,760,700,4020,760,580,180,12144,43.39,51,2,1335,810,N/A,
1786726891.650,2026-08-14T19:01:31,136.519,12152,12144,12152,12144,12144,12144,680,700,600,580,760,700,4020,760,580,180,12144,36.64,50,3,517,810,N/A,
1786726892.147,2026-08-14T19:01:32,137.019,12152,12144,12152,12144,12144,12152,640,640,560,540,700,660,3740,700,540,160,12144,25.30,50,0,277,810,N/A,
1786726892.647,2026-08-14T19:01:32,137.519,12152,12144,12152,12144,12144,12152,660,660,600,580,740,680,3920,740,580,160,12144,22.25,50,1,255,13801,N/A,
1786726893.147,2026-08-14T19:01:33,138.019,12152,12144,12152,12144,12144,12144,740,760,680,660,820,760,4420,820,660,160,12144,43.05,51,0,2580,13801,N/A,
1786726893.647,2026-08-14T19:01:33,138.519,12152,12136,12152,12144,12144,12144,800,820,760,740,900,840,4860,900,740,160,12136,64.00,52,0,2572,13801,N/A,
1786726894.147,2026-08-14T19:01:34,139.019,12144,12136,12144,12144,12136,12144,860,880,820,780,960,900,5200,960,780,180,12136,69.03,52,0,2595,13801,N/A,
1786726894.647,2026-08-14T19:01:34,139.519,12144,12136,12144,12136,12136,12144,900,940,880,840,1020,960,5540,1020,840,180,12136,71.50,52,0,2602,13801,N/A,
1786726895.147,2026-08-14T19:01:35,140.019,12144,12136,12144,12136,12136,12144,920,960,900,860,1040,980,5660,1040,860,180,12136,73.08,52,1,2580,13801,N/A,
1786726895.647,2026-08-14T19:01:35,140.520,12144,12136,12144,12136,12136,12144,940,980,940,880,1080,1020,5840,1080,880,200,12136,72.10,52,0,2587,13801,N/A,
1786726896.147,2026-08-14T19:01:36,141.020,12144,12136,12144,12136,12136,12144,940,980,940,880,1080,1020,5840,1080,880,200,12136,69.10,52,1,2580,13801,N/A,
1786726896.647,2026-08-14T19:01:36,141.520,12144,12136,12144,12136,12136,12144,980,1020,980,940,1100,1040,6060,1100,940,160,12136,71.56,52,4,2617,13801,N/A,
1786726897.147,2026-08-14T19:01:37,142.020,12144,12136,12144,12136,12136,12136,1020,1060,1040,980,1160,1080,6340,1160,980,180,12136,79.58,52,5,2715,13801,N/A,
1786726897.647,2026-08-14T19:01:37,142.520,12144,12136,12144,12136,12136,12136,1060,1100,1060,1000,1200,1120,6540,1200,1000,200,12136,82.61,52,5,2677,13801,N/A,
1786726898.147,2026-08-14T19:01:38,143.020,12144,12136,12144,12136,12136,12136,1080,1120,1100,1040,1220,1140,6700,1220,1040,180,12136,82.66,53,6,2722,13801,N/A,
1786726898.648,2026-08-14T19:01:38,143.520,12144,12128,12144,12136,12136,12136,1100,1140,1100,1060,1240,1160,6800,1240,1060,180,12128,82.65,52,4,2692,13801,N/A,
1786726899.148,2026-08-14T19:01:39,144.020,12144,12128,12144,12136,12136,12136,1120,1140,1120,1060,1260,1180,6880,1260,1060,200,12128,81.15,52,4,2685,13801,N/A,
1786726899.648,2026-08-14T19:01:39,144.520,12144,12136,12144,12136,12136,12136,1120,1140,1140,1080,1240,1180,6900,1240,1080,160,12136,80.27,52,4,2685,13801,N/A,
1786726900.148,2026-08-14T19:01:40,145.020,12144,12136,12144,12136,12136,12144,1040,1060,1060,1020,1160,1100,6440,1160,1020,140,12136,79.05,52,4,2700,7001,N/A,
1786726900.648,2026-08-14T19:01:40,145.520,12144,12136,12144,12136,12136,12144,1020,1040,1020,960,1120,1060,6220,1120,960,160,12136,67.69,52,3,1432,7001,N/A,
1786726901.148,2026-08-14T19:01:41,146.020,12144,12136,12144,12136,12136,12144,1020,1040,1020,960,1120,1060,6220,1120,960,160,12136,51.81,51,8,1072,13801,N/A,
1786726901.648,2026-08-14T19:01:41,146.520,12144,12136,12144,12136,12136,12136,1120,1140,1120,1080,1240,1180,6880,1240,1080,160,12136,72.88,53,3,2805,13801,N/A,
1786726902.148,2026-08-14T19:01:42,147.020,12136,12128,12136,12128,12128,12136,1220,1240,1240,1180,1360,1280,7520,1360,1180,180,12128,100.57,54,12,2932,13801,N/A,
1786726902.648,2026-08-14T19:01:42,147.520,12136,12128,12136,12128,12128,12136,1200,1220,1200,1140,1340,1260,7360,1340,1140,200,12128,100.71,53,3,2835,13801,N/A,
1786726903.148,2026-08-14T19:01:43,148.021,12136,12128,12136,12128,12128,12136,1180,1200,1180,1120,1320,1220,7220,1320,1120,200,12128,87.86,52,3,2640,13801,N/A,
1786726903.648,2026-08-14T19:01:43,148.521,12136,12128,12136,12128,12128,12136,1160,1180,1160,1100,1300,1220,7120,1300,1100,200,12128,76.73,52,3,2632,13801,N/A,
1786726904.148,2026-08-14T19:01:44,149.021,12144,12128,12144,12128,12128,12136,1140,1160,1140,1100,1280,1200,7020,1280,1100,180,12128,76.32,52,3,2647,13801,N/A,
1786726904.648,2026-08-14T19:01:44,149.521,12144,12128,12144,12136,12136,12136,1140,1160,1140,1080,1260,1180,6960,1260,1080,180,12128,76.05,52,3,2632,13801,N/A,
1786726905.148,2026-08-14T19:01:45,150.021,12144,12128,12144,12136,12136,12136,1120,1140,1120,1080,1260,1180,6900,1260,1080,180,12128,75.61,52,3,2632,13801,N/A,
1786726905.649,2026-08-14T19:01:45,150.521,12144,12128,12144,12136,12136,12136,1100,1120,1100,1060,1240,1160,6780,1240,1060,180,12128,75.74,52,3,2632,13801,N/A,
1786726906.149,2026-08-14T19:01:46,151.021,12144,12128,12144,12136,12136,12136,1100,1120,1100,1060,1240,1160,6780,1240,1060,180,12128,74.27,52,2,2647,7001,N/A,
1786726906.649,2026-08-14T19:01:46,151.521,12136,12128,12136,12128,12128,12136,1200,1220,1200,1160,1320,1260,7360,1320,1160,160,12128,84.22,53,8,2550,13801,N/A,
1786726907.149,2026-08-14T19:01:47,152.021,12136,12128,12136,12128,12128,12128,1280,1300,1300,1240,1420,1340,7880,1420,1240,180,12128,106.25,54,8,2932,13801,N/A,
1786726907.649,2026-08-14T19:01:47,152.521,12136,12128,12136,12128,12128,12128,1280,1320,1320,1260,1440,1360,7980,1440,1260,180,12128,107.95,53,1,2932,13801,N/A,
1786726908.149,2026-08-14T19:01:48,153.021,12136,12128,12136,12128,12128,12128,1320,1340,1340,1280,1480,1380,8140,1480,1280,200,12128,97.71,53,4,2932,13801,N/A,
1786726908.649,2026-08-14T19:01:48,153.521,12136,12120,12136,12128,12128,12128,1320,1360,1340,1280,1480,1380,8160,1480,1280,200,12120,97.74,54,11,2932,13801,N/A,
1786726909.149,2026-08-14T19:01:49,154.021,12136,12128,12136,12128,12128,12128,1300,1340,1320,1260,1460,1360,8040,1460,1260,200,12128,96.25,53,8,2752,13801,N/A,
1786726909.649,2026-08-14T19:01:49,154.521,12136,12128,12136,12128,12128,12128,1280,1320,1300,1240,1440,1340,7920,1440,1240,200,12128,90.23,53,8,2670,13801,N/A,
1786726910.149,2026-08-14T19:01:50,155.021,12136,12128,12136,12128,12128,12128,1280,1320,1280,1240,1440,1340,7900,1440,1240,200,12128,86.39,53,8,2677,13801,N/A,
1786726910.649,2026-08-14T19:01:50,155.522,12136,12128,12136,12128,12128,12128,1280,1300,1280,1220,1420,1320,7820,1420,1220,200,12128,86.53,53,8,2700,13801,N/A,
1786726911.149,2026-08-14T19:01:51,156.022,12136,12128,12136,12128,12128,12128,1280,1300,1280,1220,1420,1320,7820,1420,1220,200,12128,86.10,53,8,2677,13801,N/A,
1786726911.650,2026-08-14T19:01:51,156.522,12136,12128,12136,12128,12128,12128,1280,1300,1280,1220,1420,1320,7820,1420,1220,200,12128,87.19,53,8,2707,13801,N/A,
1786726912.150,2026-08-14T19:01:52,157.022,12136,12128,12136,12128,12128,12128,1240,1260,1220,1180,1380,1280,7560,1380,1180,200,12128,87.65,53,6,2707,7001,N/A,
1786726912.650,2026-08-14T19:01:52,157.522,12136,12128,12136,12128,12128,12136,1160,1200,1160,1120,1300,1220,7160,1300,1120,180,12128,75.82,52,7,1687,7001,N/A,
1786726913.150,2026-08-14T19:01:53,158.022,12136,12128,12136,12136,12128,12136,1120,1160,1100,1060,1260,1160,6860,1260,1060,200,12128,64.74,52,7,1627,7001,N/A,
1786726913.650,2026-08-14T19:01:53,158.522,12144,12136,12144,12136,12136,12136,1000,1020,980,940,1120,1040,6100,1120,940,180,12136,60.17,52,0,1575,7001,N/A,
1786726914.150,2026-08-14T19:01:54,159.022,12144,12136,12144,12136,12136,12144,920,940,900,860,1020,960,5600,1020,860,160,12136,47.07,51,0,697,7001,N/A,
1786726914.650,2026-08-14T19:01:54,159.522,12144,12136,12144,12136,12136,12144,920,940,880,840,1020,960,5560,1020,840,180,12136,38.26,52,6,540,7001,N/A,
1786726915.150,2026-08-14T19:01:55,160.022,12144,12136,12144,12144,12136,12144,900,920,860,840,1000,940,5460,1000,840,160,12136,51.00,52,6,1042,7001,N/A,
1786726915.653,2026-08-14T19:01:55,160.522,12152,12144,12152,12144,12144,12144,820,840,780,760,920,840,4960,920,760,160,12144,59.22,52,4,1020,7001,N/A,
1786726916.154,2026-08-14T19:01:56,161.022,12152,12144,12152,12144,12144,12144,820,840,780,760,920,840,4960,920,760,160,12144,44.23,51,0,405,810,N/A,
1786726916.653,2026-08-14T19:01:56,161.522,12152,12144,12152,12144,12144,12144,780,820,760,720,880,820,4780,880,720,160,12144,35.22,51,13,600,810,N/A,
1786726917.153,2026-08-14T19:01:57,162.022,12152,12144,12152,12144,12144,12144,760,780,720,700,840,800,4600,840,700,140,12144,35.86,51,6,675,810,N/A,
1786726917.655,2026-08-14T19:01:57,162.522,12152,12144,12152,12144,12144,12144,740,760,700,680,820,780,4480,820,680,140,12144,37.79,51,5,570,810,N/A,
1786726918.156,2026-08-14T19:01:58,163.022,12152,12144,12152,12144,12144,12152,720,740,680,660,800,760,4360,800,660,140,12144,36.95,51,5,540,810,N/A,
1786726918.658,2026-08-14T19:01:58,163.522,12152,12144,12152,12144,12144,12152,720,740,680,660,800,740,4340,800,660,140,12144,36.85,51,9,517,405,N/A,
1786726919.153,2026-08-14T19:01:59,164.023,12152,12144,12152,12144,12144,12152,720,720,680,640,800,740,4300,800,640,160,12144,37.66,51,9,600,405,N/A,
1786726919.659,2026-08-14T19:01:59,164.523,12152,12144,12152,12144,12144,12152,700,720,680,640,800,740,4280,800,640,160,12144,38.46,51,10,645,405,N/A,
1786726920.156,2026-08-14T19:02:00,165.023,12152,12144,12152,12144,12144,12152,720,740,680,660,800,740,4340,800,660,140,12144,38.98,51,10,622,405,N/A,
1786726920.659,2026-08-14T19:02:00,165.523,12152,12144,12152,12144,12144,12152,720,740,680,660,800,740,4340,800,660,140,12144,40.01,51,13,900,405,N/A,
1786726921.153,2026-08-14T19:02:01,166.023,12152,12144,12152,12144,12144,12152,720,740,680,660,800,740,4340,800,660,140,12144,41.18,51,9,855,405,N/A,
1786726921.652,2026-08-14T19:02:01,166.523,12152,12144,12152,12144,12144,12152,700,720,660,640,800,740,4260,800,640,160,12144,41.17,51,14,780,405,N/A,
1786726922.158,2026-08-14T19:02:02,167.023,12152,12144,12152,12152,12144,12152,660,680,620,580,740,680,3960,740,580,160,12144,33.18,51,0,435,405,N/A,
1786726922.651,2026-08-14T19:02:02,167.523,12152,12144,12152,12152,12144,12152,640,660,600,580,720,680,3880,720,580,140,12144,24.20,51,0,322,405,N/A,
1786726923.151,2026-08-14T19:02:03,168.023,12152,12144,12152,12144,12144,12144,760,800,720,700,860,780,4620,860,700,160,12144,35.85,52,10,870,13801,N/A,
1786726923.651,2026-08-14T19:02:03,168.523,12152,12144,12144,12144,12144,12144,840,880,800,780,940,880,5120,940,780,160,12144,61.97,52,5,2610,13801,N/A,
1786726924.151,2026-08-14T19:02:04,169.023,12144,12136,12144,12136,12136,12144,900,940,860,840,1000,960,5500,1000,840,160,12136,77.70,53,2,2632,13801,N/A,
1786726924.651,2026-08-14T19:02:04,169.523,12144,12144,12144,12144,12136,12144,880,920,840,820,980,920,5360,980,820,160,12136,77.39,52,4,2602,13801,N/A,
1786726925.152,2026-08-14T19:02:05,170.023,12152,12144,12144,12144,12144,12144,840,880,800,780,940,880,5120,940,780,160,12144,64.70,52,3,1447,7001,N/A,
1786726925.654,2026-08-14T19:02:05,170.523,12152,12144,12144,12144,12144,12144,840,880,800,780,940,880,5120,940,780,160,12144,50.11,52,3,892,7001,N/A,
1786726926.155,2026-08-14T19:02:06,171.023,12152,12144,12152,12144,12144,12144,800,840,760,740,920,860,4920,920,740,180,12144,46.72,51,4,772,810,N/A,
1786726926.654,2026-08-14T19:02:06,171.524,12152,12144,12152,12144,12144,12144,800,840,760,740,900,860,4900,900,740,160,12144,45.88,52,15,870,810,N/A,
1786726927.155,2026-08-14T19:02:07,172.024,12152,12144,12152,12144,12144,12144,800,820,740,720,880,840,4800,880,720,160,12144,45.83,52,20,967,810,N/A,
1786726927.654,2026-08-14T19:02:07,172.524,12152,12144,12152,12144,12144,12144,780,800,740,720,880,820,4740,880,720,160,12144,45.13,51,7,825,810,N/A,
1786726928.157,2026-08-14T19:02:08,173.024,12152,12144,12152,12144,12144,12144,780,800,740,720,880,820,4740,880,720,160,12144,44.61,52,14,757,810,N/A,
1786726928.654,2026-08-14T19:02:08,173.524,12152,12144,12152,12144,12144,12144,760,780,720,680,860,800,4600,860,680,180,12144,44.70,51,19,975,405,N/A,
1786726929.153,2026-08-14T19:02:09,174.024,12152,12144,12152,12144,12144,12152,680,700,640,620,780,720,4140,780,620,160,12144,40.01,51,0,915,405,N/A,
1786726929.653,2026-08-14T19:02:09,174.524,12160,12152,12160,12152,12152,12152,620,640,580,560,700,660,3760,700,560,140,12152,27.84,51,0,465,405,N/A,
1786726930.153,2026-08-14T19:02:10,175.024,12160,12152,12160,12152,12152,12152,580,600,520,520,640,600,3460,640,520,120,12152,22.77,51,0,405,405,N/A,
1786726934.958,2026-08-14T19:02:14,175.524,12128,12120,12128,12120,12120,12128,1540,1560,1580,1500,1720,1600,9500,1720,1500,220,12120,15.18,51,0,277,405,N/A,
1786726934.958,2026-08-14T19:02:14,179.835,12128,12120,12128,12120,12120,12128,1540,1560,1580,1500,1720,1600,9500,1720,1500,220,12120,15.18,51,0,277,405,N/A,
1786726935.463,2026-08-14T19:02:15,180.335,12128,12120,12128,12120,12120,12128,1560,1600,1620,1540,1760,1640,9720,1760,1540,220,12120,123.82,55,100,2932,13801,N/A,
1786726935.963,2026-08-14T19:02:15,180.835,12136,12120,12136,12128,12120,12128,1540,1560,1600,1520,1720,1600,9540,1720,1520,200,12120,120.02,54,0,2932,13801,N/A,
1786726936.463,2026-08-14T19:02:16,181.335,12136,12128,12136,12128,12128,12128,1500,1520,1540,1480,1660,1560,9260,1660,1480,180,12128,106.01,54,0,2932,13801,N/A,
1786726936.963,2026-08-14T19:02:16,181.835,12136,12128,12136,12128,12128,12128,1460,1480,1520,1440,1620,1520,9040,1620,1440,180,12128,96.68,54,0,2932,13801,N/A,
1786726937.463,2026-08-14T19:02:17,182.335,12144,12128,12144,12136,12136,12136,1360,1380,1400,1340,1520,1420,8420,1520,1340,180,12128,96.29,54,0,2932,13801,N/A,
1786726937.963,2026-08-14T19:02:17,182.835,12144,12136,12144,12136,12136,12144,1180,1200,1220,1160,1320,1220,7300,1320,1160,160,12136,79.38,52,0,1215,7001,N/A,
1786726938.464,2026-08-14T19:02:18,183.335,12144,12136,12144,12136,12136,12144,1180,1200,1220,1160,1320,1220,7300,1320,1160,160,12136,53.80,52,0,472,7001,N/A,
1786726938.964,2026-08-14T19:02:18,183.836,12152,12144,12152,12144,12144,12152,1020,1040,1040,1000,1140,1060,6300,1140,1000,140,12144,36.97,52,0,427,7001,N/A,
1786726939.464,2026-08-14T19:02:19,184.336,12160,12152,12160,12152,12152,12152,880,900,900,860,980,920,5440,980,860,120,12152,36.97,52,0,427,7001,N/A,
1786726939.964,2026-08-14T19:02:19,184.836,12160,12152,12160,12152,12152,12160,780,800,800,760,880,820,4840,880,760,120,12152,19.75,51,0,255,810,N/A,
1786726940.464,2026-08-14T19:02:20,185.336,12168,12152,12168,12160,12160,12160,700,700,700,680,780,720,4280,780,680,100,12152,19.75,51,0,255,810,N/A,
1786726940.964,2026-08-14T19:02:20,185.836,12168,12160,12168,12160,12160,12160,620,640,640,600,700,660,3860,700,600,100,12160,18.17,51,0,225,810,N/A,
1786726941.464,2026-08-14T19:02:21,186.336,12168,12160,12168,12160,12160,12168,560,580,580,540,640,600,3500,640,540,100,12160,18.17,51,0,225,810,N/A,
1786726941.964,2026-08-14T19:02:21,186.836,12168,12160,12168,12160,12160,12168,520,540,520,500,580,540,3200,580,500,80,12160,16.66,51,0,225,405,N/A,
1786726942.465,2026-08-14T19:02:22,187.336,12168,12160,12176,12168,12160,12168,480,500,500,460,540,520,3000,540,460,80,12160,16.66,51,0,225,405,N/A,
1786726942.965,2026-08-14T19:02:22,187.836,12176,12160,12176,12168,12168,12168,460,480,460,440,520,480,2840,520,440,80,12160,13.94,51,0,225,405,N/A,
1786726943.465,2026-08-14T19:02:23,188.336,12176,12160,12176,12168,12168,12168,460,480,460,440,520,480,2840,520,440,80,12160,13.94,51,0,225,405,N/A,
1786726943.965,2026-08-14T19:02:23,188.836,12176,12168,12176,12168,12168,12168,440,460,440,420,500,460,2720,500,420,80,12168,13.62,51,0,225,405,N/A,
1786726944.465,2026-08-14T19:02:24,189.336,12176,12168,12176,12168,12168,12168,420,440,420,400,480,440,2600,480,400,80,12168,13.62,51,0,225,405,N/A,
1786726944.965,2026-08-14T19:02:24,189.836,12176,12168,12176,12168,12168,12168,420,440,420,400,480,440,2600,480,400,80,12168,14.51,51,0,225,405,N/A,
1786726945.465,2026-08-14T19:02:25,190.336,12176,12168,12176,12168,12168,12168,420,420,420,400,460,440,2560,460,400,60,12168,14.93,51,0,225,405,N/A,
1786726945.965,2026-08-14T19:02:25,190.836,12176,12168,12176,12168,12168,12168,400,420,400,380,460,420,2480,460,380,80,12168,14.93,51,0,225,405,N/A,
1786726946.465,2026-08-14T19:02:26,191.336,12176,12168,12176,12168,12168,12168,400,400,400,380,440,420,2440,440,380,60,12168,14.19,51,0,225,405,N/A,
1786726946.965,2026-08-14T19:02:26,191.836,12176,12168,12176,12168,12168,12168,400,400,380,360,440,420,2400,440,360,80,12168,14.19,51,0,225,405,N/A,
1786726947.465,2026-08-14T19:02:27,192.337,12176,12168,12176,12168,12168,12168,380,400,380,360,440,400,2360,440,360,80,12168,13.55,51,0,225,405,N/A,
1786726947.965,2026-08-14T19:02:27,192.837,12176,12168,12176,12168,12168,12168,380,400,380,360,440,400,2360,440,360,80,12168,13.55,51,0,225,405,N/A,
1786726948.465,2026-08-14T19:02:28,193.337,12176,12168,12176,12168,12168,12168,380,400,380,360,440,400,2360,440,360,80,12168,13.71,51,0,225,405,N/A,
1786726948.965,2026-08-14T19:02:28,193.837,12176,12168,12176,12168,12168,12168,380,400,380,360,420,400,2340,420,360,60,12168,13.71,51,0,225,405,N/A,
1786726949.465,2026-08-14T19:02:29,194.337,12176,12168,12176,12168,12168,12168,380,380,380,360,420,400,2320,420,360,60,12168,13.61,51,0,225,405,N/A,
1786726949.965,2026-08-14T19:02:29,194.837,12176,12168,12176,12168,12168,12168,380,380,380,360,420,400,2320,420,360,60,12168,13.61,51,0,225,405,N/A,
1786726950.465,2026-08-14T19:02:30,195.337,12176,12168,12176,12168,12168,12168,380,380,380,360,420,400,2320,420,360,60,12168,13.62,51,0,225,405,N/A,
1786726950.966,2026-08-14T19:02:30,195.837,12176,12168,12176,12168,12168,12168,380,380,360,360,420,400,2300,420,360,60,12168,13.62,51,0,225,405,N/A,
1786726951.467,2026-08-14T19:02:31,196.337,12176,12168,12176,12168,12168,12168,380,380,380,360,420,400,2320,420,360,60,12168,13.46,51,0,225,405,N/A,
1786726951.967,2026-08-14T19:02:31,196.837,12176,12168,12176,12168,12168,12168,380,400,380,360,420,400,2340,420,360,60,12168,13.88,51,0,232,405,N/A,
1786726952.471,2026-08-14T19:02:32,197.337,12176,12168,12176,12168,12168,12168,380,400,380,360,440,400,2360,440,360,80,12168,14.50,51,0,225,405,N/A,
1786726952.969,2026-08-14T19:02:32,197.837,12176,12168,12176,12168,12168,12176,380,400,380,360,420,400,2340,420,360,60,12168,15.68,51,0,225,405,N/A,
1786726953.469,2026-08-14T19:02:33,198.337,12176,12168,12176,12168,12168,12176,380,400,380,360,420,400,2340,420,360,60,12168,15.68,51,0,225,405,N/A,
1786726953.970,2026-08-14T19:02:33,198.837,12176,12168,12176,12168,12168,12168,380,400,380,360,420,400,2340,420,360,60,12168,13.89,51,0,225,405,N/A,
1786726954.470,2026-08-14T19:02:34,199.337,12176,12168,12176,12168,12168,12168,380,400,380,360,420,400,2340,420,360,60,12168,13.89,51,0,225,405,N/A,
1786726954.968,2026-08-14T19:02:34,199.838,12176,12168,12176,12168,12168,12168,380,400,380,360,420,400,2340,420,360,60,12168,13.58,51,0,225,405,N/A,
1786726955.471,2026-08-14T19:02:35,200.338,12176,12168,12176,12168,12168,12168,380,380,380,360,420,400,2320,420,360,60,12168,13.58,51,0,225,405,N/A,
1786726955.971,2026-08-14T19:02:35,200.838,12176,12168,12176,12168,12168,12176,380,380,380,360,420,400,2320,420,360,60,12168,13.58,51,0,225,405,N/A,
1786726956.468,2026-08-14T19:02:36,201.338,12176,12168,12176,12168,12168,12168,380,400,380,360,440,400,2360,440,360,80,12168,13.58,51,0,225,405,N/A,
1786726956.966,2026-08-14T19:02:36,201.838,12176,12168,12176,12168,12168,12168,380,400,380,360,440,400,2360,440,360,80,12168,14.09,51,0,225,405,N/A,
1786726957.471,2026-08-14T19:02:37,202.338,12176,12168,12176,12168,12168,12168,380,400,380,360,440,400,2360,440,360,80,12168,14.29,51,0,225,405,N/A,
1786726957.975,2026-08-14T19:02:37,202.838,12176,12168,12176,12168,12168,12168,380,400,380,360,440,400,2360,440,360,80,12168,14.35,51,0,225,405,N/A,
1786726958.469,2026-08-14T19:02:38,203.338,12176,12168,12176,12168,12168,12168,380,400,380,360,440,400,2360,440,360,80,12168,14.35,51,0,225,405,N/A,
1786726958.966,2026-08-14T19:02:38,203.838,12176,12168,12176,12168,12168,12168,380,400,380,360,440,400,2360,440,360,80,12168,14.20,51,0,225,405,N/A,
1786726959.471,2026-08-14T19:02:39,204.338,12176,12168,12176,12168,12168,12176,380,400,380,360,440,400,2360,440,360,80,12168,14.43,51,0,225,405,N/A,
1786726959.972,2026-08-14T19:02:39,204.838,12176,12168,12176,12168,12168,12168,400,400,380,360,440,400,2380,440,360,80,12168,15.05,51,0,225,405,N/A,
1786726960.472,2026-08-14T19:02:40,205.338,12176,12168,12176,12168,12168,12176,380,400,380,360,440,400,2360,440,360,80,12168,15.05,51,0,225,405,N/A,
1786726960.972,2026-08-14T19:02:40,205.838,12176,12168,12176,12168,12168,12168,380,400,380,360,440,400,2360,440,360,80,12168,13.77,51,0,225,405,N/A,
1786726961.471,2026-08-14T19:02:41,206.338,12176,12168,12176,12168,12168,12176,380,400,380,360,440,400,2360,440,360,80,12168,13.77,51,0,225,405,N/A,
1786726961.972,2026-08-14T19:02:41,206.838,12176,12168,12176,12168,12168,12176,380,400,380,360,440,400,2360,440,360,80,12168,13.62,51,0,225,405,N/A,
1786726962.472,2026-08-14T19:02:42,207.339,12176,12168,12176,12168,12168,12176,380,400,380,360,440,400,2360,440,360,80,12168,13.62,51,0,225,405,N/A,
1786726962.972,2026-08-14T19:02:42,207.839,12176,12168,12176,12168,12168,12176,380,400,380,360,420,400,2340,420,360,60,12168,13.62,51,0,217,405,N/A,
1786726963.472,2026-08-14T19:02:43,208.339,12176,12168,12176,12168,12168,12176,380,400,380,360,420,400,2340,420,360,60,12168,13.62,51,0,217,405,N/A,
1786726963.972,2026-08-14T19:02:43,208.839,12176,12168,12176,12168,12168,12176,380,400,380,360,420,400,2340,420,360,60,12168,13.48,51,0,225,405,N/A,
1786726964.472,2026-08-14T19:02:44,209.339,12176,12168,12176,12168,12168,12176,380,400,380,360,420,400,2340,420,360,60,12168,13.48,51,0,225,405,N/A,
1786726964.973,2026-08-14T19:02:44,209.839,12176,12168,12176,12168,12168,12176,380,400,380,360,440,400,2360,440,360,80,12168,13.63,50,0,225,405,N/A,
1786726965.473,2026-08-14T19:02:45,210.339,12176,12168,12176,12168,12168,12176,380,380,380,360,420,400,2320,420,360,60,12168,13.63,50,0,225,405,N/A,
1786726965.970,2026-08-14T19:02:45,210.839,12176,12168,12176,12168,12168,12168,380,400,380,360,440,400,2360,440,360,80,12168,13.82,51,0,225,405,N/A,
1786726966.467,2026-08-14T19:02:46,211.339,12176,12168,12176,12168,12168,12176,380,400,380,360,440,400,2360,440,360,80,12168,14.17,50,0,225,405,N/A,
1786726966.973,2026-08-14T19:02:46,211.839,12176,12168,12176,12168,12168,12176,380,400,380,360,440,400,2360,440,360,80,12168,14.80,51,0,225,405,N/A,
1786726967.473,2026-08-14T19:02:47,212.339,12176,12168,12176,12168,12168,12176,380,400,380,360,440,400,2360,440,360,80,12168,14.80,51,0,225,405,N/A,
1786726967.973,2026-08-14T19:02:47,212.839,12176,12168,12176,12168,12168,12176,380,400,380,360,440,400,2360,440,360,80,12168,13.42,50,0,225,405,N/A,
1786726968.474,2026-08-14T19:02:48,213.339,12176,12168,12176,12168,12168,12176,380,400,380,360,420,400,2340,420,360,60,12168,13.42,50,0,225,405,N/A,
1786726968.973,2026-08-14T19:02:48,213.839,12176,12168,12176,12168,12168,12176,380,400,380,360,420,400,2340,420,360,60,12168,12.62,50,0,225,405,N/A,
1786726969.474,2026-08-14T19:02:49,214.339,12176,12168,12176,12168,12168,12176,380,400,380,360,420,400,2340,420,360,60,12168,12.62,50,0,225,405,N/A,
1786726969.973,2026-08-14T19:02:49,214.840,12176,12168,12176,12168,12168,12176,380,400,380,360,420,400,2340,420,360,60,12168,13.66,50,0,225,405,N/A,
1786726970.474,2026-08-14T19:02:50,215.340,12176,12168,12176,12168,12168,12176,380,380,380,360,420,400,2320,420,360,60,12168,13.66,50,0,225,405,N/A,
1786726970.973,2026-08-14T19:02:50,215.840,12176,12168,12176,12168,12168,12176,380,400,380,360,420,400,2340,420,360,60,12168,12.94,50,0,225,405,N/A,
1786726971.473,2026-08-14T19:02:51,216.340,12176,12168,12176,12168,12168,12176,380,380,380,360,420,400,2320,420,360,60,12168,12.94,50,0,225,405,N/A,
1786726971.973,2026-08-14T19:02:51,216.840,12176,12168,12176,12168,12168,12176,380,380,380,360,420,400,2320,420,360,60,12168,13.82,50,0,225,405,N/A,
1786726972.474,2026-08-14T19:02:52,217.340,12176,12168,12176,12168,12168,12176,380,380,380,360,420,400,2320,420,360,60,12168,13.82,50,0,225,405,N/A,
1786726972.969,2026-08-14T19:02:52,217.840,12176,12168,12176,12168,12168,12176,380,380,380,360,420,400,2320,420,360,60,12168,13.69,50,0,225,405,N/A,
1786726973.468,2026-08-14T19:02:53,218.340,12176,12168,12176,12168,12168,12176,380,400,380,360,440,400,2360,440,360,80,12168,14.03,50,0,240,405,N/A,
1786726973.973,2026-08-14T19:02:53,218.840,12176,12168,12176,12168,12168,12176,380,400,380,360,440,400,2360,440,360,80,12168,14.19,50,0,225,405,N/A,
1786726974.473,2026-08-14T19:02:54,219.340,12176,12168,12176,12168,12168,12176,380,400,380,360,440,400,2360,440,360,80,12168,14.81,50,0,217,405,N/A,
1786726974.974,2026-08-14T19:02:54,219.840,12176,12168,12176,12168,12168,12176,380,400,380,360,420,400,2340,420,360,60,12168,14.81,50,0,217,405,N/A,
1786726975.473,2026-08-14T19:02:55,220.340,12176,12168,12176,12168,12168,12176,380,400,380,360,440,400,2360,440,360,80,12168,13.31,50,0,225,405,N/A,
1786726975.974,2026-08-14T19:02:55,220.840,12176,12168,12176,12168,12168,12176,380,400,380,360,440,400,2360,440,360,80,12168,13.31,50,0,225,405,N/A,
1786726976.473,2026-08-14T19:02:56,221.340,12176,12168,12176,12168,12168,12176,380,380,380,360,420,400,2320,420,360,60,12168,13.79,50,0,225,405,N/A,
1786726976.971,2026-08-14T19:02:56,221.840,12176,12168,12176,12168,12168,12176,380,380,380,360,420,400,2320,420,360,60,12168,13.79,50,0,225,405,N/A,
1786726977.474,2026-08-14T19:02:57,222.340,12176,12168,12176,12168,12168,12176,380,400,380,360,420,400,2340,420,360,60,12168,13.93,50,0,225,405,N/A,
1786726977.974,2026-08-14T19:02:57,222.840,12176,12168,12176,12168,12168,12176,380,400,380,360,420,400,2340,420,360,60,12168,13.93,50,0,225,405,N/A,
1786726978.474,2026-08-14T19:02:58,223.341,12176,12168,12176,12168,12168,12176,380,400,380,360,420,400,2340,420,360,60,12168,13.77,50,0,225,405,N/A,
1786726978.974,2026-08-14T19:02:58,223.841,12176,12168,12176,12168,12168,12176,380,380,380,360,420,400,2320,420,360,60,12168,13.77,50,0,225,405,N/A,
1786726979.474,2026-08-14T19:02:59,224.341,12176,12168,12176,12168,12168,12176,380,380,380,360,420,400,2320,420,360,60,12168,13.87,50,0,225,405,N/A,
1786726979.974,2026-08-14T19:02:59,224.841,12176,12168,12176,12168,12168,12176,380,400,380,360,420,400,2340,420,360,60,12168,13.87,50,0,225,405,N/A,
1786726980.469,2026-08-14T19:03:00,225.341,12176,12168,12176,12168,12168,12176,380,400,380,360,440,400,2360,440,360,80,12168,14.26,50,0,225,405,N/A,
1786726980.974,2026-08-14T19:03:00,225.841,12176,12168,12176,12168,12168,12176,380,400,380,360,440,400,2360,440,360,80,12168,14.69,50,0,225,405,N/A,
1786726981.475,2026-08-14T19:03:01,226.341,12176,12168,12176,12168,12168,12176,380,400,380,360,440,400,2360,440,360,80,12168,15.40,50,0,225,405,N/A,
1786726981.975,2026-08-14T19:03:01,226.841,12176,12168,12176,12168,12168,12176,380,400,380,360,440,400,2360,440,360,80,12168,15.40,50,0,225,405,N/A,
1786726982.475,2026-08-14T19:03:02,227.341,12176,12168,12176,12168,12168,12176,380,400,380,360,420,400,2340,420,360,60,12168,13.82,50,0,225,405,N/A,
1786726982.975,2026-08-14T19:03:02,227.841,12176,12168,12176,12168,12168,12176,380,400,380,360,420,400,2340,420,360,60,12168,13.82,50,0,225,405,N/A,
1786726983.475,2026-08-14T19:03:03,228.341,12176,12168,12176,12168,12168,12176,380,400,380,360,420,400,2340,420,360,60,12168,13.52,50,0,225,405,N/A,
1786726983.975,2026-08-14T19:03:03,228.841,12176,12168,12176,12168,12168,12176,380,400,380,360,420,400,2340,420,360,60,12168,13.52,50,0,225,405,N/A,
1786726984.475,2026-08-14T19:03:04,229.341,12176,12168,12176,12168,12168,12176,380,400,380,360,420,400,2340,420,360,60,12168,13.77,50,0,225,405,N/A,
1786726984.975,2026-08-14T19:03:04,229.841,12176,12168,12176,12168,12168,12176,380,380,380,360,420,400,2320,420,360,60,12168,13.77,50,0,225,405,N/A,
1786726985.475,2026-08-14T19:03:05,230.342,12176,12168,12176,12168,12168,12176,380,380,380,360,420,400,2320,420,360,60,12168,13.53,50,0,217,405,N/A,
1786726985.976,2026-08-14T19:03:05,230.842,12176,12168,12176,12168,12168,12176,380,380,380,360,420,400,2320,420,360,60,12168,13.53,50,0,217,405,N/A,
1786726986.476,2026-08-14T19:03:06,231.342,12176,12168,12176,12168,12168,12176,380,380,380,360,420,400,2320,420,360,60,12168,13.36,50,0,225,405,N/A,
1786726986.975,2026-08-14T19:03:06,231.842,12176,12168,12176,12168,12168,12176,380,380,380,360,420,400,2320,420,360,60,12168,13.36,50,0,225,405,N/A,
1786726987.473,2026-08-14T19:03:07,232.342,12176,12168,12176,12168,12168,12176,380,400,380,360,440,400,2360,440,360,80,12168,13.08,50,0,225,405,N/A,
1786726987.971,2026-08-14T19:03:07,232.842,12176,12168,12176,12168,12168,12176,380,400,380,360,440,400,2360,440,360,80,12168,13.40,50,0,225,405,N/A,
1786726988.475,2026-08-14T19:03:08,233.342,12176,12168,12176,12168,12168,12176,380,400,380,360,440,400,2360,440,360,80,12168,14.27,50,0,225,405,N/A,
1786726988.976,2026-08-14T19:03:08,233.842,12176,12168,12176,12168,12168,12176,380,400,380,360,440,400,2360,440,360,80,12168,14.27,50,0,225,405,N/A,
1786726989.476,2026-08-14T19:03:09,234.342,12176,12168,12176,12168,12168,12176,380,400,380,360,440,400,2360,440,360,80,12168,13.00,50,0,225,405,N/A,
1786726989.975,2026-08-14T19:03:09,234.842,12176,12168,12176,12168,12168,12176,380,400,380,360,440,400,2360,440,360,80,12168,13.00,50,0,225,405,N/A,
1786726990.476,2026-08-14T19:03:10,235.342,12176,12168,12176,12168,12168,12176,380,400,380,360,440,400,2360,440,360,80,12168,13.25,50,0,225,405,N/A,
1786726990.976,2026-08-14T19:03:10,235.842,12176,12168,12176,12168,12168,12176,380,400,380,360,420,400,2340,420,360,60,12168,13.25,50,0,225,405,N/A,
1786726991.476,2026-08-14T19:03:11,236.342,12176,12168,12176,12168,12168,12176,380,380,380,360,420,400,2320,420,360,60,12168,12.67,50,0,225,405,N/A,
1786726991.972,2026-08-14T19:03:11,236.842,12176,12168,12176,12168,12168,12176,380,400,380,360,420,400,2340,420,360,60,12168,12.67,50,0,225,405,N/A,
1786726992.471,2026-08-14T19:03:12,237.342,12176,12168,12176,12168,12168,12176,380,400,380,360,420,400,2340,420,360,60,12168,12.99,50,0,285,405,N/A,
1786726992.971,2026-08-14T19:03:12,237.842,12176,12168,12176,12168,12168,12176,380,380,380,360,420,400,2320,420,360,60,12168,13.03,50,0,225,405,N/A,
1786726993.471,2026-08-14T19:03:13,238.343,12176,12168,12176,12168,12168,12176,380,380,360,340,420,400,2280,420,340,80,12168,12.94,50,0,225,405,N/A,
1786726993.971,2026-08-14T19:03:13,238.843,12176,12168,12176,12168,12168,12176,360,380,360,340,420,380,2240,420,340,80,12168,12.94,50,0,225,405,N/A,
1786726994.471,2026-08-14T19:03:14,239.343,12176,12168,12176,12168,12168,12176,360,360,360,340,400,380,2200,400,340,60,12168,10.15,50,0,225,405,N/A,
1786726994.971,2026-08-14T19:03:14,239.843,12176,12168,12176,12168,12168,12176,360,380,360,340,400,380,2220,400,340,60,12168,10.34,50,0,240,405,N/A,
1786726995.476,2026-08-14T19:03:15,240.343,12176,12168,12176,12168,12168,12176,360,380,360,340,420,380,2240,420,340,80,12168,11.22,50,0,225,405,N/A,
1786726995.976,2026-08-14T19:03:15,240.843,12176,12168,12176,12168,12168,12176,360,380,360,340,420,380,2240,420,340,80,12168,11.35,50,0,225,405,N/A,
1786726996.476,2026-08-14T19:03:16,241.343,12176,12168,12176,12168,12168,12176,380,380,360,340,420,380,2260,420,340,80,12168,11.35,50,0,225,405,N/A,
1786726996.976,2026-08-14T19:03:16,241.843,12176,12168,12176,12168,12168,12176,380,380,360,340,420,380,2260,420,340,80,12168,12.72,50,0,217,405,N/A,
1786726997.476,2026-08-14T19:03:17,242.343,12176,12168,12176,12168,12168,12176,380,380,360,340,420,380,2260,420,340,80,12168,12.72,50,0,217,405,N/A,
1786726997.975,2026-08-14T19:03:17,242.843,12176,12168,12176,12168,12168,12176,380,380,360,340,420,400,2280,420,340,80,12168,12.67,50,0,225,405,N/A,
1786726998.477,2026-08-14T19:03:18,243.343,12176,12168,12176,12168,12168,12176,380,380,360,360,420,400,2300,420,360,60,12168,12.67,50,0,225,405,N/A,
1786726998.977,2026-08-14T19:03:18,243.843,12176,12168,12176,12168,12168,12176,380,380,380,360,420,400,2320,420,360,60,12168,12.78,50,0,225,405,N/A,
1786726999.477,2026-08-14T19:03:19,244.343,12176,12168,12176,12168,12168,12176,380,380,360,360,420,400,2300,420,360,60,12168,12.78,50,0,225,405,N/A,
1786726999.977,2026-08-14T19:03:19,244.843,12176,12168,12176,12168,12168,12176,380,380,360,360,420,400,2300,420,360,60,12168,12.80,50,0,225,405,N/A,
1786727000.477,2026-08-14T19:03:20,245.343,12176,12168,12176,12168,12168,12176,380,380,380,360,420,400,2320,420,360,60,12168,12.80,50,0,225,405,N/A,
1786727000.977,2026-08-14T19:03:20,245.843,12176,12168,12176,12168,12168,12176,380,380,380,360,420,400,2320,420,360,60,12168,12.91,50,0,225,405,N/A,
1786727001.475,2026-08-14T19:03:21,246.343,12176,12168,12176,12168,12168,12176,380,400,380,360,420,400,2340,420,360,60,12168,12.91,50,0,225,405,N/A,
1786727001.972,2026-08-14T19:03:21,246.844,12176,12168,12176,12168,12168,12176,380,400,380,360,440,400,2360,440,360,80,12168,13.43,50,0,225,405,N/A,
1786727002.477,2026-08-14T19:03:22,247.344,12176,12168,12176,12168,12168,12176,380,400,380,360,440,400,2360,440,360,80,12168,13.72,50,0,225,405,N/A,
1786727002.977,2026-08-14T19:03:22,247.844,12176,12168,12176,12168,12168,12176,380,400,380,360,440,400,2360,440,360,80,12168,14.18,50,0,225,405,N/A,
1786727003.477,2026-08-14T19:03:23,248.344,12176,12168,12176,12168,12168,12176,380,400,380,360,420,400,2340,420,360,60,12168,14.18,50,0,225,405,N/A,
1786727003.978,2026-08-14T19:03:23,248.844,12176,12168,12176,12168,12168,12176,380,400,380,360,420,400,2340,420,360,60,12168,12.65,50,0,225,405,N/A,
1786727004.478,2026-08-14T19:03:24,249.344,12176,12168,12176,12168,12168,12176,380,400,380,360,420,400,2340,420,360,60,12168,12.65,50,0,225,405,N/A,
1786727004.978,2026-08-14T19:03:24,249.844,12176,12168,12176,12168,12168,12176,380,400,380,360,420,400,2340,420,360,60,12168,12.78,50,0,225,405,N/A,
1786727005.477,2026-08-14T19:03:25,250.344,12176,12168,12176,12168,12168,12176,380,380,380,360,420,400,2320,420,360,60,12168,12.78,50,0,225,405,N/A,
1786727005.974,2026-08-14T19:03:25,250.844,12176,12168,12176,12168,12168,12176,380,400,380,360,420,400,2340,420,360,60,12168,12.83,50,0,225,405,N/A,
1786727006.479,2026-08-14T19:03:26,251.344,12176,12168,12176,12168,12168,12176,380,380,380,360,420,400,2320,420,360,60,12168,12.81,50,0,247,405,N/A,
1786727006.973,2026-08-14T19:03:26,251.844,12176,12168,12176,12168,12168,12176,380,380,360,360,420,400,2300,420,360,60,12168,12.53,50,0,225,405,N/A,
1786727007.473,2026-08-14T19:03:27,252.344,12176,12168,12176,12168,12168,12176,380,380,360,360,420,400,2300,420,360,60,12168,12.65,50,0,225,405,N/A,
1786727007.973,2026-08-14T19:03:27,252.844,12176,12168,12176,12168,12168,12176,360,380,360,340,420,380,2240,420,340,80,12168,12.65,50,0,225,405,N/A,
1786727008.473,2026-08-14T19:03:28,253.344,12176,12168,12176,12176,12168,12176,360,380,360,340,400,380,2220,400,340,60,12168,10.16,50,0,225,405,N/A,
1786727008.973,2026-08-14T19:03:28,253.844,12176,12168,12176,12168,12168,12176,360,360,360,340,400,380,2200,400,340,60,12168,9.91,50,0,225,405,N/A,
1786727009.473,2026-08-14T19:03:29,254.344,12176,12168,12176,12176,12168,12176,360,380,360,340,400,380,2220,400,340,60,12168,10.88,50,0,225,405,N/A,
1786727009.978,2026-08-14T19:03:29,254.845,12176,12168,12176,12168,12168,12176,360,380,360,340,400,380,2220,400,340,60,12168,11.15,50,0,225,405,N/A,
1786727010.478,2026-08-14T19:03:30,255.345,12176,12168,12176,12168,12168,12176,360,380,360,340,420,380,2240,420,340,80,12168,11.15,50,0,225,405,N/A,
1786727010.978,2026-08-14T19:03:30,255.845,12176,12168,12176,12168,12168,12176,380,380,360,340,420,380,2260,420,340,80,12168,12.67,50,0,225,405,N/A,
1786727011.478,2026-08-14T19:03:31,256.345,12176,12168,12176,12176,12168,12176,380,380,360,340,420,380,2260,420,340,80,12168,12.67,50,0,225,405,N/A,
1786727011.978,2026-08-14T19:03:31,256.845,12176,12168,12176,12176,12168,12176,380,380,360,340,420,380,2260,420,340,80,12168,12.86,50,0,225,405,N/A,
1786727012.478,2026-08-14T19:03:32,257.345,12176,12168,12176,12176,12168,12176,380,380,360,340,420,380,2260,420,340,80,12168,12.86,50,0,225,405,N/A,
1786727012.978,2026-08-14T19:03:32,257.845,12176,12168,12176,12168,12168,12176,380,380,360,360,420,400,2300,420,360,60,12168,12.67,50,0,225,405,N/A,
1786727013.478,2026-08-14T19:03:33,258.345,12176,12168,12176,12168,12168,12176,380,380,360,360,420,400,2300,420,360,60,12168,12.67,50,0,225,405,N/A,
1786727013.978,2026-08-14T19:03:33,258.845,12176,12168,12176,12168,12168,12176,380,380,380,360,420,400,2320,420,360,60,12168,13.07,50,0,225,405,N/A,
1786727014.478,2026-08-14T19:03:34,259.345,12176,12168,12176,12176,12168,12176,380,380,360,360,420,400,2300,420,360,60,12168,13.07,50,0,225,405,N/A,
1786727014.974,2026-08-14T19:03:34,259.845,12176,12168,12176,12168,12168,12176,380,380,360,360,420,400,2300,420,360,60,12168,12.70,50,0,225,405,N/A,
1786727015.479,2026-08-14T19:03:35,260.345,12176,12168,12176,12168,12168,12176,380,380,380,360,420,400,2320,420,360,60,12168,12.70,50,0,225,405,N/A,
1786727015.976,2026-08-14T19:03:35,260.845,12176,12168,12176,12168,12168,12176,380,380,380,360,420,400,2320,420,360,60,12168,12.86,50,0,225,405,N/A,
1786727016.478,2026-08-14T19:03:36,261.345,12176,12168,12176,12168,12168,12176,400,400,380,360,440,400,2380,440,360,80,12168,13.71,50,0,240,405,N/A,
1786727016.975,2026-08-14T19:03:36,261.845,12176,12168,12176,12168,12168,12176,380,400,380,360,440,400,2360,440,360,80,12168,15.33,50,1,225,405,N/A,
1786727017.474,2026-08-14T19:03:37,262.345,12176,12168,12176,12168,12168,12176,380,400,380,360,440,400,2360,440,360,80,12168,14.90,50,0,225,405,N/A,
1786727017.978,2026-08-14T19:03:37,262.846,12176,12168,12176,12168,12168,12176,380,400,380,360,440,400,2360,440,360,80,12168,13.19,50,0,225,405,N/A,
1786727018.474,2026-08-14T19:03:38,263.346,12176,12168,12176,12168,12168,12176,380,400,380,360,440,400,2360,440,360,80,12168,12.62,50,1,225,405,N/A,
1786727018.979,2026-08-14T19:03:38,263.846,12176,12168,12176,12168,12168,12176,400,400,380,380,440,420,2420,440,380,60,12168,15.20,50,1,450,405,N/A,
1786727019.476,2026-08-14T19:03:39,264.346,12176,12168,12176,12168,12168,12168,440,460,440,420,500,460,2720,500,420,80,12168,19.53,50,15,225,405,N/A,
1786727019.978,2026-08-14T19:03:39,264.846,12176,12168,12176,12168,12168,12168,440,460,440,420,500,460,2720,500,420,80,12168,23.70,50,0,652,405,N/A,
1786727020.478,2026-08-14T19:03:40,265.346,12176,12168,12176,12168,12168,12168,460,500,500,460,560,500,2980,560,460,100,12168,28.35,51,8,532,405,N/A,
1786727020.975,2026-08-14T19:03:40,265.846,12176,12168,12176,12168,12168,12168,460,500,500,460,540,500,2960,540,460,80,12168,26.28,50,1,712,405,N/A,
1786727021.476,2026-08-14T19:03:41,266.346,12176,12168,12176,12168,12168,12168,480,520,520,480,580,500,3080,580,480,100,12168,24.03,50,0,562,405,N/A,
1786727021.976,2026-08-14T19:03:41,266.846,12176,12168,12176,12168,12168,12168,480,520,520,480,580,500,3080,580,480,100,12168,23.65,50,0,645,405,N/A,
1786727022.476,2026-08-14T19:03:42,267.346,12168,12168,12176,12168,12160,12168,560,580,580,540,640,580,3480,640,540,100,12160,38.74,51,8,1515,810,N/A,
1786727022.976,2026-08-14T19:03:42,267.846,12168,12168,12176,12168,12160,12168,560,580,600,560,640,580,3520,640,560,80,12160,38.55,51,1,1057,405,N/A,
1786727023.475,2026-08-14T19:03:43,268.346,12176,12168,12176,12168,12168,12168,560,580,580,540,640,580,3480,640,540,100,12168,30.61,51,1,742,405,N/A,
1786727023.978,2026-08-14T19:03:43,268.846,12176,12168,12176,12168,12160,12168,560,560,580,540,640,580,3460,640,540,100,12160,28.06,50,1,750,405,N/A,
1786727024.476,2026-08-14T19:03:44,269.346,12168,12160,12176,12160,12160,12168,600,600,620,560,680,600,3660,680,560,120,12160,34.71,51,6,1042,405,N/A,
1786727024.983,2026-08-14T19:03:44,269.846,12176,12160,12176,12168,12160,12168,560,560,580,540,640,580,3460,640,540,100,12160,32.01,50,0,600,405,N/A,
1786727025.484,2026-08-14T19:03:45,270.347,12168,12160,12176,12168,12160,12168,560,560,580,540,620,560,3420,620,540,80,12160,23.42,51,20,382,405,N/A,
1786727025.975,2026-08-14T19:03:45,270.847,12168,12160,12176,12160,12160,12168,560,560,560,540,620,560,3400,620,540,80,12160,25.00,51,3,585,405,N/A,
1786727026.482,2026-08-14T19:03:46,271.347,12168,12160,12168,12160,12160,12168,560,560,560,540,620,580,3420,620,540,80,12160,27.38,50,1,727,405,N/A,
1786727026.977,2026-08-14T19:03:46,271.847,12168,12160,12168,12160,12160,12168,560,560,560,540,620,580,3420,620,540,80,12160,29.38,51,20,772,405,N/A,
1786727027.475,2026-08-14T19:03:47,272.347,12168,12160,12168,12160,12160,12160,580,600,580,540,660,600,3560,660,540,120,12160,33.16,50,0,682,405,N/A,
1786727027.977,2026-08-14T19:03:47,272.847,12168,12160,12168,12160,12160,12168,540,540,520,500,600,560,3260,600,500,100,12160,25.63,50,0,225,405,N/A,
1786727028.479,2026-08-14T19:03:48,273.347,12176,12160,12176,12168,12168,12168,500,520,500,480,560,520,3080,560,480,80,12160,14.68,50,0,277,405,N/A,
1786727028.976,2026-08-14T19:03:48,273.847,12176,12168,12176,12168,12168,12168,500,500,500,460,560,520,3040,560,460,100,12168,17.88,50,2,255,405,N/A,
1786727029.480,2026-08-14T19:03:49,274.347,12176,12168,12176,12168,12168,12168,460,480,460,440,520,480,2840,520,440,80,12168,17.10,50,0,225,405,N/A,
1786727029.980,2026-08-14T19:03:49,274.847,12176,12168,12176,12168,12168,12168,460,460,460,440,520,480,2820,520,440,80,12168,14.30,50,3,225,405,N/A,
1786727030.478,2026-08-14T19:03:50,275.347,12176,12168,12176,12168,12168,12168,460,460,460,440,520,480,2820,520,440,80,12168,19.02,51,12,270,405,N/A,
1786727030.980,2026-08-14T19:03:50,275.847,12176,12168,12176,12168,12168,12168,460,460,460,440,520,480,2820,520,440,80,12168,18.56,50,0,225,405,N/A,
1786727031.478,2026-08-14T19:03:51,276.347,12176,12168,12176,12168,12168,12176,440,440,440,420,500,460,2700,500,420,80,12168,15.25,50,0,247,405,N/A,
1786727031.977,2026-08-14T19:03:51,276.847,12176,12168,12176,12168,12168,12176,440,440,440,420,500,460,2700,500,420,80,12168,15.74,50,4,247,405,N/A,
1786727032.476,2026-08-14T19:03:52,277.348,12176,12168,12176,12168,12168,12176,440,440,440,420,500,460,2700,500,420,80,12168,15.44,50,0,270,405,N/A,
1786727032.981,2026-08-14T19:03:52,277.848,12176,12168,12176,12168,12168,12176,440,440,420,400,480,440,2620,480,400,80,12168,15.24,50,0,225,405,N/A,
1786727033.479,2026-08-14T19:03:53,278.348,12176,12168,12176,12168,12168,12176,440,460,440,420,500,460,2720,500,420,80,12168,17.11,50,5,427,405,N/A,
1786727033.979,2026-08-14T19:03:53,278.848,12176,12168,12176,12168,12168,12176,440,440,440,420,480,460,2680,480,420,60,12168,18.06,50,0,225,405,N/A,
1786727034.478,2026-08-14T19:03:54,279.348,12176,12168,12176,12168,12168,12176,420,440,420,400,480,440,2600,480,400,80,12168,14.36,50,1,225,405,N/A,
1786727034.981,2026-08-14T19:03:54,279.848,12176,12168,12176,12168,12168,12176,420,420,420,400,460,440,2560,460,400,60,12168,14.03,50,0,225,405,N/A,
1786727035.476,2026-08-14T19:03:55,280.348,12176,12168,12176,12168,12168,12176,420,420,420,400,460,440,2560,460,400,60,12168,14.16,50,1,225,405,N/A,
1786727035.977,2026-08-14T19:03:55,280.848,12176,12168,12176,12168,12168,12176,420,440,420,400,480,440,2600,480,400,80,12168,14.27,50,0,225,405,N/A,
1786727036.481,2026-08-14T19:03:56,281.348,12176,12168,12176,12168,12168,12176,420,440,440,400,480,460,2640,480,400,80,12168,16.18,50,0,622,405,N/A,
1786727036.976,2026-08-14T19:03:56,281.848,12176,12168,12176,12168,12168,12176,420,440,440,400,480,460,2640,480,400,80,12168,18.56,50,0,457,405,N/A,
1786727037.476,2026-08-14T19:03:57,282.348,12168,12160,12176,12168,12168,12168,560,560,560,540,620,580,3420,620,540,80,12160,38.73,53,40,570,13801,N/A,
1786727037.976,2026-08-14T19:03:57,282.848,12168,12160,12168,12160,12160,12160,740,760,760,720,820,780,4580,820,720,100,12160,73.65,53,8,2812,13801,N/A,
1786727038.653,2026-08-14T19:03:58,283.348,12160,12152,12160,12160,12152,12160,840,860,860,820,940,880,5200,940,820,120,12152,91.12,52,0,2797,13801,N/A,
1786727038.977,2026-08-14T19:03:58,283.848,12160,12152,12160,12152,12152,12152,980,1000,1000,960,1080,1000,6020,1080,960,120,12152,90.66,53,11,2827,13801,N/A,
1786727039.477,2026-08-14T19:03:59,284.348,12152,12152,12160,12152,12144,12152,960,1000,1000,960,1080,1020,6020,1080,960,120,12144,89.23,52,11,2385,7001,N/A,
1786727039.977,2026-08-14T19:03:59,284.848,12160,12152,12160,12152,12152,12152,940,980,960,920,1040,980,5820,1040,920,120,12152,70.68,52,5,1410,7001,N/A,
1786727040.477,2026-08-14T19:04:00,285.349,12160,12152,12160,12152,12152,12152,880,900,900,860,980,920,5440,980,860,120,12152,58.27,51,2,1305,7001,N/A,
1786727040.977,2026-08-14T19:04:00,285.849,12160,12152,12160,12152,12152,12160,840,860,840,820,940,860,5160,940,820,120,12152,49.29,51,1,847,7001,N/A,
1786727041.477,2026-08-14T19:04:01,286.349,12168,12160,12168,12160,12160,12160,780,800,800,760,880,820,4840,880,760,120,12160,42.25,51,2,885,7001,N/A,
1786727041.978,2026-08-14T19:04:01,286.849,12168,12160,12168,12160,12160,12160,780,800,800,760,880,820,4840,880,760,120,12160,39.13,51,0,547,7001,N/A,
1786727042.478,2026-08-14T19:04:02,287.349,12168,12160,12168,12160,12160,12160,740,760,740,720,840,780,4580,840,720,120,12160,36.66,51,0,577,810,N/A,
1786727042.978,2026-08-14T19:04:02,287.849,12168,12160,12168,12160,12160,12168,680,700,680,660,760,720,4200,760,660,100,12160,27.97,50,0,367,810,N/A,
1786727043.478,2026-08-14T19:04:03,288.349,12168,12160,12168,12168,12160,12168,620,640,620,600,700,660,3840,700,600,100,12160,20.34,50,0,300,810,N/A,
1786727043.982,2026-08-14T19:04:03,288.849,12176,12168,12176,12168,12168,12168,560,580,580,540,640,600,3500,640,540,100,12168,17.12,50,0,240,810,N/A,
1786727044.478,2026-08-14T19:04:04,289.349,12176,12168,12176,12168,12168,12168,520,540,540,500,600,560,3260,600,500,100,12168,14.89,50,0,225,405,N/A,
1786727044.980,2026-08-14T19:04:04,289.849,12176,12168,12176,12168,12168,12168,500,520,500,480,560,520,3080,560,480,80,12168,14.05,50,2,225,405,N/A,
1786727045.480,2026-08-14T19:04:05,290.349,12176,12168,12176,12168,12168,12168,480,500,460,440,540,500,2920,540,440,100,12168,14.05,50,0,262,405,N/A,
1786727045.982,2026-08-14T19:04:05,290.849,12176,12168,12176,12168,12168,12168,460,480,440,420,520,480,2800,520,420,100,12168,13.76,50,0,277,405,N/A,
1786727046.479,2026-08-14T19:04:06,291.349,12176,12168,12176,12168,12168,12168,460,460,420,400,500,460,2700,500,400,100,12168,13.44,50,0,285,405,N/A,
1786727046.982,2026-08-14T19:04:06,291.849,12176,12168,12176,12168,12168,12168,440,460,420,400,500,460,2680,500,400,100,12168,13.67,50,0,247,405,N/A,
1786727047.478,2026-08-14T19:04:07,292.350,12176,12168,12176,12168,12168,12168,440,440,400,400,480,460,2620,480,400,80,12168,13.52,50,0,225,405,N/A,
1786727047.980,2026-08-14T19:04:07,292.850,12176,12168,12176,12168,12168,12168,420,440,400,380,480,440,2560,480,380,100,12168,13.00,50,3,225,405,N/A,
1786727048.479,2026-08-14T19:04:08,293.350,12176,12168,12176,12168,12168,12168,420,420,380,380,480,440,2520,480,380,100,12168,12.86,50,0,262,405,N/A,
1786727048.981,2026-08-14T19:04:08,293.850,12176,12168,12176,12168,12168,12168,420,420,380,360,460,440,2480,460,360,100,12168,13.66,50,0,315,405,N/A,
1786727049.480,2026-08-14T19:04:09,294.350,12176,12168,12176,12168,12168,12168,420,420,380,360,460,440,2480,460,360,100,12168,13.59,50,0,277,405,N/A,
1786727049.983,2026-08-14T19:04:09,294.850,12176,12168,12176,12168,12168,12168,420,420,380,360,460,440,2480,460,360,100,12168,13.97,50,0,240,405,N/A,
1786727050.479,2026-08-14T19:04:10,295.350,12176,12168,12176,12168,12168,12168,420,420,380,360,460,440,2480,460,360,100,12168,15.81,50,6,277,405,N/A,
1786727050.981,2026-08-14T19:04:10,295.850,12176,12168,12176,12168,12168,12168,420,420,400,360,460,440,2500,460,360,100,12168,15.01,50,4,225,405,N/A,
1786727051.483,2026-08-14T19:04:11,296.350,12176,12168,12176,12168,12168,12168,420,420,400,360,460,440,2500,460,360,100,12168,14.92,50,0,322,405,N/A,
1786727051.982,2026-08-14T19:04:11,296.850,12176,12168,12176,12168,12168,12176,420,420,400,380,460,440,2520,460,380,80,12168,15.45,50,0,322,405,N/A,
1786727052.484,2026-08-14T19:04:12,297.350,12176,12168,12176,12168,12168,12176,420,420,400,380,480,440,2540,480,380,100,12168,16.25,50,0,600,405,N/A,
1786727052.984,2026-08-14T19:04:12,297.850,12176,12168,12176,12168,12168,12176,440,440,420,400,480,460,2640,480,400,80,12168,19.24,50,3,307,405,N/A,
1786727053.478,2026-08-14T19:04:13,298.350,12176,12168,12176,12168,12168,12168,480,500,480,460,540,500,2960,540,460,80,12168,27.42,51,26,480,405,N/A,
1786727053.978,2026-08-14T19:04:13,298.850,12168,12160,12168,12160,12160,12168,640,660,640,620,700,660,3920,700,620,80,12160,52.76,52,3,1530,13801,N/A,
1786727054.478,2026-08-14T19:04:14,299.351,12168,12160,12168,12160,12160,12160,720,740,740,720,800,760,4480,800,720,80,12160,64.28,51,3,2227,13801,N/A,
1786727054.978,2026-08-14T19:04:14,299.851,12168,12160,12168,12160,12160,12160,760,780,780,740,860,800,4720,860,740,120,12160,68.94,52,3,2422,13801,N/A,
1786727055.479,2026-08-14T19:04:15,300.351,12168,12160,12168,12160,12160,12160,760,780,760,720,840,780,4640,840,720,120,12160,67.63,51,0,2220,13801,N/A,
1786727055.978,2026-08-14T19:04:15,300.851,12168,12160,12168,12160,12160,12160,740,760,740,700,820,760,4520,820,700,120,12160,50.18,51,0,1125,7001,N/A,
1786727056.478,2026-08-14T19:04:16,301.351,12168,12160,12168,12160,12160,12160,740,760,740,700,820,760,4520,820,700,120,12160,43.80,51,0,570,13801,N/A,
1786727056.978,2026-08-14T19:04:16,301.851,12160,12152,12160,12152,12152,12160,800,820,820,780,900,840,4960,900,780,120,12152,59.65,52,1,2580,13801,N/A,
1786727057.479,2026-08-14T19:04:17,302.351,12160,12152,12160,12152,12152,12160,840,860,860,820,940,880,5200,940,820,120,12152,70.64,52,1,2580,7001,N/A,
1786727057.979,2026-08-14T19:04:17,302.851,12168,12160,12168,12160,12160,12160,780,800,780,760,880,820,4820,880,760,120,12160,53.15,51,0,532,7001,N/A,
1786727058.482,2026-08-14T19:04:18,303.351,12168,12160,12168,12160,12160,12160,740,760,740,700,820,760,4520,820,700,120,12160,37.53,51,0,457,7001,N/A,
1786727058.981,2026-08-14T19:04:18,303.851,12168,12160,12168,12160,12160,12160,680,700,680,640,760,720,4180,760,640,120,12160,30.96,50,0,367,810,N/A,
1786727059.479,2026-08-14T19:04:19,304.351,12168,12160,12168,12160,12160,12160,640,640,620,600,720,660,3880,720,600,120,12160,25.03,50,0,292,810,N/A,
1786727059.979,2026-08-14T19:04:19,304.851,12168,12152,12168,12160,12160,12160,720,740,720,680,800,760,4420,800,680,120,12152,30.56,51,1,337,13801,N/A,
1786727060.479,2026-08-14T19:04:20,305.351,12160,12152,12160,12152,12152,12160,800,820,780,760,880,820,4860,880,760,120,12152,54.68,52,0,2580,13801,N/A,
1786727060.979,2026-08-14T19:04:20,305.851,12160,12152,12160,12152,12152,12152,840,880,840,800,960,880,5200,960,800,160,12152,68.96,52,1,2587,13801,N/A,
1786727061.479,2026-08-14T19:04:21,306.351,12160,12152,12160,12152,12152,12152,840,880,840,800,960,880,5200,960,800,160,12152,70.21,52,0,2580,13801,N/A,
1786727061.979,2026-08-14T19:04:21,306.852,12160,12152,12160,12152,12152,12152,900,920,880,840,1000,940,5480,1000,840,160,12152,70.52,52,0,2580,13801,N/A,
1786727062.479,2026-08-14T19:04:22,307.352,12160,12144,12160,12152,12152,12152,920,940,920,880,1040,960,5660,1040,880,160,12144,71.60,52,0,2587,13801,N/A,
1786727062.979,2026-08-14T19:04:22,307.852,12160,12144,12160,12152,12152,12152,940,960,940,900,1060,980,5780,1060,900,160,12144,71.35,52,0,2580,13801,N/A,
1786727063.479,2026-08-14T19:04:23,308.352,12152,12144,12152,12144,12144,12152,980,1020,1000,940,1100,1040,6080,1100,940,160,12144,70.35,52,4,2580,13801,N/A,
1786727063.980,2026-08-14T19:04:23,308.852,12152,12144,12152,12144,12144,12152,1020,1040,1040,980,1140,1080,6300,1140,980,160,12144,76.81,52,3,2715,13801,N/A,
1786727064.480,2026-08-14T19:04:24,309.352,12152,12144,12152,12144,12144,12144,1060,1080,1060,1020,1200,1120,6540,1200,1020,180,12144,82.67,52,5,2670,13801,N/A,
1786727064.980,2026-08-14T19:04:24,309.852,12152,12144,12152,12144,12144,12144,1100,1120,1100,1060,1220,1140,6740,1220,1060,160,12144,83.11,53,5,2730,13801,N/A,
1786727065.480,2026-08-14T19:04:25,310.352,12152,12144,12152,12144,12144,12144,1120,1140,1120,1080,1240,1160,6860,1240,1080,160,12144,83.52,52,5,2692,13801,N/A,
1786727065.980,2026-08-14T19:04:25,310.852,12152,12144,12152,12144,12144,12144,1120,1140,1140,1080,1260,1180,6920,1260,1080,180,12144,82.18,53,4,2685,13801,N/A,
1786727066.480,2026-08-14T19:04:26,311.352,12152,12144,12152,12144,12144,12144,1120,1140,1140,1080,1260,1180,6920,1260,1080,180,12144,82.06,53,4,2692,13801,N/A,
1786727066.980,2026-08-14T19:04:26,311.852,12152,12144,12152,12144,12144,12144,1120,1160,1160,1100,1260,1180,6980,1260,1100,160,12144,81.63,53,4,2692,13801,N/A,
1786727067.480,2026-08-14T19:04:27,312.352,12152,12144,12152,12144,12144,12144,1120,1160,1140,1100,1260,1180,6960,1260,1100,160,12144,81.53,52,4,2692,7001,N/A,
1786727067.980,2026-08-14T19:04:27,312.852,12152,12144,12152,12152,12144,12152,1040,1060,1060,1020,1160,1080,6420,1160,1020,140,12144,67.59,51,3,1177,7001,N/A,
1786727068.482,2026-08-14T19:04:28,313.353,12160,12152,12160,12152,12152,12152,960,980,980,940,1080,1000,5940,1080,940,140,12152,52.17,51,3,1020,7001,N/A,
1786727068.982,2026-08-14T19:04:28,313.853,12160,12152,12160,12152,12152,12160,900,920,920,880,1000,940,5560,1000,880,120,12152,46.77,51,8,937,810,N/A,
1786727069.482,2026-08-14T19:04:29,314.353,12160,12152,12160,12152,12152,12160,860,880,880,840,960,900,5320,960,840,120,12152,43.52,51,8,945,810,N/A,
1786727069.982,2026-08-14T19:04:29,314.853,12160,12152,12160,12152,12152,12160,840,860,860,800,940,880,5180,940,800,140,12152,42.38,51,8,907,810,N/A,
1786727070.482,2026-08-14T19:04:30,315.353,12160,12152,12160,12152,12152,12160,820,840,820,780,900,860,5020,900,780,120,12152,43.55,51,8,1072,810,N/A,
1786727070.981,2026-08-14T19:04:30,315.853,12160,12152,12160,12152,12152,12152,900,920,920,860,1000,940,5540,1000,860,140,12152,44.27,51,7,1072,810,N/A,
1786727071.481,2026-08-14T19:04:31,316.353,12160,12152,12160,12152,12152,12152,900,920,920,860,1000,940,5540,1000,860,140,12152,64.18,53,5,2445,13801,N/A,
1786727071.981,2026-08-14T19:04:31,316.853,12152,12144,12152,12144,12144,12152,1000,1020,1000,960,1120,1040,6140,1120,960,160,12144,85.59,53,9,2662,13801,N/A,
1786727072.481,2026-08-14T19:04:32,317.353,12152,12144,12152,12144,12144,12144,1100,1120,1100,1060,1220,1140,6740,1220,1060,160,12144,96.13,53,3,2932,13801,N/A,
1786727072.981,2026-08-14T19:04:32,317.853,12152,12136,12152,12144,12144,12144,1160,1180,1180,1120,1300,1220,7160,1300,1120,180,12136,98.87,53,3,2932,13801,N/A,
1786727073.481,2026-08-14T19:04:33,318.353,12144,12136,12144,12144,12136,12144,1200,1240,1240,1180,1360,1260,7480,1360,1180,180,12136,96.81,53,3,2932,13801,N/A,
1786727073.981,2026-08-14T19:04:33,318.853,12144,12136,12144,12144,12136,12144,1200,1220,1220,1160,1340,1260,7400,1340,1160,180,12136,93.61,53,2,2932,13801,N/A,
1786727074.481,2026-08-14T19:04:34,319.353,12144,12136,12144,12144,12136,12144,1200,1220,1200,1160,1340,1260,7380,1340,1160,180,12136,84.61,53,3,2632,13801,N/A,
1786727074.983,2026-08-14T19:04:34,319.853,12144,12136,12144,12136,12136,12144,1260,1300,1280,1240,1400,1320,7800,1400,1240,160,12136,84.39,54,14,2662,13801,N/A,
1786727075.481,2026-08-14T19:04:35,320.353,12144,12136,12144,12136,12136,12144,1300,1320,1280,1260,1420,1340,7920,1420,1260,160,12136,100.44,54,12,2842,13801,N/A,
1786727075.981,2026-08-14T19:04:35,320.854,12144,12136,12144,12136,12136,12144,1300,1320,1280,1260,1420,1340,7920,1420,1260,160,12136,100.66,53,7,2685,13801,N/A,
1786727076.481,2026-08-14T19:04:36,321.354,12144,12136,12144,12136,12136,12136,1300,1320,1300,1260,1440,1360,7980,1440,1260,180,12136,94.75,53,9,2692,13801,N/A,
1786727076.981,2026-08-14T19:04:36,321.854,12144,12136,12144,12136,12136,12136,1300,1320,1280,1240,1420,1340,7900,1420,1240,180,12136,91.02,53,9,2662,13801,N/A,
1786727077.481,2026-08-14T19:04:37,322.354,12144,12136,12144,12136,12136,12144,1280,1300,1280,1240,1420,1340,7860,1420,1240,180,12136,87.95,53,7,2662,13801,N/A,
1786727077.981,2026-08-14T19:04:37,322.854,12144,12136,12144,12136,12136,12144,1260,1280,1260,1200,1400,1300,7700,1400,1200,200,12136,85.10,53,3,2647,13801,N/A,
1786727078.482,2026-08-14T19:04:38,323.354,12144,12136,12144,12136,12136,12144,1240,1260,1240,1180,1380,1300,7600,1380,1180,200,12136,82.70,53,6,2647,13801,N/A,
1786727078.982,2026-08-14T19:04:38,323.854,12144,12136,12144,12136,12136,12136,1240,1240,1240,1180,1380,1280,7560,1380,1180,200,12136,83.38,53,6,2655,13801,N/A,
1786727079.482,2026-08-14T19:04:39,324.354,12144,12136,12144,12136,12136,12144,1220,1240,1220,1160,1360,1260,7460,1360,1160,200,12136,82.50,53,3,2655,13801,N/A,
1786727079.982,2026-08-14T19:04:39,324.854,12144,12136,12144,12136,12136,12144,1200,1240,1200,1160,1340,1260,7400,1340,1160,180,12136,80.84,53,3,2640,13801,N/A,
1786727080.482,2026-08-14T19:04:40,325.354,12152,12144,12152,12144,12144,12144,1120,1140,1100,1060,1260,1160,6840,1260,1060,200,12144,80.24,53,3,2640,7001,N/A,
1786727080.982,2026-08-14T19:04:40,325.854,12152,12144,12152,12144,12144,12144,1120,1140,1100,1060,1260,1160,6840,1260,1060,200,12144,64.89,52,0,1230,7001,N/A,
1786727081.482,2026-08-14T19:04:41,326.354,12152,12144,12152,12144,12144,12152,1000,1020,980,940,1120,1040,6100,1120,940,180,12144,43.76,51,0,652,7001,N/A,
1786727081.985,2026-08-14T19:04:41,326.854,12152,12144,12152,12144,12144,12152,920,960,900,860,1040,960,5640,1040,860,180,12144,38.33,52,4,562,810,N/A,
1786727082.485,2026-08-14T19:04:42,327.354,12152,12144,12152,12144,12144,12152,920,940,900,860,1040,960,5620,1040,860,180,12144,49.78,52,15,1252,810,N/A,
1786727082.985,2026-08-14T19:04:42,327.854,12152,12144,12152,12144,12144,12152,920,940,900,860,1040,960,5620,1040,860,180,12144,57.10,52,15,1387,810,N/A,
1786727083.485,2026-08-14T19:04:43,328.355,12152,12144,12152,12144,12144,12152,920,940,880,860,1020,960,5580,1020,860,160,12144,57.80,52,15,1410,810,N/A,
1786727083.985,2026-08-14T19:04:43,328.855,12152,12144,12152,12144,12144,12152,920,940,880,860,1020,960,5580,1020,860,160,12144,56.57,52,15,1410,810,N/A,
1786727084.485,2026-08-14T19:04:44,329.355,12152,12144,12152,12144,12144,12152,920,960,880,860,1040,960,5620,1040,860,180,12144,56.96,52,15,1410,810,N/A,
1786727084.985,2026-08-14T19:04:44,329.855,12152,12144,12152,12144,12144,12152,920,960,880,860,1020,960,5600,1020,860,160,12144,58.05,52,15,1417,810,N/A,
1786727085.485,2026-08-14T19:04:45,330.355,12152,12144,12152,12144,12144,12152,920,960,900,860,1040,960,5640,1040,860,180,12144,57.94,52,15,1410,810,N/A,
1786727085.986,2026-08-14T19:04:45,330.855,12152,12144,12152,12144,12144,12152,920,960,900,860,1040,960,5640,1040,860,180,12144,58.53,52,15,1462,810,N/A,
1786727086.489,2026-08-14T19:04:46,331.355,12152,12144,12152,12144,12144,12152,920,960,900,860,1040,980,5660,1040,860,180,12144,59.71,52,15,1545,810,N/A,
1786727086.986,2026-08-14T19:04:46,331.855,12152,12144,12152,12144,12144,12152,940,980,900,880,1060,980,5740,1060,880,180,12144,61.24,53,26,1417,810,N/A,
1786727087.486,2026-08-14T19:04:47,332.355,12152,12144,12152,12144,12144,12152,940,960,920,880,1060,980,5740,1060,880,180,12144,61.56,52,15,1747,810,N/A,
1786727087.986,2026-08-14T19:04:47,332.855,12152,12144,12152,12144,12144,12152,940,960,920,880,1060,960,5720,1060,880,180,12144,61.58,52,14,1687,810,N/A,
1786727088.486,2026-08-14T19:04:48,333.355,12160,12144,12152,12152,12144,12152,920,960,920,880,1040,960,5680,1040,880,160,12144,59.24,52,14,1605,810,N/A,
1786727088.987,2026-08-14T19:04:48,333.855,12160,12152,12160,12152,12152,12152,920,940,920,880,1040,960,5660,1040,880,160,12152,58.50,52,15,1552,810,N/A,
1786727089.487,2026-08-14T19:04:49,334.355,12160,12152,12160,12152,12152,12152,920,940,920,880,1020,960,5640,1020,880,140,12152,58.64,52,15,1515,810,N/A,
1786727089.987,2026-08-14T19:04:49,334.855,12160,12144,12160,12152,12152,12152,900,940,900,860,1020,940,5560,1020,860,160,12144,57.60,52,13,1462,810,N/A,
1786727090.487,2026-08-14T19:04:50,335.355,12160,12144,12160,12152,12144,12152,900,920,900,860,1000,940,5520,1000,860,140,12144,55.40,52,13,1425,810,N/A,
1786727090.987,2026-08-14T19:04:50,335.856,12160,12144,12160,12152,12144,12152,900,920,900,860,1000,940,5520,1000,860,140,12144,54.73,52,13,1395,405,N/A,
1786727091.487,2026-08-14T19:04:51,336.356,12160,12144,12160,12152,12144,12152,920,920,900,860,1020,960,5580,1020,860,160,12144,56.99,52,13,1635,810,N/A,
1786727091.987,2026-08-14T19:04:51,336.856,12152,12144,12152,12152,12144,12152,900,920,900,860,1000,940,5520,1000,860,140,12144,57.66,52,13,1597,810,N/A,
1786727092.487,2026-08-14T19:04:52,337.356,12152,12144,12160,12144,12144,12152,900,920,880,860,1000,940,5500,1000,860,140,12144,55.99,52,13,1545,810,N/A,
1786727092.987,2026-08-14T19:04:52,337.856,12152,12144,12152,12144,12144,12152,900,920,880,840,1000,940,5480,1000,840,160,12144,56.32,52,13,1515,810,N/A,
1786727093.487,2026-08-14T19:04:53,338.356,12152,12144,12152,12144,12144,12152,900,920,880,840,1000,940,5480,1000,840,160,12144,55.94,52,13,1432,810,N/A,
1786727093.984,2026-08-14T19:04:53,338.856,12152,12144,12152,12144,12144,12152,900,920,880,840,1000,940,5480,1000,840,160,12144,54.68,52,13,1410,810,N/A,
1786727094.484,2026-08-14T19:04:54,339.356,12152,12144,12152,12144,12144,12152,900,920,880,840,1000,940,5480,1000,840,160,12144,57.94,52,6,1462,7001,N/A,
1786727094.984,2026-08-14T19:04:54,339.856,12160,12144,12160,12152,12144,12152,880,900,860,840,1000,920,5400,1000,840,160,12144,60.03,52,4,1642,7001,N/A,
1786727095.484,2026-08-14T19:04:55,340.356,12160,12144,12160,12152,12152,12152,880,900,860,820,980,920,5360,980,820,160,12144,58.18,52,4,1447,7001,N/A,
1786727095.984,2026-08-14T19:04:55,340.856,12160,12144,12160,12152,12152,12152,880,900,860,820,980,920,5360,980,820,160,12144,57.06,52,4,1320,7001,N/A,
1786727096.484,2026-08-14T19:04:56,341.356,12160,12152,12160,12152,12152,12152,860,880,840,800,960,900,5240,960,800,160,12152,56.17,52,4,1192,7001,N/A,
1786727096.985,2026-08-14T19:04:56,341.856,12160,12152,12160,12152,12152,12152,840,860,840,800,940,880,5160,940,800,140,12152,55.41,52,4,1102,7001,N/A,
1786727097.488,2026-08-14T19:04:57,342.356,12160,12152,12160,12152,12152,12160,840,860,840,800,940,880,5160,940,800,140,12152,55.09,52,4,1020,7001,N/A,
1786727097.988,2026-08-14T19:04:57,342.856,12160,12152,12160,12152,12152,12160,840,860,860,820,940,880,5200,940,820,120,12152,55.64,52,14,1162,810,N/A,
1786727098.488,2026-08-14T19:04:58,343.356,12160,12152,12160,12152,12152,12152,860,880,860,820,960,900,5280,960,820,140,12152,56.37,52,14,1305,810,N/A,
1786727098.988,2026-08-14T19:04:58,343.857,12160,12152,12160,12152,12152,12152,880,880,860,820,980,900,5320,980,820,160,12152,56.66,52,12,1320,810,N/A,
1786727099.488,2026-08-14T19:04:59,344.357,12160,12152,12160,12152,12152,12152,880,900,880,840,980,920,5400,980,840,140,12152,56.82,52,15,1320,810,N/A,
1786727099.988,2026-08-14T19:04:59,344.857,12160,12152,12160,12152,12152,12152,880,900,880,840,1000,920,5420,1000,840,160,12152,56.92,52,15,1320,810,N/A,
1786727100.488,2026-08-14T19:05:00,345.357,12160,12144,12160,12152,12152,12152,900,900,880,840,1000,920,5440,1000,840,160,12144,56.87,52,14,1327,810,N/A,
1786727100.988,2026-08-14T19:05:00,345.857,12160,12144,12160,12152,12152,12152,900,900,880,840,1000,920,5440,1000,840,160,12144,56.69,52,14,1327,810,N/A,
1786727101.485,2026-08-14T19:05:01,346.357,12160,12152,12160,12152,12152,12152,840,840,820,780,940,880,5100,940,780,160,12152,46.61,52,1,907,810,N/A,
1786727101.987,2026-08-14T19:05:01,346.857,12160,12152,12160,12152,12152,12160,760,760,720,700,840,780,4560,840,700,140,12152,28.24,51,0,525,405,N/A,
1786727102.488,2026-08-14T19:05:02,347.357,12160,12152,12160,12152,12152,12152,760,780,740,700,860,800,4640,860,700,160,12152,33.30,52,14,1110,810,N/A,
1786727102.991,2026-08-14T19:05:02,347.857,12160,12152,12160,12152,12152,12160,760,760,740,700,840,800,4600,840,700,140,12152,41.88,52,7,1170,810,N/A,
1786727103.492,2026-08-14T19:05:03,348.357,12160,12152,12160,12152,12152,12152,760,780,740,700,840,800,4620,840,700,140,12152,43.57,52,11,1012,405,N/A,
1786727103.991,2026-08-14T19:05:03,348.857,12160,12152,12160,12152,12152,12152,760,780,740,700,860,800,4640,860,700,160,12152,44.23,52,15,1050,405,N/A,
1786727104.493,2026-08-14T19:05:04,349.357,12160,12152,12160,12152,12152,12152,760,780,740,700,860,800,4640,860,700,160,12152,44.58,52,11,982,405,N/A,
1786727104.990,2026-08-14T19:05:04,349.857,12160,12152,12160,12152,12152,12152,760,780,740,700,860,800,4640,860,700,160,12152,44.14,52,14,952,405,N/A,
1786727105.493,2026-08-14T19:05:05,350.357,12160,12152,12160,12152,12152,12152,760,780,740,700,860,800,4640,860,700,160,12152,44.46,52,11,945,405,N/A,
1786727105.990,2026-08-14T19:05:05,350.857,12160,12152,12160,12152,12152,12160,760,780,740,700,860,800,4640,860,700,160,12152,44.40,52,15,885,405,N/A,
1786727106.490,2026-08-14T19:05:06,351.357,12160,12152,12160,12152,12152,12152,780,780,760,720,860,800,4700,860,720,140,12152,46.24,52,11,1132,405,N/A,
1786727106.992,2026-08-14T19:05:06,351.858,12160,12152,12160,12152,12152,12152,780,800,760,720,880,820,4760,880,720,160,12152,47.67,52,11,1132,405,N/A,
1786727107.490,2026-08-14T19:05:07,352.358,12160,12152,12160,12152,12152,12152,780,800,760,720,880,820,4760,880,720,160,12152,46.03,52,13,1020,405,N/A,
1786727107.985,2026-08-14T19:05:07,352.858,12160,12152,12160,12152,12152,12152,840,840,800,760,920,880,5040,920,760,160,12152,45.38,52,98,967,13801,N/A,
1786727108.485,2026-08-14T19:05:08,353.358,12152,12144,12152,12144,12144,12152,940,960,920,880,1040,1000,5740,1040,880,160,12144,67.05,53,5,2850,13801,N/A,
1786727108.986,2026-08-14T19:05:08,353.858,12152,12144,12152,12144,12144,12152,1020,1040,1020,980,1140,1080,6280,1140,980,160,12144,89.86,53,3,2850,13801,N/A,
1786727109.486,2026-08-14T19:05:09,354.358,12152,12144,12152,12144,12144,12144,1060,1100,1060,1020,1200,1120,6560,1200,1020,180,12144,92.90,54,2,2842,13801,N/A,
1786727109.986,2026-08-14T19:05:09,354.858,12152,12144,12152,12152,12144,12152,980,1000,960,940,1100,1040,6020,1100,940,160,12144,84.82,52,3,2842,7001,N/A,
1786727110.486,2026-08-14T19:05:10,355.358,12152,12144,12152,12152,12144,12152,980,1000,960,940,1100,1040,6020,1100,940,160,12144,63.15,52,3,892,7001,N/A,
1786727110.986,2026-08-14T19:05:10,355.858,12152,12144,12152,12152,12144,12152,920,940,880,860,1040,960,5600,1040,860,180,12144,44.52,52,4,787,7001,N/A,
1786727111.486,2026-08-14T19:05:11,356.358,12160,12152,12160,12152,12152,12152,860,880,840,800,980,900,5260,980,800,180,12152,43.13,52,3,682,7001,N/A,
1786727111.989,2026-08-14T19:05:11,356.858,12160,12152,12160,12152,12152,12152,820,840,780,760,940,860,5000,940,760,180,12152,42.83,52,5,622,810,N/A,
1786727112.490,2026-08-14T19:05:12,357.358,12160,12152,12160,12152,12152,12152,800,820,760,720,900,840,4840,900,720,180,12152,41.32,52,6,630,810,N/A,
1786727112.989,2026-08-14T19:05:12,357.858,12160,12152,12160,12152,12152,12160,780,800,740,720,880,820,4740,880,720,160,12152,40.75,52,12,652,810,N/A,
1786727113.811,2026-08-14T19:05:13,358.358,12160,12152,12160,12152,12152,12160,780,760,740,700,860,800,4640,860,700,160,12152,40.64,52,7,720,810,N/A,
1786727113.982,2026-08-14T19:05:13,358.858,12160,12152,12160,12152,12152,12160,780,760,740,700,860,800,4640,860,700,160,12152,40.64,52,7,720,810,N/A,
1786727114.486,2026-08-14T19:05:14,359.359,12152,12144,12152,12144,12144,12144,1120,1140,1140,1080,1240,1160,6880,1240,1080,160,12144,76.40,54,100,2940,810,N/A,
1786727114.986,2026-08-14T19:05:14,359.859,12152,12136,12152,12144,12144,12144,1240,1260,1280,1220,1380,1280,7660,1380,1220,160,12136,101.94,55,100,2932,13801,N/A,
1786727115.486,2026-08-14T19:05:15,360.359,12152,12136,12152,12144,12144,12144,1240,1260,1280,1220,1380,1280,7660,1380,1220,160,12136,116.14,55,100,2932,13801,N/A,
1786727115.986,2026-08-14T19:05:15,360.859,12144,12136,12144,12136,12136,12144,1320,1360,1380,1320,1480,1380,8240,1480,1320,160,12136,117.51,55,100,2932,13801,N/A,
1786727116.486,2026-08-14T19:05:16,361.359,12144,12136,12144,12136,12136,12144,1400,1420,1460,1400,1560,1460,8700,1560,1400,160,12136,117.78,55,100,2932,13801,N/A,
1786727116.987,2026-08-14T19:05:16,361.859,12144,12136,12144,12136,12136,12136,1460,1480,1520,1460,1620,1520,9060,1620,1460,160,12136,117.76,55,100,2932,13801,N/A,
1786727117.487,2026-08-14T19:05:17,362.359,12144,12136,12144,12136,12136,12136,1500,1520,1580,1500,1660,1560,9320,1660,1500,160,12136,117.39,55,100,2932,13801,N/A,
1786727117.987,2026-08-14T19:05:17,362.859,12144,12136,12144,12136,12136,12136,1520,1560,1620,1540,1700,1600,9540,1700,1520,180,12136,117.35,55,100,2932,13801,N/A,
1786727118.487,2026-08-14T19:05:18,363.359,12144,12136,12144,12136,12136,12136,1560,1580,1640,1560,1740,1620,9700,1740,1560,180,12136,117.59,55,100,2932,13801,N/A,
1786727118.987,2026-08-14T19:05:18,363.859,12144,12136,12144,12136,12136,12136,1580,1600,1660,1580,1760,1640,9820,1760,1580,180,12136,117.73,55,100,2932,13801,N/A,
1786727119.487,2026-08-14T19:05:19,364.359,12144,12128,12144,12136,12136,12136,1580,1620,1680,1600,1780,1660,9920,1780,1580,200,12128,117.63,55,100,2932,13801,N/A,
1786727119.987,2026-08-14T19:05:19,364.859,12136,12128,12136,12128,12128,12136,1600,1640,1680,1620,1800,1680,10020,1800,1600,200,12128,117.51,55,100,2932,13801,N/A,
1786727120.487,2026-08-14T19:05:20,365.359,12136,12128,12136,12128,12128,12136,1600,1640,1680,1620,1800,1680,10020,1800,1600,200,12128,117.50,55,100,2932,13801,N/A,
1786727120.987,2026-08-14T19:05:20,365.860,12136,12128,12136,12128,12128,12136,1600,1620,1660,1600,1780,1680,9940,1780,1600,180,12128,117.49,55,100,2932,13801,N/A,
1786727121.487,2026-08-14T19:05:21,366.360,12144,12128,12144,12136,12136,12136,1540,1580,1600,1540,1720,1620,9600,1720,1540,180,12128,110.26,55,0,2932,13801,N/A,
1786727121.987,2026-08-14T19:05:21,366.860,12144,12136,12144,12136,12136,12136,1500,1520,1560,1500,1680,1560,9320,1680,1500,180,12136,100.89,54,0,2932,13801,N/A,
1786727122.487,2026-08-14T19:05:22,367.360,12144,12136,12144,12136,12136,12144,1420,1460,1500,1440,1600,1500,8920,1600,1420,180,12136,95.67,54,0,2932,13801,N/A,
1786727122.992,2026-08-14T19:05:22,367.860,12152,12144,12152,12144,12144,12144,1240,1260,1300,1240,1380,1300,7720,1380,1240,140,12144,91.04,53,0,2932,7001,N/A,
1786727123.489,2026-08-14T19:05:23,368.360,12160,12152,12160,12152,12152,12152,1080,1120,1140,1080,1220,1140,6780,1220,1080,140,12152,64.00,52,0,577,7001,N/A,
1786727123.988,2026-08-14T19:05:23,368.860,12160,12152,12160,12152,12152,12160,960,980,980,940,1060,1000,5920,1060,940,120,12152,32.67,52,0,472,810,N/A,
1786727124.489,2026-08-14T19:05:24,369.360,12168,12160,12168,12160,12160,12160,840,860,860,820,940,880,5200,940,820,120,12160,29.14,52,0,480,810,N/A,
1786727124.991,2026-08-14T19:05:24,369.860,12168,12160,12168,12160,12160,12168,760,760,780,740,840,780,4660,840,740,100,12160,26.20,52,1,360,810,N/A,
1786727125.491,2026-08-14T19:05:25,370.360,12168,12160,12168,12160,12160,12168,760,760,780,740,840,780,4660,840,740,100,12160,19.54,52,4,232,405,N/A,
1786727125.994,2026-08-14T19:05:25,370.860,12176,12160,12176,12168,12168,12168,680,680,680,660,760,700,4160,760,660,100,12160,18.27,52,0,285,405,N/A,
1786727126.491,2026-08-14T19:05:26,371.360,12176,12168,12176,12168,12168,12168,620,620,620,600,680,640,3780,680,600,80,12168,17.60,52,2,225,405,N/A,
1786727126.989,2026-08-14T19:05:26,371.860,12176,12168,12176,12168,12168,12168,580,580,580,560,640,600,3540,640,560,80,12168,15.07,52,0,255,405,N/A,
1786727127.491,2026-08-14T19:05:27,372.360,12176,12168,12176,12168,12168,12176,520,540,540,520,580,560,3260,580,520,60,12168,17.05,52,0,547,405,N/A,
1786727127.989,2026-08-14T19:05:27,372.860,12176,12168,12176,12168,12168,12176,520,520,520,500,580,540,3180,580,500,80,12168,15.56,52,0,225,405,N/A,
1786727128.491,2026-08-14T19:05:28,373.360,12176,12168,12176,12176,12168,12176,480,500,480,460,540,500,2960,540,460,80,12168,16.14,51,0,307,405,N/A,
1786727128.989,2026-08-14T19:05:28,373.860,12176,12168,12176,12176,12168,12176,460,480,460,440,520,480,2840,520,440,80,12168,16.88,51,0,225,405,N/A,
1786727129.489,2026-08-14T19:05:29,374.361,12184,12168,12184,12176,12168,12176,440,460,440,420,500,460,2720,500,420,80,12168,13.75,51,0,225,405,N/A,
1786727129.989,2026-08-14T19:05:29,374.861,12184,12168,12184,12176,12168,12176,440,460,440,420,500,460,2720,500,420,80,12168,14.16,51,0,225,405,N/A,
1786727130.492,2026-08-14T19:05:30,375.361,12184,12168,12184,12176,12176,12176,420,440,420,400,480,440,2600,480,400,80,12168,14.16,51,0,225,405,N/A,
1786727130.991,2026-08-14T19:05:30,375.861,12184,12168,12184,12176,12176,12176,440,440,420,420,480,460,2660,480,420,60,12168,15.27,52,12,225,405,N/A,
1786727131.490,2026-08-14T19:05:31,376.361,12184,12168,12184,12176,12168,12176,440,460,440,420,500,460,2720,500,420,80,12168,17.19,52,0,592,405,N/A,
1786727131.994,2026-08-14T19:05:31,376.861,12176,12168,12184,12176,12168,12176,440,460,460,440,500,460,2760,500,440,60,12168,19.64,51,0,375,405,N/A,
1786727132.490,2026-08-14T19:05:32,377.361,12176,12168,12184,12176,12176,12176,460,460,460,440,500,480,2800,500,440,60,12168,23.63,52,2,720,405,N/A,
1786727132.990,2026-08-14T19:05:32,377.861,12184,12168,12184,12176,12176,12176,440,440,440,420,500,460,2700,500,420,80,12168,20.42,51,0,225,405,N/A,
1786727133.490,2026-08-14T19:05:33,378.361,12184,12176,12184,12176,12176,12176,420,440,420,400,480,440,2600,480,400,80,12176,15.31,51,0,240,405,N/A,
1786727133.991,2026-08-14T19:05:33,378.861,12184,12176,12184,12176,12176,12176,420,420,420,400,460,440,2560,460,400,60,12176,13.97,51,0,225,405,N/A,
1786727134.489,2026-08-14T19:05:34,379.361,12184,12176,12184,12176,12176,12176,420,420,400,380,460,420,2500,460,380,80,12176,13.80,51,0,225,405,N/A,
1786727134.991,2026-08-14T19:05:34,379.861,12184,12176,12184,12176,12176,12176,420,420,400,380,460,420,2500,460,380,80,12176,13.60,51,0,225,405,N/A,
1786727135.489,2026-08-14T19:05:35,380.361,12176,12168,12176,12168,12168,12176,480,480,480,460,540,500,2940,540,460,80,12168,19.08,52,0,255,405,N/A,
1786727135.989,2026-08-14T19:05:35,380.861,12176,12168,12176,12168,12168,12168,640,640,640,620,680,660,3880,680,620,60,12168,45.84,53,25,2055,7001,N/A,
1786727136.489,2026-08-14T19:05:36,381.361,12176,12168,12176,12168,12168,12168,640,640,660,620,700,680,3940,700,620,80,12168,62.74,53,0,1597,7001,N/A,
1786727136.989,2026-08-14T19:05:36,381.862,12176,12168,12176,12168,12168,12168,640,660,660,620,700,680,3960,700,620,80,12168,54.65,52,0,1492,7001,N/A,
1786727137.489,2026-08-14T19:05:37,382.362,12176,12168,12176,12168,12168,12168,640,640,660,620,700,660,3920,700,620,80,12168,45.56,52,0,1492,7001,N/A,
1786727137.991,2026-08-14T19:05:37,382.862,12176,12168,12176,12168,12168,12168,620,640,640,600,700,660,3860,700,600,100,12168,42.01,52,0,607,7001,N/A,
1786727138.492,2026-08-14T19:05:38,383.362,12176,12168,12176,12168,12168,12168,620,640,640,600,680,660,3840,680,600,80,12168,37.52,52,0,510,7001,N/A,
1786727138.993,2026-08-14T19:05:38,383.862,12176,12168,12176,12168,12168,12168,620,640,640,600,680,660,3840,680,600,80,12168,35.17,52,4,705,810,N/A,
1786727139.490,2026-08-14T19:05:39,384.362,12168,12160,12168,12160,12160,12168,720,720,720,700,780,740,4380,780,700,80,12160,33.59,52,3,667,810,N/A,
1786727139.990,2026-08-14T19:05:39,384.862,12168,12160,12168,12160,12160,12168,720,720,720,700,780,740,4380,780,700,80,12160,44.42,54,52,1477,810,N/A,
1786727140.490,2026-08-14T19:05:40,385.362,12168,12160,12168,12160,12160,12168,740,740,760,720,820,780,4560,820,720,100,12160,56.26,53,0,1830,13801,N/A,
1786727140.990,2026-08-14T19:05:40,385.862,12168,12160,12168,12160,12160,12168,760,760,760,740,840,780,4640,840,740,100,12160,59.85,52,3,1837,13801,N/A,
1786727141.490,2026-08-14T19:05:41,386.362,12168,12160,12168,12160,12160,12168,740,760,760,740,840,780,4620,840,740,100,12160,53.86,52,0,1747,13801,N/A,
1786727141.990,2026-08-14T19:05:41,386.862,12176,12160,12176,12168,12168,12168,700,720,720,700,780,740,4360,780,700,80,12160,48.57,52,0,787,7001,N/A,
1786727142.490,2026-08-14T19:05:42,387.362,12176,12168,12176,12168,12168,12168,680,680,680,660,760,700,4160,760,660,100,12168,40.91,52,0,345,7001,N/A,
1786727142.990,2026-08-14T19:05:42,387.862,12176,12168,12176,12168,12168,12168,640,660,660,640,720,680,4000,720,640,80,12168,34.17,52,0,277,7001,N/A,
1786727143.491,2026-08-14T19:05:43,388.362,12176,12168,12176,12168,12168,12168,620,640,640,620,700,660,3880,700,620,80,12168,33.34,52,0,232,7001,N/A,
1786727143.991,2026-08-14T19:05:43,388.862,12176,12168,12176,12168,12168,12168,620,620,620,600,680,640,3780,680,600,80,12168,32.93,52,0,225,7001,N/A,
1786727144.492,2026-08-14T19:05:44,389.362,12176,12168,12176,12168,12168,12176,580,600,580,560,640,600,3560,640,560,80,12168,32.93,52,0,225,7001,N/A,
1786727144.994,2026-08-14T19:05:44,389.863,12176,12168,12176,12168,12168,12176,580,600,580,560,640,600,3560,640,560,80,12168,29.21,52,0,232,810,N/A,
1786727145.493,2026-08-14T19:05:45,390.363,12176,12168,12176,12168,12168,12168,600,600,600,580,660,620,3660,660,580,80,12168,28.02,52,0,487,810,N/A,
1786727145.993,2026-08-14T19:05:45,390.863,12176,12168,12176,12168,12168,12168,600,600,600,580,660,620,3660,660,580,80,12168,30.80,52,22,637,810,N/A,
1786727146.493,2026-08-14T19:05:46,391.363,12176,12168,12176,12168,12168,12176,560,580,580,560,640,580,3500,640,560,80,12168,30.81,52,11,532,405,N/A,
1786727146.993,2026-08-14T19:05:46,391.863,12176,12168,12176,12168,12168,12176,540,540,540,520,600,560,3300,600,520,80,12168,22.38,52,0,225,405,N/A,
1786727147.495,2026-08-14T19:05:47,392.363,12176,12168,12176,12168,12168,12176,520,520,520,500,580,540,3180,580,500,80,12168,16.12,51,1,225,405,N/A,
1786727147.991,2026-08-14T19:05:47,392.863,12176,12168,12176,12176,12168,12176,480,500,480,460,540,500,2960,540,460,80,12168,18.35,52,1,480,405,N/A,
1786727148.492,2026-08-14T19:05:48,393.363,12184,12168,12184,12176,12168,12176,460,480,460,440,520,480,2840,520,440,80,12168,17.55,52,0,225,405,N/A,
1786727148.992,2026-08-14T19:05:48,393.863,12184,12168,12184,12176,12176,12176,440,460,440,420,500,460,2720,500,420,80,12168,14.19,51,0,247,405,N/A,
1786727149.494,2026-08-14T19:05:49,394.363,12184,12168,12184,12176,12176,12176,460,460,460,440,520,480,2820,520,440,80,12168,13.51,51,0,225,405,N/A,
1786727149.993,2026-08-14T19:05:49,394.863,12184,12168,12184,12176,12176,12176,460,460,460,440,520,480,2820,520,440,80,12168,17.82,52,18,682,405,N/A,
1786727150.496,2026-08-14T19:05:50,395.363,12184,12168,12184,12176,12176,12176,460,460,460,440,520,480,2820,520,440,80,12168,19.11,51,0,240,405,N/A,
1786727150.994,2026-08-14T19:05:50,395.863,12184,12168,12184,12176,12176,12176,460,480,460,440,520,500,2860,520,440,80,12168,20.62,52,2,427,405,N/A,
1786727151.494,2026-08-14T19:05:51,396.363,12176,12168,12176,12176,12168,12176,500,500,480,460,540,500,2980,540,460,80,12168,26.53,52,19,720,405,N/A,
1786727151.996,2026-08-14T19:05:51,396.863,12184,12168,12184,12176,12176,12176,460,480,460,440,520,480,2840,520,440,80,12168,25.84,52,1,292,405,N/A,
1786727152.496,2026-08-14T19:05:52,397.363,12184,12168,12184,12176,12176,12176,460,460,460,440,520,480,2820,520,440,80,12168,16.22,51,0,225,405,N/A,
1786727152.993,2026-08-14T19:05:52,397.863,12184,12168,12184,12176,12176,12176,440,460,440,420,500,460,2720,500,420,80,12168,15.23,51,0,225,405,N/A,
1786727153.496,2026-08-14T19:05:53,398.364,12184,12176,12184,12176,12176,12176,440,440,440,420,480,460,2680,480,420,60,12176,14.96,51,0,225,405,N/A,
1786727153.994,2026-08-14T19:05:53,398.864,12184,12176,12184,12176,12176,12176,420,440,420,400,480,440,2600,480,400,80,12176,13.89,51,0,292,405,N/A,
1786727154.495,2026-08-14T19:05:54,399.364,12184,12176,12184,12176,12176,12176,420,440,420,400,480,440,2600,480,400,80,12176,14.57,51,4,307,405,N/A,
1786727154.994,2026-08-14T19:05:54,399.864,12184,12176,12184,12176,12176,12176,420,440,420,400,480,440,2600,480,400,80,12176,16.21,51,0,307,405,N/A,
1786727155.497,2026-08-14T19:05:55,400.364,12184,12168,12184,12176,12176,12176,440,440,440,420,500,460,2700,500,420,80,12168,15.22,51,0,225,405,N/A,
1786727155.993,2026-08-14T19:05:55,400.864,12184,12176,12184,12176,12176,12176,440,440,440,420,480,460,2680,480,420,60,12176,19.87,52,0,315,405,N/A,
1786727156.497,2026-08-14T19:05:56,401.364,12184,12176,12184,12176,12176,12176,420,440,420,400,480,440,2600,480,400,80,12176,20.53,51,0,225,405,N/A,
1786727156.992,2026-08-14T19:05:56,401.864,12184,12176,12184,12176,12176,12176,440,440,440,420,500,460,2700,500,420,80,12176,15.18,51,1,322,405,N/A,
1786727157.492,2026-08-14T19:05:57,402.364,12176,12168,12176,12168,12168,12176,600,600,600,580,660,620,3660,660,580,80,12168,25.36,53,52,1170,405,N/A,
1786727157.992,2026-08-14T19:05:57,402.864,12176,12168,12176,12168,12168,12168,680,700,700,660,760,700,4200,760,660,100,12168,49.80,53,0,2542,13801,N/A,
1786727158.492,2026-08-14T19:05:58,403.364,12168,12160,12168,12168,12160,12168,740,760,780,740,840,780,4640,840,740,100,12160,70.71,53,0,2542,13801,N/A,
1786727158.992,2026-08-14T19:05:58,403.864,12168,12160,12168,12168,12160,12168,760,780,780,740,840,780,4680,840,740,100,12160,65.48,53,0,2535,13801,N/A,
1786727159.492,2026-08-14T19:05:59,404.364,12168,12160,12168,12168,12160,12168,760,780,780,740,840,780,4680,840,740,100,12160,62.72,53,0,1867,7001,N/A,
1786727159.992,2026-08-14T19:05:59,404.864,12176,12160,12176,12168,12168,12168,720,720,740,700,800,740,4420,800,700,100,12160,46.71,52,0,450,7001,N/A,
1786727160.492,2026-08-14T19:06:00,405.364,12176,12168,12176,12168,12168,12168,680,700,700,660,760,700,4200,760,660,100,12168,34.26,52,0,382,7001,N/A,
1786727160.994,2026-08-14T19:06:00,405.865,12176,12168,12176,12168,12168,12168,660,660,660,640,740,680,4040,740,640,100,12168,33.68,52,0,345,7001,N/A,
1786727161.495,2026-08-14T19:06:01,406.365,12176,12168,12176,12168,12168,12168,640,640,640,620,700,660,3900,700,620,80,12168,32.99,52,0,330,810,N/A,
1786727161.995,2026-08-14T19:06:01,406.865,12176,12168,12176,12168,12168,12176,620,620,620,600,680,640,3780,680,600,80,12168,31.72,52,6,322,810,N/A,
1786727162.494,2026-08-14T19:06:02,407.365,12176,12168,12176,12168,12168,12176,580,600,580,560,660,600,3580,660,560,100,12168,28.12,52,6,337,810,N/A,
1786727162.998,2026-08-14T19:06:02,407.865,12176,12168,12176,12168,12168,12176,560,560,560,540,620,580,3420,620,540,80,12168,23.82,52,0,285,810,N/A,
1786727163.496,2026-08-14T19:06:03,408.365,12176,12168,12176,12176,12168,12176,540,540,540,520,600,540,3280,600,520,80,12168,20.61,51,0,225,405,N/A,
1786727163.998,2026-08-14T19:06:03,408.865,12176,12168,12184,12176,12168,12176,500,500,500,480,560,520,3060,560,480,80,12168,18.86,52,0,300,405,N/A,
1786727164.499,2026-08-14T19:06:04,409.365,12176,12168,12184,12176,12168,12176,500,500,500,480,560,520,3060,560,480,80,12168,17.58,51,0,225,405,N/A,
1786727164.996,2026-08-14T19:06:04,409.865,12184,12168,12184,12176,12176,12176,480,500,480,460,540,500,2960,540,460,80,12168,16.76,51,0,330,405,N/A,
1786727165.499,2026-08-14T19:06:05,410.365,12184,12168,12184,12176,12176,12176,460,460,460,440,520,480,2820,520,440,80,12168,15.67,51,0,225,405,N/A,
1786727165.998,2026-08-14T19:06:05,410.865,12184,12176,12184,12176,12176,12176,460,460,460,440,500,480,2800,500,440,60,12176,15.02,51,0,337,405,N/A,
1786727166.496,2026-08-14T19:06:06,411.365,12184,12176,12184,12176,12176,12176,440,460,440,420,500,460,2720,500,420,80,12176,15.59,51,0,300,405,N/A,
1786727166.998,2026-08-14T19:06:06,411.865,12184,12176,12184,12176,12176,12176,440,440,440,420,480,460,2680,480,420,60,12176,16.69,51,0,247,405,N/A,
1786727167.496,2026-08-14T19:06:07,412.365,12184,12176,12184,12176,12176,12176,440,440,440,420,480,460,2680,480,420,60,12176,16.16,51,0,292,405,N/A,
1786727167.998,2026-08-14T19:06:07,412.866,12184,12176,12184,12176,12176,12176,420,440,420,420,480,440,2620,480,420,60,12176,16.10,51,12,397,405,N/A,
1786727168.498,2026-08-14T19:06:08,413.366,12184,12176,12184,12176,12176,12176,440,440,420,420,480,460,2660,480,420,60,12176,15.65,51,0,225,405,N/A,
1786727168.996,2026-08-14T19:06:08,413.866,12184,12176,12184,12176,12176,12176,440,440,420,420,480,440,2640,480,420,60,12176,18.28,52,7,367,405,N/A,
1786727169.498,2026-08-14T19:06:09,414.366,12184,12176,12184,12176,12176,12176,440,440,420,420,480,440,2640,480,420,60,12176,18.48,51,0,330,405,N/A,
1786727169.999,2026-08-14T19:06:09,414.866,12184,12176,12184,12176,12176,12176,420,440,420,420,480,440,2620,480,420,60,12176,16.48,51,0,322,405,N/A,
1786727170.497,2026-08-14T19:06:10,415.366,12184,12176,12184,12176,12176,12176,440,440,420,420,480,440,2640,480,420,60,12176,15.73,51,0,375,405,N/A,
1786727171.000,2026-08-14T19:06:10,415.866,12184,12176,12184,12176,12176,12176,440,460,440,420,500,460,2720,500,420,80,12176,18.36,51,3,420,405,N/A,
1786727171.499,2026-08-14T19:06:11,416.366,12184,12168,12184,12176,12176,12176,440,460,440,420,500,460,2720,500,420,80,12168,20.91,51,7,382,405,N/A,
1786727172.000,2026-08-14T19:06:11,416.866,12184,12176,12184,12176,12176,12176,460,460,460,440,500,480,2800,500,440,60,12176,20.95,51,3,382,405,N/A,
1786727172.499,2026-08-14T19:06:12,417.366,12184,12176,12184,12176,12176,12176,440,460,440,420,500,480,2740,500,420,80,12176,20.92,52,3,397,405,N/A,
1786727172.999,2026-08-14T19:06:12,417.866,12184,12176,12184,12176,12176,12176,460,460,460,440,520,480,2820,520,440,80,12176,19.57,51,0,397,405,N/A,
1786727173.499,2026-08-14T19:06:13,418.366,12184,12176,12184,12176,12176,12176,460,480,460,440,520,480,2840,520,440,80,12176,18.45,51,2,412,405,N/A,
1786727174.002,2026-08-14T19:06:14,418.866,12184,12176,12184,12176,12176,12176,440,460,460,440,500,460,2760,500,440,60,12176,20.32,52,3,390,405,N/A,
1786727174.499,2026-08-14T19:06:14,419.366,12184,12176,12184,12176,12176,12176,440,460,460,440,500,460,2760,500,440,60,12176,19.16,51,0,225,405,N/A,
1786727174.996,2026-08-14T19:06:14,419.866,12184,12176,12184,12176,12176,12176,440,460,460,440,500,480,2780,500,440,60,12176,18.56,51,0,315,405,N/A,
1786727175.500,2026-08-14T19:06:15,420.367,12184,12176,12184,12176,12176,12176,460,460,440,420,500,460,2740,500,420,80,12176,18.89,51,0,322,405,N/A,
1786727175.999,2026-08-14T19:06:15,420.867,12184,12176,12184,12176,12176,12176,440,460,440,420,500,460,2720,500,420,80,12176,18.59,52,3,322,405,N/A,
1786727176.500,2026-08-14T19:06:16,421.367,12184,12176,12184,12176,12176,12176,440,440,420,400,480,440,2620,480,400,80,12176,17.15,51,0,315,405,N/A,
1786727177.004,2026-08-14T19:06:17,421.867,12184,12176,12184,12176,12176,12176,440,440,440,400,500,460,2680,500,400,100,12176,15.41,51,3,292,405,N/A,
1786727177.499,2026-08-14T19:06:17,422.367,12184,12176,12184,12176,12176,12176,440,460,440,420,500,460,2720,500,420,80,12176,15.95,51,4,390,405,N/A,
1786727177.999,2026-08-14T19:06:17,422.867,12184,12176,12184,12176,12176,12176,440,460,440,420,500,480,2740,500,420,80,12176,19.92,51,9,457,405,N/A,
1786727178.501,2026-08-14T19:06:18,423.367,12184,12176,12184,12176,12176,12176,440,460,440,420,500,480,2740,500,420,80,12176,19.60,51,0,337,405,N/A,
1786727179.000,2026-08-14T19:06:18,423.867,12184,12176,12184,12176,12176,12176,440,460,460,420,520,480,2780,520,420,100,12176,19.81,52,4,487,405,N/A,
1786727179.500,2026-08-14T19:06:19,424.367,12184,12176,12184,12176,12176,12176,440,460,460,420,520,480,2780,520,420,100,12176,18.79,51,0,307,405,N/A,
1786727180.000,2026-08-14T19:06:19,424.867,12184,12168,12184,12176,12176,12176,460,480,460,440,520,480,2840,520,440,80,12168,20.96,51,0,315,405,N/A,
1786727180.500,2026-08-14T19:06:20,425.367,12184,12176,12184,12176,12176,12176,440,480,460,420,520,480,2800,520,420,100,12176,20.54,51,4,232,405,N/A,
1786727181.000,2026-08-14T19:06:20,425.867,12184,12168,12184,12176,12176,12176,460,500,460,440,520,500,2880,520,440,80,12168,19.50,51,3,465,405,N/A,
1786727181.500,2026-08-14T19:06:21,426.367,12184,12168,12184,12176,12176,12176,480,500,480,440,540,500,2940,540,440,100,12168,21.88,52,3,435,405,N/A,
1786727182.000,2026-08-14T19:06:21,426.867,12184,12168,12184,12176,12176,12176,460,480,480,440,520,500,2880,520,440,80,12168,23.67,52,1,435,405,N/A,
1786727182.500,2026-08-14T19:06:22,427.368,12184,12176,12184,12176,12176,12176,460,480,460,440,520,480,2840,520,440,80,12176,20.94,51,4,315,405,N/A,
1786727183.000,2026-08-14T19:06:22,427.868,12184,12176,12184,12176,12176,12176,440,460,460,420,500,480,2760,500,420,80,12176,18.16,51,4,307,405,N/A,
1786727183.500,2026-08-14T19:06:23,428.368,12184,12176,12184,12176,12176,12176,440,460,440,420,500,460,2720,500,420,80,12176,17.44,51,0,225,405,N/A,
1786727183.998,2026-08-14T19:06:23,428.868,12184,12176,12184,12176,12176,12176,440,460,440,420,500,460,2720,500,420,80,12176,16.12,51,0,225,405,N/A,
1786727184.499,2026-08-14T19:06:24,429.368,12184,12176,12184,12176,12176,12176,440,460,440,420,480,460,2700,480,420,60,12176,17.86,51,0,292,405,N/A,
1786727185.001,2026-08-14T19:06:24,429.868,12184,12168,12184,12176,12176,12176,460,480,460,440,520,480,2840,520,440,80,12168,21.90,52,13,667,405,N/A,
1786727185.501,2026-08-14T19:06:25,430.368,12184,12168,12184,12176,12176,12176,460,460,440,440,500,480,2780,500,440,60,12168,20.30,51,0,307,405,N/A,
1786727186.002,2026-08-14T19:06:25,430.868,12184,12168,12184,12176,12176,12176,460,480,460,440,520,480,2840,520,440,80,12168,19.29,51,1,315,405,N/A,
1786727186.501,2026-08-14T19:06:26,431.368,12184,12168,12184,12176,12176,12176,480,480,460,440,520,500,2880,520,440,80,12168,20.49,52,3,397,405,N/A,
1786727187.002,2026-08-14T19:06:26,431.868,12184,12168,12184,12176,12176,12176,480,480,480,440,520,500,2900,520,440,80,12168,20.79,51,0,390,405,N/A,
1786727187.501,2026-08-14T19:06:27,432.368,12184,12176,12184,12176,12176,12176,460,480,460,440,520,480,2840,520,440,80,12176,22.02,51,0,397,405,N/A,
1786727188.001,2026-08-14T19:06:27,432.868,12184,12176,12184,12176,12176,12176,460,480,460,440,520,480,2840,520,440,80,12176,20.40,51,8,427,405,N/A,
1786727188.501,2026-08-14T19:06:28,433.368,12184,12176,12184,12176,12176,12176,440,460,440,420,500,460,2720,500,420,80,12176,19.20,51,0,427,405,N/A,
1786727189.002,2026-08-14T19:06:29,433.868,12184,12176,12184,12176,12176,12176,440,460,440,420,500,460,2720,500,420,80,12176,18.48,51,3,352,405,N/A,
1786727189.501,2026-08-14T19:06:29,434.368,12184,12176,12184,12176,12176,12176,460,480,440,440,500,480,2800,500,440,60,12176,16.94,51,4,375,405,N/A,
1786727190.001,2026-08-14T19:06:29,434.868,12184,12176,12184,12176,12176,12176,460,480,460,440,500,480,2820,500,440,60,12176,20.21,52,8,465,405,N/A,
1786727190.502,2026-08-14T19:06:30,435.369,12184,12176,12184,12176,12176,12176,440,460,440,440,500,480,2760,500,440,60,12176,21.32,51,4,390,405,N/A,
1786727191.002,2026-08-14T19:06:30,435.869,12184,12176,12184,12176,12176,12176,440,460,440,420,500,460,2720,500,420,80,12176,18.74,51,0,225,405,N/A,
1786727191.502,2026-08-14T19:06:31,436.369,12184,12176,12184,12176,12176,12176,440,440,420,420,480,460,2660,480,420,60,12176,17.17,51,0,262,405,N/A,
1786727192.002,2026-08-14T19:06:32,436.869,12184,12176,12184,12176,12176,12176,440,440,440,420,480,460,2680,480,420,60,12176,17.42,51,5,322,405,N/A,
1786727192.502,2026-08-14T19:06:32,437.369,12184,12176,12184,12176,12176,12176,460,460,460,420,500,480,2780,500,420,80,12176,18.24,51,3,420,405,N/A,
1786727193.002,2026-08-14T19:06:33,437.869,12184,12176,12184,12176,12176,12176,460,460,460,440,500,480,2800,500,440,60,12176,21.06,52,3,435,405,N/A,
1786727193.502,2026-08-14T19:06:33,438.369,12184,12176,12184,12176,12176,12176,460,460,460,440,520,480,2820,520,440,80,12176,22.63,51,4,592,405,N/A,
1786727194.001,2026-08-14T19:06:33,438.869,12184,12176,12184,12176,12176,12176,460,460,460,440,520,480,2820,520,440,80,12176,22.11,51,4,562,405,N/A,
1786727194.500,2026-08-14T19:06:34,439.369,12184,12176,12184,12176,12176,12176,460,480,460,440,520,480,2840,520,440,80,12176,19.80,51,4,427,405,N/A,
1786727195.000,2026-08-14T19:06:34,439.869,12184,12176,12184,12176,12176,12176,460,460,460,440,500,480,2800,500,440,60,12176,19.19,51,3,435,405,N/A,
1786727195.502,2026-08-14T19:06:35,440.369,12184,12176,12184,12176,12176,12176,460,460,460,440,520,480,2820,520,440,80,12176,19.56,51,3,412,405,N/A,
1786727196.001,2026-08-14T19:06:35,440.869,12184,12176,12184,12176,12176,12176,440,460,460,440,500,460,2760,500,440,60,12176,18.27,51,0,292,405,N/A,
1786727196.503,2026-08-14T19:06:36,441.369,12184,12168,12184,12176,12176,12176,480,500,480,460,540,500,2960,540,460,80,12168,18.88,52,11,480,405,N/A,
1786727197.002,2026-08-14T19:06:37,441.870,12184,12176,12184,12176,12176,12176,480,480,480,460,540,500,2940,540,460,80,12176,24.53,51,0,712,405,N/A,
1786727197.498,2026-08-14T19:06:37,442.370,12184,12168,12184,12176,12176,12176,480,500,500,460,540,500,2980,540,460,80,12168,24.90,51,7,442,405,N/A,
1786727197.998,2026-08-14T19:06:37,442.870,12184,12176,12184,12176,12176,12176,460,480,480,440,520,480,2860,520,440,80,12176,22.30,51,0,352,405,N/A,
1786727198.498,2026-08-14T19:06:38,443.370,12184,12176,12184,12176,12176,12176,440,460,440,420,500,460,2720,500,420,80,12176,20.70,51,0,262,405,N/A,
1786727198.998,2026-08-14T19:06:38,443.870,12184,12176,12184,12176,12176,12176,440,460,440,420,500,460,2720,500,420,80,12176,20.27,51,0,262,405,N/A,
1786727199.498,2026-08-14T19:06:39,444.370,12184,12176,12184,12176,12176,12176,420,440,420,400,480,440,2600,480,400,80,12176,20.27,51,0,262,405,N/A,
1786727199.998,2026-08-14T19:06:39,444.870,12184,12176,12184,12176,12176,12176,420,420,420,400,460,440,2560,460,400,60,12176,13.89,51,0,217,405,N/A,
1786727200.501,2026-08-14T19:06:40,445.370,12184,12176,12184,12176,12176,12176,400,420,400,380,460,420,2480,460,380,80,12176,13.89,51,0,217,405,N/A,
1786727200.998,2026-08-14T19:06:40,445.870,12184,12168,12184,12176,12176,12176,480,480,480,460,540,500,2940,540,460,80,12168,13.02,51,0,225,405,N/A,
1786727201.498,2026-08-14T19:06:41,446.370,12176,12168,12176,12168,12168,12168,580,580,580,540,640,600,3520,640,540,100,12168,22.37,52,2,1890,13801,N/A,
1786727201.998,2026-08-14T19:06:41,446.870,12176,12160,12176,12168,12168,12168,640,640,660,620,720,680,3960,720,620,100,12160,42.69,52,0,1792,13801,N/A,
1786727202.498,2026-08-14T19:06:42,447.370,12176,12160,12176,12168,12168,12168,660,680,680,640,760,700,4120,760,640,120,12160,60.34,52,3,1965,13801,N/A,
1786727202.998,2026-08-14T19:06:42,447.870,12176,12168,12176,12168,12168,12168,660,660,660,640,740,680,4040,740,640,100,12168,56.40,52,0,1702,13801,N/A,
1786727203.498,2026-08-14T19:06:43,448.370,12176,12168,12176,12168,12168,12168,640,640,640,620,720,660,3920,720,620,100,12168,46.63,52,0,420,7001,N/A,
1786727203.998,2026-08-14T19:06:43,448.871,12176,12168,12176,12168,12168,12168,640,640,640,620,720,660,3920,720,620,100,12168,39.19,52,0,337,7001,N/A,
1786727204.498,2026-08-14T19:06:44,449.371,12176,12168,12176,12168,12168,12168,620,620,620,600,700,640,3800,700,600,100,12168,34.13,52,0,262,7001,N/A,
1786727204.998,2026-08-14T19:06:44,449.871,12176,12168,12176,12168,12168,12176,600,620,620,580,680,640,3740,680,580,100,12168,33.69,51,0,225,7001,N/A,
1786727205.500,2026-08-14T19:06:45,450.371,12176,12168,12176,12168,12168,12176,600,600,600,580,660,620,3660,660,580,80,12168,33.69,51,0,225,7001,N/A,
1786727206.000,2026-08-14T19:06:45,450.871,12176,12168,12176,12168,12168,12176,560,560,560,540,620,580,3420,620,540,80,12168,30.99,51,0,232,810,N/A,
1786727206.499,2026-08-14T19:06:46,451.371,12176,12168,12184,12176,12168,12176,520,520,520,500,580,540,3180,580,500,80,12168,26.62,51,0,225,810,N/A,
1786727206.999,2026-08-14T19:06:46,451.871,12184,12176,12184,12176,12176,12176,480,500,480,460,540,500,2960,540,460,80,12176,25.29,51,0,225,810,N/A,
1786727207.499,2026-08-14T19:06:47,452.371,12184,12176,12184,12176,12176,12176,460,460,460,440,520,480,2820,520,440,80,12176,25.29,51,0,225,810,N/A,
1786727208.000,2026-08-14T19:06:47,452.871,12184,12176,12184,12176,12176,12176,440,460,440,420,500,460,2720,500,420,80,12176,13.66,51,0,225,810,N/A,
1786727208.500,2026-08-14T19:06:48,453.371,12184,12176,12184,12176,12176,12176,440,460,440,400,480,440,2660,480,400,80,12176,13.66,51,0,225,810,N/A,
1786727209.000,2026-08-14T19:06:48,453.871,12184,12176,12184,12176,12176,12176,420,440,420,400,480,440,2600,480,400,80,12176,13.51,51,0,225,405,N/A,
1786727209.501,2026-08-14T19:06:49,454.371,12184,12176,12184,12176,12176,12176,420,420,420,400,460,440,2560,460,400,60,12176,13.51,51,0,225,405,N/A,
1786727210.002,2026-08-14T19:06:50,454.871,12184,12176,12184,12176,12176,12176,420,440,420,420,480,440,2620,480,420,60,12176,13.99,51,0,247,405,N/A,
1786727210.504,2026-08-14T19:06:50,455.371,12184,12176,12184,12176,12176,12176,420,440,420,400,480,440,2600,480,400,80,12176,16.60,51,0,375,405,N/A,
1786727211.005,2026-08-14T19:06:51,455.872,12184,12176,12184,12176,12176,12176,480,480,480,460,520,480,2900,520,460,60,12176,21.17,52,21,465,405,N/A,
1786727211.505,2026-08-14T19:06:51,456.372,12184,12176,12184,12176,12176,12176,480,480,480,460,540,500,2940,540,460,80,12176,24.73,51,3,442,405,N/A,
1786727212.005,2026-08-14T19:06:52,456.872,12184,12176,12184,12176,12176,12176,480,480,480,460,540,500,2940,540,460,80,12176,27.38,51,8,562,405,N/A,
1786727212.694,2026-08-14T19:06:52,457.372,12176,12168,12184,12176,12168,12176,500,500,500,480,560,520,3060,560,480,80,12168,22.89,51,4,412,405,N/A,
1786727213.000,2026-08-14T19:06:52,457.872,12176,12168,12176,12168,12168,12176,560,580,560,520,620,580,3420,620,520,100,12168,22.78,52,13,555,405,N/A,
1786727213.500,2026-08-14T19:06:53,458.372,12176,12168,12176,12168,12168,12176,560,580,560,520,620,580,3420,620,520,100,12168,32.81,52,1,1530,7001,N/A,
1786727214.000,2026-08-14T19:06:53,458.872,12176,12168,12176,12168,12168,12168,620,640,620,600,700,640,3820,700,600,100,12168,50.65,52,1,1800,7001,N/A,
1786727214.501,2026-08-14T19:06:54,459.372,12176,12168,12176,12168,12168,12168,640,640,640,620,700,660,3900,700,620,80,12168,55.46,52,1,1582,7001,N/A,
1786727215.001,2026-08-14T19:06:54,459.872,12176,12168,12176,12168,12168,12168,600,620,620,580,680,640,3740,680,580,100,12168,48.83,52,0,1477,810,N/A,
1786727215.503,2026-08-14T19:06:55,460.372,12176,12168,12176,12168,12168,12176,600,600,600,580,660,620,3660,660,580,80,12168,35.40,51,1,495,810,N/A,
1786727216.002,2026-08-14T19:06:56,460.872,12176,12168,12176,12168,12168,12176,580,600,600,560,660,620,3620,660,560,100,12168,27.43,51,6,465,810,N/A,
1786727216.506,2026-08-14T19:06:56,461.372,12176,12168,12176,12168,12168,12176,560,580,580,560,640,600,3520,640,560,80,12168,27.71,51,2,412,810,N/A,
1786727217.006,2026-08-14T19:06:57,461.872,12176,12168,12176,12168,12168,12176,560,580,580,540,620,580,3460,620,540,80,12168,26.97,52,8,510,405,N/A,
1786727217.506,2026-08-14T19:06:57,462.372,12176,12168,12176,12168,12168,12176,540,560,560,540,620,580,3400,620,540,80,12168,25.67,51,4,375,405,N/A,
1786727218.007,2026-08-14T19:06:58,462.873,12176,12168,12176,12176,12168,12176,540,560,560,520,600,560,3340,600,520,80,12168,25.02,51,7,427,405,N/A,
1786727218.506,2026-08-14T19:06:58,463.373,12176,12168,12176,12176,12168,12176,540,560,560,520,600,560,3340,600,520,80,12168,23.77,51,7,487,405,N/A,
1786727219.002,2026-08-14T19:06:59,463.873,12176,12168,12176,12168,12168,12176,540,580,580,540,620,580,3440,620,540,80,12168,28.38,52,10,480,405,N/A,
1786727219.506,2026-08-14T19:06:59,464.373,12176,12168,12176,12168,12168,12176,560,580,580,540,620,580,3460,620,540,80,12168,33.51,52,0,862,405,N/A,
1786727220.003,2026-08-14T19:07:00,464.873,12184,12168,12176,12176,12168,12176,540,560,560,520,600,560,3340,600,520,80,12168,26.68,51,0,405,405,N/A,
1786727220.501,2026-08-14T19:07:00,465.373,12184,12176,12184,12176,12176,12176,500,520,520,500,580,540,3160,580,500,80,12176,20.98,51,0,360,405,N/A,
1786727221.006,2026-08-14T19:07:01,465.873,12184,12168,12184,12176,12176,12176,520,520,540,500,580,540,3200,580,500,80,12168,18.83,51,0,232,405,N/A,
1786727221.508,2026-08-14T19:07:01,466.373,12184,12168,12184,12176,12176,12176,500,520,520,500,560,520,3120,560,500,60,12168,20.80,51,7,975,405,N/A,
1786727222.007,2026-08-14T19:07:02,466.873,12184,12168,12184,12176,12176,12176,520,520,520,500,560,520,3140,560,500,60,12168,23.32,51,3,495,405,N/A,
1786727222.506,2026-08-14T19:07:02,467.373,12184,12168,12184,12176,12176,12176,500,520,520,500,560,520,3120,560,500,60,12168,23.09,51,3,547,405,N/A,
1786727223.001,2026-08-14T19:07:03,467.873,12176,12168,12176,12168,12168,12176,640,640,660,640,700,660,3940,700,640,60,12168,23.96,51,0,247,405,N/A,
1786727223.501,2026-08-14T19:07:03,468.373,12176,12168,12176,12168,12168,12176,640,640,660,640,700,660,3940,700,640,60,12168,32.48,54,85,1470,405,N/A,
1786727224.001,2026-08-14T19:07:03,468.873,12168,12160,12168,12160,12160,12168,800,820,840,800,900,840,5000,900,800,100,12160,65.84,54,1,2932,13801,N/A,
1786727224.501,2026-08-14T19:07:04,469.373,12168,12160,12168,12160,12160,12160,940,960,980,940,1040,980,5840,1040,940,100,12160,100.17,54,1,2932,13801,N/A,
1786727225.001,2026-08-14T19:07:04,469.874,12160,12152,12160,12152,12152,12160,1040,1060,1100,1040,1160,1100,6500,1160,1040,120,12152,99.33,54,0,2932,13801,N/A,
1786727225.502,2026-08-14T19:07:05,470.374,12168,12152,12168,12160,12160,12160,960,980,1000,960,1080,1000,5980,1080,960,120,12152,95.39,53,0,2242,7001,N/A,
1786727226.002,2026-08-14T19:07:06,470.874,12168,12160,12168,12160,12160,12160,900,900,920,880,1000,920,5520,1000,880,120,12160,67.50,52,2,885,7001,N/A,
1786727226.502,2026-08-14T19:07:06,471.374,12168,12160,12168,12160,12160,12168,820,840,860,820,920,860,5120,920,820,100,12160,41.34,52,2,885,7001,N/A,
1786727227.002,2026-08-14T19:07:07,471.874,12176,12160,12176,12168,12160,12168,780,780,800,760,860,800,4780,860,760,100,12160,38.31,52,0,592,7001,N/A,
1786727227.502,2026-08-14T19:07:07,472.374,12176,12168,12176,12168,12168,12168,720,740,740,720,800,760,4480,800,720,80,12168,37.32,52,1,540,7001,N/A,
1786727228.004,2026-08-14T19:07:08,472.874,12176,12168,12176,12168,12168,12168,680,700,720,680,760,720,4260,760,680,80,12168,35.79,52,0,397,7001,N/A,
1786727228.504,2026-08-14T19:07:08,473.374,12176,12168,12176,12168,12168,12168,680,700,720,680,760,720,4260,760,680,80,12168,34.69,52,0,352,7001,N/A,
1786727229.004,2026-08-14T19:07:09,473.874,12176,12168,12176,12168,12168,12176,640,660,660,640,720,680,4000,720,640,80,12168,31.10,52,2,285,810,N/A,
1786727229.503,2026-08-14T19:07:09,474.374,12176,12168,12176,12168,12168,12176,600,620,620,600,660,620,3720,660,600,60,12168,26.13,51,0,330,810,N/A,
1786727230.007,2026-08-14T19:07:10,474.874,12176,12168,12176,12176,12168,12176,560,580,580,560,640,600,3520,640,560,80,12168,21.37,51,0,277,810,N/A,
1786727230.508,2026-08-14T19:07:10,475.374,12184,12168,12176,12176,12176,12176,540,560,560,520,600,560,3340,600,520,80,12168,19.14,51,0,270,405,N/A,
1786727231.005,2026-08-14T19:07:11,475.875,12176,12168,12176,12168,12168,12176,560,580,580,540,640,580,3480,640,540,100,12168,21.10,51,4,442,405,N/A,
1786727231.508,2026-08-14T19:07:11,476.375,12184,12168,12184,12176,12176,12176,540,540,540,520,600,560,3300,600,520,80,12168,28.52,52,6,862,405,N/A,
1786727232.005,2026-08-14T19:07:12,476.875,12184,12168,12184,12176,12176,12176,520,520,520,500,580,540,3180,580,500,80,12168,27.44,51,0,607,405,N/A,
1786727232.508,2026-08-14T19:07:12,477.375,12184,12176,12184,12176,12176,12176,500,500,500,480,560,520,3060,560,480,80,12176,20.72,51,0,465,405,N/A,
1786727233.005,2026-08-14T19:07:13,477.875,12184,12176,12184,12176,12176,12176,480,480,480,460,520,500,2920,520,460,60,12176,18.03,51,0,397,405,N/A,
1786727233.508,2026-08-14T19:07:13,478.375,12184,12176,12184,12176,12176,12176,480,480,480,460,520,500,2920,520,460,60,12176,15.90,51,0,247,405,N/A,
1786727234.008,2026-08-14T19:07:14,478.875,12184,12176,12184,12176,12176,12176,460,460,460,440,520,480,2820,520,440,80,12176,15.45,51,0,225,405,N/A,
1786727234.507,2026-08-14T19:07:14,479.375,12184,12176,12184,12176,12176,12176,440,460,440,420,500,460,2720,500,420,80,12176,15.36,51,0,285,405,N/A,
1786727235.005,2026-08-14T19:07:15,479.875,12184,12176,12184,12176,12176,12176,440,440,440,420,480,460,2680,480,420,60,12176,15.77,51,4,307,405,N/A,
1786727235.506,2026-08-14T19:07:15,480.375,12184,12176,12184,12176,12176,12176,440,440,440,420,480,460,2680,480,420,60,12176,15.03,51,0,225,405,N/A,
1786727236.008,2026-08-14T19:07:16,480.875,12184,12176,12184,12176,12176,12184,420,440,420,400,480,440,2600,480,400,80,12176,15.84,51,0,292,405,N/A,
1786727236.506,2026-08-14T19:07:16,481.375,12184,12176,12184,12176,12176,12184,440,440,440,420,480,440,2660,480,420,60,12176,16.89,51,5,360,405,N/A,
1786727237.005,2026-08-14T19:07:17,481.875,12184,12176,12184,12176,12176,12184,440,440,420,400,480,440,2620,480,400,80,12176,17.59,51,7,352,405,N/A,
1786727237.508,2026-08-14T19:07:17,482.375,12184,12176,12184,12176,12176,12184,420,440,420,400,480,440,2600,480,400,80,12176,18.50,51,0,225,405,N/A,
1786727238.004,2026-08-14T19:07:18,482.876,12184,12176,12184,12176,12176,12184,420,440,420,400,480,440,2600,480,400,80,12176,16.91,51,0,225,405,N/A,
1786727238.506,2026-08-14T19:07:18,483.376,12184,12176,12184,12176,12176,12184,420,420,420,400,480,440,2580,480,400,80,12176,15.41,51,0,225,405,N/A,
1786727239.008,2026-08-14T19:07:19,483.876,12184,12176,12184,12176,12176,12184,420,420,400,400,460,420,2520,460,400,60,12176,15.76,51,0,292,405,N/A,
1786727239.507,2026-08-14T19:07:19,484.376,12184,12176,12184,12176,12176,12184,400,420,400,400,460,420,2500,460,400,60,12176,14.61,51,0,285,405,N/A,
1786727240.005,2026-08-14T19:07:20,484.876,12184,12176,12184,12176,12176,12184,400,420,400,380,460,420,2480,460,380,80,12176,14.50,51,0,247,405,N/A,
1786727240.510,2026-08-14T19:07:20,485.376,12184,12176,12184,12176,12176,12184,400,420,400,380,440,420,2460,440,380,60,12176,14.85,51,0,292,405,N/A,
1786727241.010,2026-08-14T19:07:21,485.876,12184,12176,12184,12176,12176,12176,440,460,440,440,500,460,2740,500,440,60,12176,15.41,51,3,292,405,N/A,
1786727241.506,2026-08-14T19:07:21,486.376,12184,12176,12184,12176,12176,12176,440,440,440,440,500,460,2720,500,440,60,12176,24.15,52,17,840,405,N/A,
1786727242.009,2026-08-14T19:07:22,486.876,12184,12176,12184,12176,12176,12176,440,440,440,420,480,460,2680,480,420,60,12176,24.70,51,0,232,405,N/A,
1786727242.507,2026-08-14T19:07:22,487.376,12184,12176,12184,12176,12176,12184,420,440,440,420,480,440,2640,480,420,60,12176,20.05,51,0,247,405,N/A,
1786727243.009,2026-08-14T19:07:23,487.876,12184,12176,12184,12176,12176,12184,420,440,440,420,480,440,2640,480,420,60,12176,17.16,51,0,292,405,N/A,
1786727243.509,2026-08-14T19:07:23,488.376,12184,12176,12184,12176,12176,12184,420,420,420,400,480,440,2580,480,400,80,12176,17.03,51,4,300,405,N/A,
1786727244.010,2026-08-14T19:07:24,488.876,12184,12176,12184,12176,12176,12184,420,420,420,400,480,440,2580,480,400,80,12176,14.76,51,0,225,405,N/A,
1786727244.506,2026-08-14T19:07:24,489.377,12184,12176,12184,12176,12176,12184,420,420,420,400,460,420,2540,460,400,60,12176,15.07,51,0,225,405,N/A,
1786727245.009,2026-08-14T19:07:25,489.877,12184,12176,12184,12176,12176,12184,400,420,400,400,460,420,2500,460,400,60,12176,15.35,51,0,225,405,N/A,
1786727245.507,2026-08-14T19:07:25,490.377,12184,12176,12184,12176,12176,12184,400,420,400,400,440,420,2480,440,400,40,12176,14.37,51,0,285,405,N/A,
1786727246.009,2026-08-14T19:07:26,490.877,12184,12176,12184,12176,12176,12184,400,400,400,380,440,420,2440,440,380,60,12176,14.69,51,0,285,405,N/A,
1786727246.507,2026-08-14T19:07:26,491.377,12184,12176,12184,12176,12176,12184,400,400,400,380,440,420,2440,440,380,60,12176,14.84,51,5,315,405,N/A,
1786727247.011,2026-08-14T19:07:27,491.877,12184,12176,12184,12176,12176,12184,400,400,400,380,440,420,2440,440,380,60,12176,14.07,51,1,225,405,N/A,
1786727247.506,2026-08-14T19:07:27,492.377,12184,12176,12184,12176,12176,12184,400,400,400,380,440,420,2440,440,380,60,12176,14.76,51,0,217,405,N/A,
1786727248.009,2026-08-14T19:07:28,492.877,12184,12176,12184,12176,12176,12184,400,400,400,380,440,420,2440,440,380,60,12176,14.47,51,0,225,405,N/A,
1786727248.510,2026-08-14T19:07:28,493.377,12184,12176,12184,12176,12176,12184,400,400,400,380,440,400,2420,440,380,60,12176,14.16,51,0,285,405,N/A,
1786727249.010,2026-08-14T19:07:29,493.877,12184,12176,12184,12176,12176,12184,400,400,400,380,440,420,2440,440,380,60,12176,14.74,51,0,285,405,N/A,
1786727249.510,2026-08-14T19:07:29,494.377,12184,12176,12184,12176,12176,12184,380,400,400,380,440,420,2420,440,380,60,12176,14.82,51,3,285,405,N/A,
1786727250.011,2026-08-14T19:07:30,494.877,12184,12176,12184,12176,12176,12184,380,400,400,380,440,420,2420,440,380,60,12176,13.95,51,0,225,405,N/A,
1786727250.506,2026-08-14T19:07:30,495.377,12184,12176,12184,12176,12176,12184,380,400,400,380,440,400,2400,440,380,60,12176,14.04,51,0,225,405,N/A,
1786727251.010,2026-08-14T19:07:31,495.877,12184,12176,12184,12176,12176,12184,400,400,400,380,440,400,2420,440,380,60,12176,14.35,51,0,225,405,N/A,
1786727251.508,2026-08-14T19:07:31,496.378,12184,12176,12184,12176,12176,12184,380,400,400,380,440,400,2400,440,380,60,12176,14.05,51,0,225,405,N/A,
1786727252.010,2026-08-14T19:07:32,496.878,12184,12176,12184,12176,12176,12184,400,400,400,380,440,400,2420,440,380,60,12176,14.31,51,0,285,405,N/A,
1786727252.508,2026-08-14T19:07:32,497.378,12184,12176,12184,12176,12176,12184,400,400,400,380,440,400,2420,440,380,60,12176,14.42,51,4,285,405,N/A,
1786727253.011,2026-08-14T19:07:33,497.878,12184,12176,12184,12176,12176,12184,400,400,400,380,440,400,2420,440,380,60,12176,14.11,51,0,240,405,N/A,
1786727253.507,2026-08-14T19:07:33,498.378,12184,12176,12184,12176,12176,12184,400,400,400,380,440,400,2420,440,380,60,12176,15.12,51,0,225,405,N/A,
1786727254.010,2026-08-14T19:07:34,498.878,12184,12176,12184,12176,12176,12184,400,400,400,380,440,400,2420,440,380,60,12176,15.17,51,0,225,405,N/A,
1786727254.509,2026-08-14T19:07:34,499.378,12184,12176,12184,12176,12176,12184,400,400,400,380,440,400,2420,440,380,60,12176,15.51,51,4,330,405,N/A,
1786727255.008,2026-08-14T19:07:35,499.878,12184,12176,12184,12176,12176,12184,400,400,400,380,440,400,2420,440,380,60,12176,15.43,51,0,225,405,N/A,
1786727255.510,2026-08-14T19:07:35,500.378,12184,12176,12184,12176,12176,12184,400,400,400,380,440,400,2420,440,380,60,12176,14.72,51,0,225,405,N/A,
1786727256.009,2026-08-14T19:07:36,500.878,12184,12176,12184,12176,12176,12184,400,400,400,380,440,420,2440,440,380,60,12176,14.72,51,0,225,405,N/A,
1786727256.509,2026-08-14T19:07:36,501.378,12184,12176,12184,12176,12176,12184,400,400,400,380,440,400,2420,440,380,60,12176,15.23,51,0,292,405,N/A,
1786727257.011,2026-08-14T19:07:37,501.878,12184,12176,12184,12176,12176,12184,400,400,400,380,440,420,2440,440,380,60,12176,15.14,51,0,285,405,N/A,
1786727257.509,2026-08-14T19:07:37,502.378,12184,12176,12184,12176,12176,12184,400,400,400,380,440,420,2440,440,380,60,12176,14.67,51,3,307,405,N/A,
1786727258.011,2026-08-14T19:07:38,502.879,12184,12176,12184,12176,12176,12184,400,400,400,380,440,420,2440,440,380,60,12176,14.70,51,0,225,405,N/A,
1786727258.511,2026-08-14T19:07:38,503.379,12184,12176,12184,12176,12176,12184,400,400,400,380,440,420,2440,440,380,60,12176,15.13,51,0,225,405,N/A,
1786727259.009,2026-08-14T19:07:39,503.879,12184,12176,12184,12176,12176,12184,400,400,400,380,440,420,2440,440,380,60,12176,14.47,51,0,225,405,N/A,
1786727259.511,2026-08-14T19:07:39,504.379,12184,12176,12184,12176,12176,12184,400,400,400,380,440,400,2420,440,380,60,12176,14.52,51,0,225,405,N/A,
1786727260.012,2026-08-14T19:07:40,504.879,12184,12176,12184,12176,12176,12184,400,400,400,380,440,400,2420,440,380,60,12176,14.48,51,0,285,405,N/A,
1786727260.510,2026-08-14T19:07:40,505.379,12184,12176,12184,12176,12176,12184,380,400,400,380,440,400,2400,440,380,60,12176,14.69,51,4,292,405,N/A,
1786727261.008,2026-08-14T19:07:41,505.879,12184,12176,12184,12176,12176,12184,380,400,400,380,440,400,2400,440,380,60,12176,14.62,51,0,225,405,N/A,
1786727261.512,2026-08-14T19:07:41,506.379,12184,12176,12184,12176,12176,12184,400,400,400,380,440,400,2420,440,380,60,12176,14.48,51,0,225,405,N/A,
1786727262.012,2026-08-14T19:07:42,506.879,12184,12176,12184,12176,12176,12184,380,400,380,380,440,400,2380,440,380,60,12176,15.12,51,0,217,405,N/A,
1786727262.513,2026-08-14T19:07:42,507.379,12184,12176,12184,12176,12176,12184,380,420,400,380,460,420,2460,460,380,80,12176,15.11,51,0,225,405,N/A,
1786727263.010,2026-08-14T19:07:43,507.879,12184,12176,12184,12176,12176,12184,400,420,400,380,460,420,2480,460,380,80,12176,14.80,51,0,277,405,N/A,
1786727263.510,2026-08-14T19:07:43,508.379,12184,12176,12184,12176,12176,12184,400,420,400,380,460,420,2480,460,380,80,12176,16.42,51,0,270,405,N/A,
1786727264.011,2026-08-14T19:07:44,508.879,12184,12176,12184,12176,12176,12184,440,440,440,420,480,460,2680,480,420,60,12176,23.32,51,20,975,405,N/A,
1786727264.523,2026-08-14T19:07:44,509.379,12184,12176,12184,12176,12176,12176,480,500,500,460,540,520,3000,540,460,80,12176,27.05,52,27,1035,405,N/A,
1786727265.007,2026-08-14T19:07:45,509.880,12176,12168,12176,12168,12168,12168,720,740,760,700,800,760,4480,800,700,100,12168,31.24,53,39,697,405,N/A,
1786727265.507,2026-08-14T19:07:45,510.380,12168,12160,12168,12160,12160,12168,880,900,940,880,980,920,5500,980,880,100,12160,74.91,54,1,2932,13801,N/A,
1786727266.007,2026-08-14T19:07:46,510.880,12160,12152,12168,12152,12152,12160,1000,1020,1060,1000,1120,1060,6260,1120,1000,120,12152,104.92,54,3,2932,13801,N/A,
1786727266.508,2026-08-14T19:07:46,511.380,12160,12152,12160,12152,12152,12160,1040,1080,1100,1040,1180,1100,6540,1180,1040,140,12152,102.74,54,0,2932,13801,N/A,
1786727267.007,2026-08-14T19:07:47,511.880,12160,12152,12168,12152,12152,12160,960,980,1000,940,1080,1020,5980,1080,940,140,12152,98.48,54,0,2932,7001,N/A,
1786727267.508,2026-08-14T19:07:47,512.380,12160,12152,12168,12152,12152,12160,960,980,1000,940,1080,1020,5980,1080,940,140,12152,67.26,52,0,727,7001,N/A,
1786727268.008,2026-08-14T19:07:48,512.880,12160,12152,12160,12152,12152,12160,980,1000,1020,960,1100,1040,6100,1100,960,140,12152,54.93,53,0,2580,13801,N/A,
1786727268.508,2026-08-14T19:07:48,513.380,12160,12152,12160,12152,12152,12160,980,1000,1020,960,1100,1020,6080,1100,960,140,12152,67.96,53,0,2572,13801,N/A,
1786727269.011,2026-08-14T19:07:49,513.880,12168,12160,12168,12160,12160,12160,900,920,920,880,1000,940,5560,1000,880,120,12160,63.20,52,1,622,7001,N/A,
1786727269.509,2026-08-14T19:07:49,514.380,12168,12160,12168,12160,12160,12168,820,820,820,780,900,860,5000,900,780,120,12160,46.05,52,0,457,810,N/A,
1786727270.008,2026-08-14T19:07:50,514.880,12168,12160,12168,12160,12160,12168,740,740,740,700,820,760,4500,820,700,120,12160,29.75,51,0,367,810,N/A,
1786727270.508,2026-08-14T19:07:50,515.380,12168,12160,12168,12160,12160,12168,780,780,760,740,860,800,4720,860,740,120,12160,22.88,51,0,277,810,N/A,
1786727271.008,2026-08-14T19:07:51,515.880,12168,12160,12168,12160,12160,12160,840,840,820,800,920,860,5080,920,800,120,12160,40.83,53,0,2580,13801,N/A,
1786727271.508,2026-08-14T19:07:51,516.380,12160,12152,12168,12160,12152,12160,880,900,880,840,980,920,5400,980,840,140,12152,62.22,53,0,2572,13801,N/A,
1786727272.008,2026-08-14T19:07:52,516.881,12160,12152,12160,12152,12152,12160,920,940,920,880,1020,960,5640,1020,880,140,12152,72.03,53,0,2580,13801,N/A,
1786727272.508,2026-08-14T19:07:52,517.381,12160,12152,12160,12152,12152,12160,920,940,920,880,1020,960,5640,1020,880,140,12152,73.23,53,0,2572,13801,N/A,
1786727273.008,2026-08-14T19:07:53,517.881,12160,12152,12160,12152,12152,12160,940,960,940,900,1060,980,5780,1060,900,160,12152,71.88,53,0,2587,13801,N/A,
1786727273.508,2026-08-14T19:07:53,518.381,12160,12152,12160,12152,12152,12152,980,1000,980,940,1100,1020,6020,1100,940,160,12152,70.62,53,0,2572,13801,N/A,
1786727274.009,2026-08-14T19:07:54,518.881,12160,12152,12160,12152,12152,12152,1020,1040,1040,980,1140,1080,6300,1140,980,160,12152,76.77,53,4,2715,13801,N/A,
1786727274.509,2026-08-14T19:07:54,519.381,12160,12144,12160,12152,12152,12152,1080,1100,1080,1020,1200,1120,6600,1200,1020,180,12144,83.12,53,5,2685,13801,N/A,
1786727275.009,2026-08-14T19:07:55,519.881,12152,12144,12152,12144,12144,12152,1100,1120,1100,1060,1220,1160,6760,1220,1060,160,12144,84.93,54,7,2760,13801,N/A,
1786727275.509,2026-08-14T19:07:55,520.381,12152,12144,12152,12144,12144,12152,1120,1140,1120,1080,1260,1180,6900,1260,1080,180,12144,85.74,53,4,2677,13801,N/A,
1786727276.009,2026-08-14T19:07:56,520.881,12152,12144,12152,12144,12144,12152,1140,1160,1140,1100,1280,1180,7000,1280,1100,180,12144,83.62,53,4,2685,13801,N/A,
1786727276.509,2026-08-14T19:07:56,521.381,12152,12144,12152,12144,12144,12144,1220,1240,1240,1180,1360,1260,7500,1360,1180,180,12144,82.76,53,4,2670,13801,N/A,
1786727277.009,2026-08-14T19:07:57,521.881,12152,12136,12152,12144,12136,12144,1300,1340,1340,1260,1460,1360,8060,1460,1260,200,12136,93.64,54,5,2880,13801,N/A,
1786727277.509,2026-08-14T19:07:57,522.381,12152,12136,12152,12144,12136,12144,1300,1340,1340,1260,1460,1360,8060,1460,1260,200,12136,107.88,55,12,2932,13801,N/A,
1786727278.009,2026-08-14T19:07:58,522.881,12144,12136,12144,12136,12136,12144,1320,1360,1360,1280,1480,1380,8180,1480,1280,200,12136,107.72,54,3,2932,13801,N/A,
1786727278.509,2026-08-14T19:07:58,523.381,12144,12136,12144,12136,12136,12144,1340,1380,1360,1300,1500,1400,8280,1500,1300,200,12136,100.09,54,3,2932,13801,N/A,
1786727279.009,2026-08-14T19:07:59,523.881,12152,12136,12144,12136,12136,12144,1340,1360,1360,1300,1500,1400,8260,1500,1300,200,12136,98.20,54,3,2932,13801,N/A,
1786727279.510,2026-08-14T19:07:59,524.382,12152,12144,12152,12144,12144,12144,1280,1320,1300,1240,1440,1340,7920,1440,1240,200,12144,92.58,54,3,2625,13801,N/A,
1786727280.009,2026-08-14T19:08:00,524.882,12152,12136,12152,12144,12136,12144,1300,1340,1320,1260,1460,1360,8040,1460,1260,200,12136,82.00,54,3,2625,13801,N/A,
1786727280.509,2026-08-14T19:08:00,525.382,12144,12136,12144,12136,12136,12144,1360,1400,1380,1320,1520,1420,8400,1520,1320,200,12136,90.25,55,12,2805,13801,N/A,
1786727281.010,2026-08-14T19:08:01,525.882,12144,12136,12144,12136,12136,12144,1400,1440,1420,1340,1560,1460,8620,1560,1340,220,12136,105.74,55,13,2722,13801,N/A,
1786727281.510,2026-08-14T19:08:01,526.382,12144,12136,12144,12136,12136,12136,1420,1460,1440,1380,1580,1480,8760,1580,1380,200,12136,107.48,55,4,2902,13801,N/A,
1786727282.010,2026-08-14T19:08:02,526.882,12144,12136,12144,12136,12136,12136,1440,1460,1460,1380,1600,1500,8840,1600,1380,220,12136,107.37,55,10,2910,13801,N/A,
1786727282.510,2026-08-14T19:08:02,527.382,12144,12136,12144,12136,12136,12136,1440,1460,1460,1380,1600,1500,8840,1600,1380,220,12136,107.30,55,9,2910,13801,N/A,
1786727283.010,2026-08-14T19:08:03,527.882,12144,12136,12144,12136,12136,12144,1400,1420,1420,1340,1560,1460,8600,1560,1340,220,12136,101.89,54,6,2715,13801,N/A,
1786727283.510,2026-08-14T19:08:03,528.382,12144,12136,12144,12136,12136,12144,1340,1380,1360,1300,1500,1400,8280,1500,1300,200,12136,92.72,54,5,2647,13801,N/A,
1786727284.010,2026-08-14T19:08:04,528.882,12144,12136,12144,12144,12136,12144,1300,1340,1320,1260,1460,1380,8060,1460,1260,200,12136,83.96,54,6,2647,13801,N/A,
1786727284.510,2026-08-14T19:08:04,529.382,12152,12136,12152,12144,12136,12144,1280,1320,1300,1240,1440,1340,7920,1440,1240,200,12136,84.26,54,3,2670,13801,N/A,
1786727285.010,2026-08-14T19:08:05,529.882,12152,12136,12152,12144,12144,12144,1280,1300,1280,1220,1420,1340,7840,1420,1220,200,12136,85.63,54,4,2692,13801,N/A,
1786727285.510,2026-08-14T19:08:05,530.382,12152,12136,12152,12144,12144,12144,1260,1280,1260,1220,1400,1320,7740,1400,1220,180,12136,85.64,54,4,2692,13801,N/A,
1786727286.010,2026-08-14T19:08:06,530.882,12152,12144,12152,12144,12144,12144,1240,1280,1260,1200,1400,1300,7680,1400,1200,200,12144,85.40,54,4,2692,13801,N/A,
1786727286.511,2026-08-14T19:08:06,531.382,12152,12144,12152,12144,12144,12144,1160,1180,1160,1100,1300,1220,7120,1300,1100,200,12144,85.20,54,4,2692,13801,N/A,
1786727287.010,2026-08-14T19:08:07,531.883,12152,12144,12160,12152,12144,12152,1160,1040,1020,980,1140,1080,6420,1160,980,180,12144,77.27,53,1,1305,7001,N/A,
1786727287.513,2026-08-14T19:08:07,532.383,12160,12144,12160,12152,12144,12152,1020,1040,1020,980,1140,1080,6280,1140,980,160,12144,56.26,52,0,645,7001,N/A,
1786727288.014,2026-08-14T19:08:08,532.883,12160,12152,12160,12152,12152,12152,960,980,940,900,1060,1000,5840,1060,900,160,12152,38.21,53,2,645,810,N/A,
1786727288.514,2026-08-14T19:08:08,533.383,12160,12152,12160,12152,12152,12152,940,960,920,880,1060,980,5740,1060,880,180,12152,45.02,53,14,1215,810,N/A,
1786727289.015,2026-08-14T19:08:09,533.883,12160,12152,12160,12152,12152,12152,940,960,920,880,1040,980,5720,1040,880,160,12152,53.54,53,14,1290,810,N/A,
1786727289.515,2026-08-14T19:08:09,534.383,12160,12152,12160,12152,12152,12160,920,940,920,880,1040,960,5660,1040,880,160,12152,57.02,53,14,1342,810,N/A,
1786727290.014,2026-08-14T19:08:10,534.883,12160,12152,12160,12152,12152,12160,920,940,920,880,1020,960,5640,1020,880,140,12152,57.55,53,14,1327,810,N/A,
1786727290.515,2026-08-14T19:08:10,535.383,12168,12152,12168,12160,12152,12160,920,940,920,880,1020,960,5640,1020,880,140,12152,57.39,53,14,1327,810,N/A,
1786727291.015,2026-08-14T19:08:11,535.883,12168,12152,12168,12160,12160,12160,900,920,920,880,1020,940,5580,1020,880,140,12152,57.22,53,14,1297,810,N/A,
1786727291.513,2026-08-14T19:08:11,536.383,12168,12160,12168,12160,12160,12160,840,860,860,820,940,880,5200,940,820,120,12160,57.05,53,15,1320,810,N/A,
1786727292.014,2026-08-14T19:08:12,536.883,12168,12160,12168,12160,12160,12160,840,860,860,820,940,880,5200,940,820,120,12160,51.42,52,0,855,810,N/A,
1786727292.514,2026-08-14T19:08:12,537.383,12168,12160,12168,12160,12160,12160,800,820,820,780,900,840,4960,900,780,120,12160,36.97,53,27,840,405,N/A,
1786727293.014,2026-08-14T19:08:13,537.883,12168,12160,12168,12160,12160,12160,800,820,780,760,880,840,4880,880,760,120,12160,31.95,53,11,1147,810,N/A,
1786727293.520,2026-08-14T19:08:13,538.383,12168,12160,12168,12160,12160,12160,800,820,780,740,880,820,4840,880,740,140,12160,46.80,53,16,1485,810,N/A,
1786727294.015,2026-08-14T19:08:14,538.883,12168,12160,12168,12160,12160,12160,760,800,760,720,860,800,4700,860,720,140,12160,46.58,53,4,832,405,N/A,
1786727294.513,2026-08-14T19:08:14,539.383,12168,12152,12168,12160,12160,12160,780,800,760,740,880,820,4780,880,740,140,12152,39.28,53,0,1245,810,N/A,
1786727295.015,2026-08-14T19:08:15,539.884,12168,12152,12168,12160,12160,12160,760,780,720,700,840,800,4600,840,700,140,12152,49.47,52,13,1590,810,N/A,
1786727295.518,2026-08-14T19:08:15,540.384,12168,12160,12168,12160,12160,12160,740,740,700,680,820,760,4440,820,680,140,12160,44.87,53,13,1327,810,N/A,
1786727296.014,2026-08-14T19:08:16,540.884,12160,12152,12168,12160,12160,12160,780,800,760,720,880,820,4760,880,720,160,12152,32.64,53,6,787,405,N/A,
1786727296.515,2026-08-14T19:08:16,541.384,12160,12152,12160,12152,12152,12160,800,820,780,740,900,840,4880,900,740,160,12152,47.38,53,15,1687,810,N/A,
1786727297.014,2026-08-14T19:08:17,541.884,12160,12152,12160,12152,12152,12160,800,820,780,740,900,840,4880,900,740,160,12152,56.66,53,14,1612,810,N/A,
1786727297.515,2026-08-14T19:08:17,542.384,12160,12152,12160,12152,12152,12160,820,840,780,760,920,860,4980,920,760,160,12152,58.06,53,14,1552,810,N/A,
1786727298.015,2026-08-14T19:08:18,542.884,12160,12152,12160,12152,12152,12160,800,820,760,740,900,840,4860,900,740,160,12152,47.58,53,12,1072,810,N/A,
1786727298.518,2026-08-14T19:08:18,543.384,12160,12152,12160,12152,12152,12160,840,860,800,780,940,860,5080,940,780,160,12152,47.45,53,15,1440,810,N/A,
1786727299.015,2026-08-14T19:08:19,543.884,12160,12152,12160,12152,12152,12152,880,880,840,800,980,900,5280,980,800,180,12152,57.60,53,15,1432,810,N/A,
1786727299.516,2026-08-14T19:08:19,544.384,12160,12152,12160,12152,12152,12152,880,900,860,820,980,920,5360,980,820,160,12152,60.17,53,15,1680,810,N/A,
1786727300.014,2026-08-14T19:08:20,544.884,12160,12152,12160,12152,12152,12152,880,900,840,820,980,920,5340,980,820,160,12152,60.13,53,14,1620,810,N/A,
1786727300.513,2026-08-14T19:08:20,545.384,12160,12152,12160,12152,12152,12160,840,840,800,760,940,860,5040,940,760,180,12152,57.52,52,8,1500,810,N/A,
1786727301.015,2026-08-14T19:08:21,545.884,12160,12152,12160,12152,12152,12160,800,820,780,740,900,840,4880,900,740,160,12152,46.80,52,10,1395,810,N/A,
1786727301.515,2026-08-14T19:08:21,546.384,12160,12152,12160,12152,12152,12160,800,820,760,740,900,840,4860,900,740,160,12152,40.23,53,28,1507,405,N/A,
1786727302.015,2026-08-14T19:08:22,546.884,12160,12152,12160,12152,12152,12160,800,820,760,740,900,840,4860,900,740,160,12152,40.35,53,28,1440,810,N/A,
1786727302.516,2026-08-14T19:08:22,547.385,12160,12152,12168,12152,12152,12160,780,800,740,720,860,800,4700,860,720,140,12152,38.87,53,6,1215,810,N/A,
1786727303.014,2026-08-14T19:08:23,547.885,12160,12152,12160,12152,12152,12160,820,820,780,760,900,840,4920,900,760,140,12152,46.29,53,15,1575,810,N/A,
1786727303.515,2026-08-14T19:08:23,548.385,12160,12152,12160,12152,12152,12160,780,800,760,720,880,820,4760,880,720,160,12152,57.86,52,3,1417,810,N/A,
1786727304.015,2026-08-14T19:08:24,548.885,12160,12152,12160,12152,12152,12160,760,780,740,720,860,800,4660,860,720,140,12152,46.52,52,6,1312,405,N/A,
1786727304.515,2026-08-14T19:08:24,549.385,12160,12152,12160,12152,12152,12160,800,820,760,740,880,840,4840,880,740,140,12152,38.65,53,16,1545,810,N/A,
1786727305.020,2026-08-14T19:08:25,549.885,12160,12152,12160,12152,12152,12160,780,780,740,720,860,800,4680,860,720,140,12152,48.09,53,15,1455,810,N/A,
1786727305.516,2026-08-14T19:08:25,550.385,12160,12152,12160,12152,12152,12160,820,840,800,760,900,860,4980,900,760,140,12152,47.10,53,0,787,405,N/A,
1786727306.015,2026-08-14T19:08:26,550.885,12160,12152,12160,12152,12152,12160,780,800,760,720,880,820,4760,880,720,160,12152,49.51,53,14,1695,810,N/A,
1786727306.514,2026-08-14T19:08:26,551.385,12168,12160,12168,12160,12160,12160,720,740,700,660,800,760,4380,800,660,140,12160,54.53,52,0,1245,810,N/A,
1786727307.015,2026-08-14T19:08:27,551.885,12168,12160,12168,12160,12160,12160,720,740,700,660,800,760,4380,800,660,140,12160,35.79,52,0,862,810,N/A,
1786727307.515,2026-08-14T19:08:27,552.385,12168,12160,12168,12160,12160,12160,700,720,680,640,780,740,4260,780,640,140,12160,30.17,52,2,1275,405,N/A,
1786727308.014,2026-08-14T19:08:28,552.885,12160,12152,12168,12152,12152,12160,760,780,740,700,840,800,4620,840,700,140,12152,38.28,53,29,1620,810,N/A,
1786727308.516,2026-08-14T19:08:28,553.385,12168,12152,12168,12160,12160,12160,740,760,700,680,820,780,4480,820,680,140,12152,50.14,53,15,1687,810,N/A,
1786727309.014,2026-08-14T19:08:29,553.885,12160,12152,12168,12160,12152,12160,780,780,760,720,880,820,4740,880,720,160,12152,46.48,53,15,1290,810,N/A,
1786727309.518,2026-08-14T19:08:29,554.385,12168,12152,12168,12160,12160,12160,760,760,720,680,840,780,4540,840,680,160,12152,47.29,53,15,1522,810,N/A,
1786727310.016,2026-08-14T19:08:30,554.885,12160,12152,12160,12152,12152,12160,800,820,780,740,900,840,4880,900,740,160,12152,46.71,53,16,1080,405,N/A,
1786727310.516,2026-08-14T19:08:30,555.386,12160,12152,12160,12152,12152,12160,820,840,820,760,920,860,5020,920,760,160,12152,47.51,53,15,1740,810,N/A,
1786727311.016,2026-08-14T19:08:31,555.886,12160,12152,12160,12152,12152,12152,840,860,820,780,940,880,5120,940,780,160,12152,60.36,53,15,1657,810,N/A,
1786727311.517,2026-08-14T19:08:31,556.386,12160,12152,12160,12152,12152,12152,860,880,840,800,960,900,5240,960,800,160,12152,59.03,53,15,1597,810,N/A,
1786727312.016,2026-08-14T19:08:32,556.886,12160,12152,12160,12152,12152,12152,860,880,840,800,960,900,5240,960,800,160,12152,58.52,53,15,1552,810,N/A,
1786727312.517,2026-08-14T19:08:32,557.386,12160,12152,12160,12152,12152,12152,860,900,860,800,980,900,5300,980,800,180,12152,57.93,53,15,1515,810,N/A,
1786727313.017,2026-08-14T19:08:33,557.886,12160,12152,12160,12152,12152,12152,880,900,860,820,980,920,5360,980,820,160,12152,57.12,53,15,1477,810,N/A,
1786727313.517,2026-08-14T19:08:33,558.386,12160,12152,12160,12152,12152,12152,880,920,880,820,1000,920,5420,1000,820,180,12152,56.94,53,15,1447,810,N/A,
1786727314.020,2026-08-14T19:08:34,558.886,12160,12152,12160,12152,12152,12152,860,900,860,820,980,900,5320,980,820,160,12152,57.47,53,16,1432,810,N/A,
1786727314.517,2026-08-14T19:08:34,559.386,12160,12152,12160,12152,12152,12152,860,900,840,820,980,900,5300,980,820,160,12152,51.62,52,0,892,405,N/A,
1786727315.016,2026-08-14T19:08:35,559.886,12160,12152,12160,12152,12152,12152,880,920,880,820,1000,920,5420,1000,820,180,12152,50.29,53,14,1725,810,N/A,
1786727315.518,2026-08-14T19:08:35,560.386,12160,12152,12160,12152,12152,12160,860,880,840,800,960,900,5240,960,800,160,12152,55.05,53,14,1680,810,N/A,
1786727316.017,2026-08-14T19:08:36,560.886,12160,12152,12160,12152,12152,12160,860,880,840,800,960,900,5240,960,800,160,12152,56.90,52,0,1395,810,N/A,
1786727316.518,2026-08-14T19:08:36,561.386,12160,12152,12160,12152,12152,12152,860,880,840,820,980,920,5300,980,820,160,12152,49.03,53,15,1515,810,N/A,
1786727317.017,2026-08-14T19:08:37,561.886,12160,12152,12160,12152,12152,12152,880,900,860,820,980,920,5360,980,820,160,12152,50.20,53,15,1492,810,N/A,
1786727317.518,2026-08-14T19:08:37,562.386,12160,12152,12160,12152,12152,12152,880,920,880,840,1000,920,5440,1000,840,160,12152,60.03,53,15,1477,810,N/A,
1786727318.017,2026-08-14T19:08:38,562.886,12160,12152,12160,12152,12152,12152,900,940,900,860,1020,960,5580,1020,860,160,12152,60.04,53,14,1447,810,N/A,
1786727318.517,2026-08-14T19:08:38,563.387,12160,12152,12160,12152,12152,12152,940,960,940,880,1060,980,5760,1060,880,180,12152,62.95,53,15,1755,810,N/A,
1786727319.017,2026-08-14T19:08:39,563.887,12160,12152,12160,12152,12144,12152,960,980,960,920,1080,1000,5900,1080,920,160,12144,66.90,53,15,1792,810,N/A,
1786727319.518,2026-08-14T19:08:39,564.387,12160,12152,12160,12152,12144,12152,960,1000,980,920,1100,1020,5980,1100,920,180,12144,67.50,53,14,1792,810,N/A,
1786727320.018,2026-08-14T19:08:40,564.887,12160,12152,12160,12152,12144,12152,960,1000,960,920,1080,1020,5940,1080,920,160,12144,67.29,53,14,1785,810,N/A,
1786727320.518,2026-08-14T19:08:40,565.387,12160,12152,12160,12152,12152,12152,960,980,960,900,1080,1020,5900,1080,900,180,12152,64.10,53,14,1470,810,N/A,
1786727321.016,2026-08-14T19:08:41,565.887,12160,12152,12160,12152,12152,12152,900,940,900,860,1020,960,5580,1020,860,160,12152,60.29,53,14,1447,810,N/A,
1786727321.518,2026-08-14T19:08:41,566.387,12160,12152,12160,12152,12152,12152,900,940,900,860,1020,960,5580,1020,860,160,12152,56.60,52,0,1162,810,N/A,
1786727322.020,2026-08-14T19:08:42,566.887,12160,12152,12160,12152,12152,12160,820,860,800,780,920,880,5060,920,780,140,12152,39.61,52,0,660,405,N/A,
1786727322.521,2026-08-14T19:08:42,567.387,12168,12152,12160,12160,12152,12160,780,820,760,740,880,840,4820,880,740,140,12152,29.93,52,19,915,405,N/A,
1786727323.021,2026-08-14T19:08:43,567.887,12168,12152,12168,12160,12160,12160,760,780,720,700,840,800,4600,840,700,140,12152,38.30,52,8,690,405,N/A,
1786727323.520,2026-08-14T19:08:43,568.387,12168,12160,12168,12160,12160,12160,720,740,700,660,820,760,4400,820,660,160,12160,38.03,52,4,607,405,N/A,
1786727324.023,2026-08-14T19:08:44,568.887,12168,12160,12168,12160,12160,12160,700,720,660,640,780,740,4240,780,640,140,12160,37.31,52,4,577,405,N/A,
1786727324.520,2026-08-14T19:08:44,569.387,12168,12160,12168,12160,12160,12160,680,700,640,620,760,720,4120,760,620,140,12160,36.80,52,5,495,405,N/A,
1786727325.023,2026-08-14T19:08:45,569.887,12168,12160,12168,12160,12160,12168,660,680,640,600,760,700,4040,760,600,160,12160,36.55,52,3,480,405,N/A,
1786727325.520,2026-08-14T19:08:45,570.387,12168,12160,12168,12160,12160,12168,660,680,620,600,740,680,3980,740,600,140,12160,36.42,52,4,427,405,N/A,
1786727326.022,2026-08-14T19:08:46,570.888,12168,12160,12168,12160,12160,12168,660,680,620,600,740,680,3980,740,600,140,12160,36.55,52,5,450,405,N/A,
1786727326.520,2026-08-14T19:08:46,571.388,12168,12160,12168,12160,12160,12168,660,680,620,600,740,680,3980,740,600,140,12160,37.58,52,4,457,405,N/A,
1786727327.024,2026-08-14T19:08:47,571.888,12168,12160,12168,12160,12160,12168,640,660,600,580,720,680,3880,720,580,140,12160,37.72,52,3,442,405,N/A,
1786727327.518,2026-08-14T19:08:47,572.388,12168,12160,12168,12160,12160,12160,680,700,640,620,760,720,4120,760,620,140,12160,37.40,53,23,540,405,N/A,
1786727328.019,2026-08-14T19:08:48,572.888,12168,12160,12168,12160,12160,12160,720,720,680,640,800,740,4300,800,640,160,12160,45.44,53,15,1455,810,N/A,
1786727328.519,2026-08-14T19:08:48,573.388,12168,12160,12168,12160,12160,12160,740,760,700,680,820,760,4460,820,680,140,12160,51.11,53,7,1200,810,N/A,
1786727329.019,2026-08-14T19:08:49,573.888,12168,12152,12168,12160,12160,12160,760,760,700,680,840,780,4520,840,680,160,12152,48.83,53,13,1177,810,N/A,
1786727329.519,2026-08-14T19:08:49,574.388,12160,12152,12168,12160,12160,12160,780,760,720,680,860,800,4600,860,680,180,12152,47.10,53,18,1117,405,N/A,
1786727330.018,2026-08-14T19:08:50,574.888,12160,12152,12168,12152,12152,12160,760,760,720,700,840,800,4580,840,700,140,12152,45.96,53,29,1162,810,N/A,
1786727330.521,2026-08-14T19:08:50,575.388,12160,12152,12168,12152,12152,12160,760,780,740,700,860,800,4640,860,700,160,12152,45.62,53,11,1147,810,N/A,
1786727331.019,2026-08-14T19:08:51,575.888,12160,12152,12168,12152,12152,12160,780,780,740,700,880,820,4700,880,700,180,12152,45.36,53,15,1095,405,N/A,
1786727331.518,2026-08-14T19:08:51,576.388,12160,12152,12168,12152,12152,12160,780,780,740,700,880,820,4700,880,700,180,12152,47.19,53,11,1282,810,N/A,
1786727332.035,2026-08-14T19:08:52,576.888,12160,12152,12168,12160,12152,12160,760,780,740,700,860,800,4640,860,700,160,12152,47.36,53,7,1177,810,N/A,
1786727332.518,2026-08-14T19:08:52,577.388,12160,12152,12168,12160,12152,12160,760,780,740,700,860,800,4640,860,700,160,12152,43.36,53,5,1012,810,N/A,
1786727333.017,2026-08-14T19:08:53,577.888,12160,12152,12168,12160,12152,12160,780,800,740,720,860,800,4700,860,720,140,12152,46.37,53,11,1567,810,N/A,
1786727333.549,2026-08-14T19:08:53,578.389,12160,12152,12160,12152,12152,12160,860,880,840,800,960,880,5220,960,800,160,12152,47.90,52,4,1402,810,N/A,
1786727334.016,2026-08-14T19:08:54,578.889,12152,12144,12152,12152,12144,12152,1060,1100,1080,1020,1200,1120,6580,1200,1020,180,12144,84.90,56,100,375,810,N/A,
1786727334.517,2026-08-14T19:08:54,579.389,12152,12144,12152,12144,12144,12144,1240,1260,1260,1220,1380,1280,7640,1380,1220,160,12144,126.49,56,100,2932,13801,N/A,
1786727335.017,2026-08-14T19:08:55,579.889,12152,12144,12152,12144,12144,12144,1360,1400,1420,1360,1520,1420,8480,1520,1360,160,12144,129.89,56,100,2932,13801,N/A,
1786727335.517,2026-08-14T19:08:55,580.389,12144,12136,12144,12136,12136,12144,1460,1500,1540,1460,1640,1520,9120,1640,1460,180,12136,133.26,56,100,2932,13801,N/A,
1786727336.017,2026-08-14T19:08:56,580.889,12144,12136,12144,12136,12136,12144,1540,1580,1620,1540,1720,1600,9600,1720,1540,180,12136,133.24,56,100,2932,13801,N/A,
1786727336.517,2026-08-14T19:08:56,581.389,12144,12136,12144,12136,12136,12144,1540,1580,1620,1540,1720,1600,9600,1720,1540,180,12136,133.15,56,100,2932,13801,N/A,
1786727337.017,2026-08-14T19:08:57,581.889,12144,12136,12144,12136,12136,12136,1600,1640,1680,1620,1800,1680,10020,1800,1600,200,12136,133.10,56,100,2932,13801,N/A,
1786727337.517,2026-08-14T19:08:57,582.389,12144,12136,12144,12136,12136,12136,1640,1680,1740,1660,1840,1720,10280,1840,1640,200,12136,132.95,56,100,2932,13801,N/A,
1786727338.017,2026-08-14T19:08:58,582.889,12144,12136,12144,12136,12136,12136,1680,1720,1780,1700,1880,1760,10520,1880,1680,200,12136,133.09,56,100,2932,13801,N/A,
1786727338.517,2026-08-14T19:08:58,583.389,12144,12136,12144,12136,12136,12136,1720,1740,1820,1740,1920,1780,10720,1920,1720,200,12136,133.48,57,100,2932,13801,N/A,
1786727339.017,2026-08-14T19:08:59,583.889,12144,12128,12144,12136,12136,12136,1740,1780,1840,1760,1940,1820,10880,1940,1740,200,12128,133.80,57,100,2932,13801,N/A,
1786727339.517,2026-08-14T19:08:59,584.389,12144,12128,12144,12136,12128,12136,1740,1780,1860,1780,1960,1820,10940,1960,1740,220,12128,133.93,57,100,2932,13801,N/A,
1786727340.017,2026-08-14T19:09:00,584.889,12144,12128,12136,12136,12128,12136,1760,1800,1880,1780,1960,1840,11020,1960,1760,200,12128,133.87,57,100,2932,13801,N/A,
1786727340.517,2026-08-14T19:09:00,585.389,12144,12128,12136,12136,12128,12136,1780,1820,1880,1800,1980,1860,11120,1980,1780,200,12128,133.58,57,100,2932,13801,N/A,
1786727341.018,2026-08-14T19:09:01,585.889,12136,12128,12136,12136,12128,12136,1780,1820,1900,1800,2000,1860,11160,2000,1780,220,12128,133.36,57,100,2932,13801,N/A,
1786727341.517,2026-08-14T19:09:01,586.390,12136,12128,12136,12136,12128,12136,1780,1820,1900,1800,2000,1860,11160,2000,1780,220,12128,133.56,57,100,2932,13801,N/A,
1786727342.017,2026-08-14T19:09:02,586.890,12136,12128,12136,12128,12128,12136,1780,1820,1900,1820,2000,1860,11180,2000,1780,220,12128,133.81,57,100,2932,13801,N/A,
1786727342.517,2026-08-14T19:09:02,587.390,12136,12128,12136,12128,12128,12136,1780,1820,1900,1820,2000,1880,11200,2000,1780,220,12128,134.04,57,100,2932,13801,N/A,
1786727343.017,2026-08-14T19:09:03,587.890,12144,12128,12144,12136,12128,12136,1760,1800,1880,1800,1980,1840,11060,1980,1760,220,12128,134.32,57,100,2932,13801,N/A,
1786727343.517,2026-08-14T19:09:03,588.390,12144,12136,12144,12136,12136,12136,1680,1720,1780,1700,1880,1760,10520,1880,1680,200,12136,119.39,56,0,2932,13801,N/A,
1786727344.017,2026-08-14T19:09:04,588.890,12144,12136,12144,12136,12136,12144,1600,1640,1700,1620,1780,1660,10000,1780,1600,180,12136,102.71,55,0,2932,13801,N/A,
1786727344.518,2026-08-14T19:09:04,589.390,12152,12136,12152,12144,12136,12144,1520,1560,1620,1560,1720,1600,9580,1720,1520,200,12136,96.86,55,0,2932,13801,N/A,
1786727345.018,2026-08-14T19:09:05,589.890,12160,12144,12160,12152,12144,12152,1300,1340,1380,1320,1460,1380,8180,1460,1300,160,12144,86.69,54,0,2932,7001,N/A,
1786727345.519,2026-08-14T19:09:05,590.390,12160,12152,12160,12152,12152,12160,1140,1160,1200,1140,1280,1200,7120,1280,1140,140,12152,55.32,53,0,577,810,N/A,
1786727346.021,2026-08-14T19:09:06,590.890,12160,12152,12160,12152,12152,12160,1140,1160,1200,1140,1280,1200,7120,1280,1140,140,12152,32.56,53,0,615,810,N/A,
1786727346.519,2026-08-14T19:09:06,591.390,12168,12160,12168,12160,12160,12160,1000,1020,1040,1000,1120,1040,6220,1120,1000,120,12160,28.18,53,6,367,810,N/A,
1786727347.023,2026-08-14T19:09:07,591.890,12168,12160,12168,12160,12160,12168,860,880,900,860,980,900,5380,980,860,120,12160,22.66,53,0,292,810,N/A,
1786727347.523,2026-08-14T19:09:07,592.390,12176,12168,12176,12168,12168,12168,780,800,820,780,880,820,4880,880,780,100,12168,22.87,53,1,465,405,N/A,
1786727348.022,2026-08-14T19:09:08,592.890,12176,12168,12176,12168,12168,12168,740,740,760,720,840,780,4580,840,720,120,12168,26.04,53,15,457,405,N/A,
1786727348.522,2026-08-14T19:09:08,593.391,12176,12168,12176,12168,12168,12176,660,680,680,660,740,700,4120,740,660,80,12168,25.77,53,0,390,405,N/A,
1786727349.023,2026-08-14T19:09:09,593.891,12176,12168,12176,12176,12168,12176,600,620,620,600,680,640,3760,680,600,80,12168,23.13,53,0,225,405,N/A,
1786727349.521,2026-08-14T19:09:09,594.391,12184,12168,12184,12176,12176,12176,560,580,580,560,640,600,3520,640,560,80,12168,17.83,53,0,300,405,N/A,
1786727350.023,2026-08-14T19:09:10,594.891,12184,12176,12184,12176,12176,12176,540,560,560,520,600,560,3340,600,520,80,12176,17.25,53,0,300,405,N/A,
1786727350.522,2026-08-14T19:09:10,595.391,12184,12176,12184,12176,12176,12176,500,520,520,500,580,520,3140,580,500,80,12176,17.83,53,0,375,405,N/A,
1786727351.020,2026-08-14T19:09:11,595.891,12184,12176,12184,12176,12176,12176,500,520,520,500,580,520,3140,580,500,80,12176,17.00,52,0,300,405,N/A,
1786727351.524,2026-08-14T19:09:11,596.391,12184,12176,12184,12176,12176,12176,500,500,500,480,560,520,3060,560,480,80,12176,16.80,53,0,225,405,N/A,
1786727352.025,2026-08-14T19:09:12,596.891,12184,12176,12184,12176,12176,12176,480,500,480,460,540,500,2960,540,460,80,12176,17.94,53,4,225,405,N/A,
1786727352.524,2026-08-14T19:09:12,597.391,12184,12176,12184,12176,12176,12176,480,480,480,460,540,500,2940,540,460,80,12176,18.62,52,0,712,405,N/A,
1786727353.021,2026-08-14T19:09:13,597.891,12184,12176,12184,12176,12176,12176,480,480,480,460,520,480,2900,520,460,60,12176,20.61,53,7,435,405,N/A,
1786727353.522,2026-08-14T19:09:13,598.391,12184,12176,12184,12176,12176,12184,480,480,460,460,520,480,2880,520,460,60,12176,19.95,53,0,472,405,N/A,
1786727354.024,2026-08-14T19:09:14,598.891,12184,12176,12184,12176,12176,12184,460,460,460,440,520,480,2820,520,440,80,12176,19.34,52,0,375,405,N/A,
1786727354.524,2026-08-14T19:09:14,599.391,12184,12176,12184,12176,12176,12184,460,460,460,440,500,480,2800,500,440,60,12176,18.61,53,3,390,405,N/A,
1786727355.025,2026-08-14T19:09:15,599.891,12184,12176,12184,12176,12176,12184,460,460,460,440,520,480,2820,520,440,80,12176,19.14,53,4,390,405,N/A,
1786727355.525,2026-08-14T19:09:15,600.391,12184,12176,12184,12176,12176,12184,460,460,460,440,520,480,2820,520,440,80,12176,19.75,52,1,375,405,N/A,
1786727356.025,2026-08-14T19:09:16,600.892,12184,12176,12184,12176,12176,12184,460,460,460,440,520,480,2820,520,440,80,12176,21.39,52,4,367,405,N/A,
1786727356.522,2026-08-14T19:09:16,601.392,12184,12176,12184,12176,12176,12184,460,460,460,440,500,480,2800,500,440,60,12176,19.49,52,4,225,405,N/A,
1786727357.025,2026-08-14T19:09:17,601.892,12184,12176,12184,12176,12176,12184,460,460,460,440,500,480,2800,500,440,60,12176,18.74,52,0,412,405,N/A,
1786727357.526,2026-08-14T19:09:17,602.392,12184,12176,12184,12176,12176,12184,460,460,460,440,520,480,2820,520,440,80,12176,19.79,53,4,307,405,N/A,
1786727358.025,2026-08-14T19:09:18,602.892,12184,12176,12184,12176,12176,12184,460,460,460,440,500,480,2800,500,440,60,12176,17.92,52,0,307,405,N/A,
1786727358.525,2026-08-14T19:09:18,603.392,12184,12176,12184,12176,12176,12184,440,460,440,420,500,460,2720,500,420,80,12176,19.11,53,8,307,405,N/A,
1786727359.025,2026-08-14T19:09:19,603.892,12184,12176,12184,12176,12176,12184,460,460,460,440,520,480,2820,520,440,80,12176,19.73,53,4,315,405,N/A,
1786727359.525,2026-08-14T19:09:19,604.392,12184,12176,12184,12176,12176,12184,460,460,440,420,520,460,2760,520,420,100,12176,19.45,52,0,457,405,N/A,
1786727360.025,2026-08-14T19:09:20,604.892,12184,12176,12184,12176,12176,12184,460,460,460,440,520,480,2820,520,440,80,12176,20.76,53,8,412,405,N/A,
1786727360.525,2026-08-14T19:09:20,605.392,12184,12176,12184,12176,12176,12184,440,460,440,420,500,460,2720,500,420,80,12176,19.53,52,0,405,405,N/A,
1786727361.025,2026-08-14T19:09:21,605.892,12184,12176,12184,12176,12176,12184,440,460,440,420,500,460,2720,500,420,80,12176,18.06,52,0,225,405,N/A,
1786727361.522,2026-08-14T19:09:21,606.392,12184,12176,12184,12176,12176,12184,440,460,440,420,500,460,2720,500,420,80,12176,16.57,52,0,232,405,N/A,
1786727362.025,2026-08-14T19:09:22,606.892,12184,12176,12184,12176,12176,12184,440,440,440,400,480,460,2660,480,400,80,12176,16.96,52,0,292,405,N/A,
1786727362.523,2026-08-14T19:09:22,607.393,12184,12176,12184,12176,12176,12184,420,440,440,400,480,440,2620,480,400,80,12176,17.38,52,0,285,405,N/A,
1786727363.024,2026-08-14T19:09:23,607.893,12184,12176,12184,12176,12176,12184,420,440,420,400,480,440,2600,480,400,80,12176,17.25,52,0,225,405,N/A,
1786727363.527,2026-08-14T19:09:23,608.393,12184,12176,12184,12176,12176,12184,420,440,440,420,480,440,2640,480,420,60,12176,16.15,52,0,225,405,N/A,
1786727364.027,2026-08-14T19:09:24,608.893,12184,12176,12184,12176,12176,12184,440,460,440,420,500,460,2720,500,420,80,12176,19.55,52,4,390,405,N/A,
1786727364.525,2026-08-14T19:09:24,609.393,12184,12176,12184,12176,12176,12184,440,460,440,420,500,460,2720,500,420,80,12176,21.83,52,0,322,405,N/A,
1786727365.025,2026-08-14T19:09:25,609.893,12184,12176,12184,12176,12176,12184,440,460,440,440,500,460,2740,500,440,60,12176,20.72,52,0,232,405,N/A,
1786727365.524,2026-08-14T19:09:25,610.393,12184,12176,12184,12176,12176,12184,440,440,440,420,500,460,2700,500,420,80,12176,19.82,52,4,232,405,N/A,
1786727366.025,2026-08-14T19:09:26,610.893,12184,12176,12184,12176,12176,12184,440,440,440,420,500,460,2700,500,420,80,12176,18.22,52,0,300,405,N/A,
1786727366.523,2026-08-14T19:09:26,611.393,12184,12176,12184,12176,12176,12184,420,440,440,420,480,440,2640,480,420,60,12176,16.15,52,0,292,405,N/A,
1786727367.025,2026-08-14T19:09:27,611.893,12184,12176,12184,12176,12176,12184,440,440,440,420,480,460,2680,480,420,60,12176,17.11,52,0,285,405,N/A,
1786727367.524,2026-08-14T19:09:27,612.393,12184,12176,12184,12176,12176,12184,420,440,420,400,480,440,2600,480,400,80,12176,16.84,52,0,232,405,N/A,
1786727368.024,2026-08-14T19:09:28,612.893,12184,12176,12184,12176,12176,12184,440,440,440,420,480,440,2660,480,420,60,12176,16.29,52,0,360,405,N/A,
1786727368.526,2026-08-14T19:09:28,613.393,12184,12176,12184,12176,12176,12184,440,460,440,420,500,460,2720,500,420,80,12176,20.47,52,0,562,405,N/A,
1786727369.027,2026-08-14T19:09:29,613.893,12184,12176,12184,12176,12176,12184,440,460,460,440,500,460,2760,500,440,60,12176,21.56,52,0,322,405,N/A,
1786727369.526,2026-08-14T19:09:29,614.393,12184,12176,12184,12176,12176,12184,460,460,460,440,520,480,2820,520,440,80,12176,20.72,52,4,532,405,N/A,
1786727370.027,2026-08-14T19:09:30,614.893,12184,12176,12184,12176,12176,12184,440,460,440,440,500,460,2740,500,440,60,12176,22.43,52,4,300,405,N/A,
1786727370.524,2026-08-14T19:09:30,615.394,12184,12176,12184,12176,12176,12184,440,460,440,440,500,460,2740,500,440,60,12176,18.60,52,3,225,405,N/A,
1786727371.026,2026-08-14T19:09:31,615.894,12184,12176,12184,12176,12176,12184,440,460,440,420,480,460,2700,480,420,60,12176,15.83,52,0,285,405,N/A,
1786727371.525,2026-08-14T19:09:31,616.394,12184,12176,12184,12176,12176,12184,440,460,440,420,500,460,2720,500,420,80,12176,15.71,52,0,307,405,N/A,
1786727372.027,2026-08-14T19:09:32,616.894,12184,12176,12184,12176,12176,12184,440,440,440,420,480,440,2660,480,420,60,12176,16.92,52,0,442,405,N/A,
1786727372.527,2026-08-14T19:09:32,617.394,12184,12176,12184,12176,12176,12184,420,440,420,400,480,440,2600,480,400,80,12176,16.87,52,1,292,405,N/A,
1786727373.027,2026-08-14T19:09:33,617.894,12184,12176,12184,12176,12176,12184,420,440,420,420,480,440,2620,480,420,60,12176,17.94,52,4,352,405,N/A,
1786727373.528,2026-08-14T19:09:33,618.394,12184,12176,12184,12176,12176,12184,440,460,440,420,500,460,2720,500,420,80,12176,18.39,52,3,247,405,N/A,
1786727374.025,2026-08-14T19:09:34,618.894,12184,12176,12184,12176,12176,12184,440,460,440,420,500,460,2720,500,420,80,12176,19.73,52,0,502,405,N/A,
1786727374.527,2026-08-14T19:09:34,619.394,12184,12176,12184,12176,12176,12184,440,460,460,440,500,460,2760,500,440,60,12176,22.07,52,5,315,405,N/A,
1786727375.025,2026-08-14T19:09:35,619.894,12184,12176,12184,12176,12176,12184,460,480,460,440,520,480,2840,520,440,80,12176,21.60,52,4,352,405,N/A,
1786727375.527,2026-08-14T19:09:35,620.394,12184,12176,12184,12176,12176,12184,460,480,460,440,520,480,2840,520,440,80,12176,21.46,52,3,397,405,N/A,
1786727376.027,2026-08-14T19:09:36,620.894,12184,12176,12184,12176,12176,12184,460,480,460,440,520,480,2840,520,440,80,12176,22.21,52,4,360,405,N/A,
1786727376.523,2026-08-14T19:09:36,621.394,12184,12176,12184,12176,12176,12184,460,460,460,440,500,480,2800,500,440,60,12176,20.23,52,4,322,405,N/A,
1786727377.027,2026-08-14T19:09:37,621.894,12184,12176,12184,12176,12176,12184,440,460,440,420,500,460,2720,500,420,80,12176,16.48,52,0,225,405,N/A,
1786727377.528,2026-08-14T19:09:37,622.394,12184,12176,12184,12176,12176,12184,440,460,440,420,500,480,2740,500,420,80,12176,17.67,52,0,457,405,N/A,
1786727378.025,2026-08-14T19:09:38,622.895,12184,12176,12184,12176,12176,12184,460,480,460,440,520,480,2840,520,440,80,12176,20.72,52,4,585,405,N/A,
1786727378.527,2026-08-14T19:09:38,623.395,12184,12176,12184,12176,12176,12176,460,480,460,440,520,480,2840,520,440,80,12176,20.92,52,0,307,405,N/A,
1786727379.027,2026-08-14T19:09:39,623.895,12184,12176,12184,12176,12176,12176,460,480,460,440,520,480,2840,520,440,80,12176,20.47,52,1,480,405,N/A,
1786727379.527,2026-08-14T19:09:39,624.395,12184,12176,12184,12176,12176,12184,460,460,460,440,500,480,2800,500,440,60,12176,19.95,52,0,367,405,N/A,
1786727380.027,2026-08-14T19:09:40,624.895,12184,12176,12184,12176,12176,12184,440,460,460,440,500,480,2780,500,440,60,12176,17.92,52,2,367,405,N/A,
1786727380.528,2026-08-14T19:09:40,625.395,12184,12176,12184,12176,12176,12184,440,460,460,440,500,480,2780,500,440,60,12176,17.06,52,0,352,405,N/A,
1786727381.029,2026-08-14T19:09:41,625.895,12184,12176,12184,12176,12176,12184,440,460,460,440,500,480,2780,500,440,60,12176,18.37,52,3,367,405,N/A,
1786727381.526,2026-08-14T19:09:41,626.395,12184,12176,12184,12176,12176,12176,480,480,480,460,520,500,2920,520,460,60,12176,20.43,52,12,427,405,N/A,
1786727382.028,2026-08-14T19:09:42,626.895,12184,12176,12184,12176,12176,12176,500,520,500,500,560,520,3100,560,500,60,12176,26.83,52,3,825,405,N/A,
1786727382.523,2026-08-14T19:09:42,627.395,12184,12176,12184,12176,12176,12176,520,520,520,500,560,520,3140,560,500,60,12176,33.22,52,2,1275,405,N/A,
1786727383.023,2026-08-14T19:09:43,627.895,12184,12176,12184,12176,12176,12176,500,500,500,480,540,500,3020,540,480,60,12176,25.18,52,0,660,405,N/A,
1786727383.524,2026-08-14T19:09:43,628.395,12184,12176,12184,12176,12176,12184,460,480,460,460,520,480,2860,520,460,60,12176,16.38,52,0,495,405,N/A,
1786727384.024,2026-08-14T19:09:44,628.895,12184,12176,12184,12176,12176,12184,440,460,440,440,500,460,2740,500,440,60,12176,16.38,52,0,495,405,N/A,
1786727384.524,2026-08-14T19:09:44,629.395,12184,12176,12184,12176,12176,12184,440,440,440,420,480,460,2680,480,420,60,12176,14.57,52,0,277,405,N/A,
1786727385.024,2026-08-14T19:09:45,629.896,12184,12176,12184,12176,12176,12184,420,440,420,400,480,440,2600,480,400,80,12176,14.57,52,0,277,405,N/A,
1786727385.524,2026-08-14T19:09:45,630.396,12184,12176,12184,12176,12176,12184,420,440,420,400,480,440,2600,480,400,80,12176,13.60,52,0,225,405,N/A,
1786727386.028,2026-08-14T19:09:46,630.896,12184,12176,12184,12176,12176,12184,420,420,400,400,460,420,2520,460,400,60,12176,13.60,52,0,225,405,N/A,
1786727386.525,2026-08-14T19:09:46,631.396,12184,12176,12184,12176,12176,12184,400,420,400,380,460,420,2480,460,380,80,12176,13.18,52,0,225,405,N/A,
1786727387.030,2026-08-14T19:09:47,631.896,12184,12176,12184,12176,12176,12184,400,420,400,380,460,420,2480,460,380,80,12176,13.98,52,0,225,405,N/A,
1786727387.530,2026-08-14T19:09:47,632.396,12184,12176,12184,12176,12176,12184,400,420,400,380,460,420,2480,460,380,80,12176,14.29,52,0,225,405,N/A,
1786727388.030,2026-08-14T19:09:48,632.896,12184,12176,12184,12176,12176,12184,400,400,400,380,440,420,2440,440,380,60,12176,14.29,52,0,225,405,N/A,
1786727388.529,2026-08-14T19:09:48,633.396,12184,12176,12184,12176,12176,12184,400,400,400,380,440,420,2440,440,380,60,12176,13.49,52,0,225,405,N/A,
1786727389.031,2026-08-14T19:09:49,633.896,12184,12176,12184,12176,12176,12184,400,400,400,380,440,420,2440,440,380,60,12176,13.68,52,0,225,405,N/A,
1786727389.534,2026-08-14T19:09:49,634.396,12184,12176,12184,12176,12176,12184,440,440,440,420,500,460,2700,500,420,80,12176,14.66,52,0,225,405,N/A,
1786727390.029,2026-08-14T19:09:50,634.896,12184,12176,12184,12176,12176,12184,480,480,480,440,520,500,2900,520,440,80,12176,24.04,52,4,675,405,N/A,
1786727390.531,2026-08-14T19:09:50,635.396,12184,12176,12184,12176,12176,12184,480,480,480,440,520,500,2900,520,440,80,12176,29.76,52,3,682,405,N/A,
1786727391.031,2026-08-14T19:09:51,635.896,12184,12176,12184,12176,12176,12176,480,500,480,460,540,500,2960,540,460,80,12176,26.52,52,4,510,405,N/A,
1786727391.531,2026-08-14T19:09:51,636.396,12184,12176,12184,12176,12176,12176,480,500,500,460,540,520,3000,540,460,80,12176,23.23,52,4,405,405,N/A,
1786727392.029,2026-08-14T19:09:52,636.897,12184,12176,12184,12176,12176,12176,480,500,500,460,540,520,3000,540,460,80,12176,23.38,52,7,345,405,N/A,
1786727392.531,2026-08-14T19:09:52,637.397,12184,12176,12184,12176,12176,12176,480,500,500,460,540,520,3000,540,460,80,12176,22.38,53,7,352,405,N/A,
1786727393.031,2026-08-14T19:09:53,637.897,12184,12176,12184,12176,12176,12176,480,500,500,480,540,520,3020,540,480,60,12176,23.17,52,7,495,405,N/A,
1786727393.530,2026-08-14T19:09:53,638.397,12184,12176,12184,12176,12176,12176,480,500,500,480,560,520,3040,560,480,80,12176,24.19,52,8,420,405,N/A,
1786727394.030,2026-08-14T19:09:54,638.897,12184,12176,12184,12176,12176,12176,480,500,500,480,560,520,3040,560,480,80,12176,24.52,53,9,427,405,N/A,
1786727394.530,2026-08-14T19:09:54,639.397,12184,12176,12184,12176,12176,12176,500,500,520,480,560,520,3080,560,480,80,12176,23.09,52,4,360,405,N/A,
1786727395.028,2026-08-14T19:09:55,639.897,12184,12176,12184,12176,12176,12184,500,500,500,460,540,500,3000,540,460,80,12176,23.75,52,3,547,405,N/A,
1786727395.530,2026-08-14T19:09:55,640.397,12184,12176,12184,12176,12176,12184,480,500,500,460,540,500,2980,540,460,80,12176,21.89,52,0,420,405,N/A,
1786727396.030,2026-08-14T19:09:56,640.897,12184,12176,12184,12176,12176,12176,480,500,500,480,540,500,3000,540,480,60,12176,20.97,52,4,480,405,N/A,
1786727396.530,2026-08-14T19:09:56,641.397,12184,12176,12184,12176,12176,12184,480,480,480,460,540,500,2940,540,460,80,12176,21.45,52,0,405,405,N/A,
1786727397.031,2026-08-14T19:09:57,641.897,12184,12176,12184,12176,12176,12184,500,500,500,480,540,500,3020,540,480,60,12176,22.37,52,10,405,405,N/A,
1786727397.531,2026-08-14T19:09:57,642.397,12184,12176,12184,12176,12176,12184,500,500,500,480,540,500,3020,540,480,60,12176,22.98,52,3,427,405,N/A,
1786727398.031,2026-08-14T19:09:58,642.897,12184,12176,12184,12176,12176,12184,500,520,500,480,540,520,3060,540,480,60,12176,22.85,52,4,480,405,N/A,
1786727398.531,2026-08-14T19:09:58,643.397,12184,12176,12184,12176,12176,12176,500,520,500,480,560,520,3080,560,480,80,12176,24.03,52,3,532,405,N/A,
1786727399.031,2026-08-14T19:09:59,643.898,12184,12176,12184,12176,12176,12176,500,520,520,480,560,520,3100,560,480,80,12176,25.01,52,7,465,405,N/A,
1786727399.531,2026-08-14T19:09:59,644.398,12184,12176,12184,12176,12176,12176,500,520,520,500,560,540,3140,560,500,60,12176,24.47,52,0,465,405,N/A,
1786727400.032,2026-08-14T19:10:00,644.898,12184,12176,12184,12176,12176,12176,500,520,520,500,560,540,3140,560,500,60,12176,25.53,52,7,465,405,N/A,
1786727400.531,2026-08-14T19:10:00,645.398,12184,12176,12184,12176,12176,12176,500,520,520,500,560,520,3120,560,500,60,12176,24.72,52,4,442,405,N/A,
1786727401.031,2026-08-14T19:10:01,645.898,12184,12176,12184,12176,12176,12176,520,520,520,500,580,540,3180,580,500,80,12176,27.01,52,4,352,405,N/A,
1786727401.531,2026-08-14T19:10:01,646.398,12184,12176,12184,12176,12176,12176,520,540,540,500,580,560,3240,580,500,80,12176,28.98,52,3,472,405,N/A,
1786727402.031,2026-08-14T19:10:02,646.898,12184,12176,12184,12176,12176,12176,540,540,540,520,580,560,3280,580,520,60,12176,29.68,52,3,480,405,N/A,
1786727402.532,2026-08-14T19:10:02,647.398,12184,12176,12184,12176,12176,12176,520,520,520,500,560,540,3160,560,500,60,12176,26.88,52,7,405,405,N/A,
1786727403.031,2026-08-14T19:10:03,647.898,12184,12176,12184,12176,12176,12176,500,520,520,500,560,520,3120,560,500,60,12176,21.37,52,4,375,405,N/A,
1786727403.528,2026-08-14T19:10:03,648.398,12184,12176,12184,12176,12176,12184,480,500,500,480,540,500,3000,540,480,60,12176,20.54,52,3,345,405,N/A,
1786727404.032,2026-08-14T19:10:04,648.898,12184,12176,12184,12176,12176,12184,480,480,500,480,520,500,2960,520,480,40,12176,18.74,52,0,225,405,N/A,
1786727404.532,2026-08-14T19:10:04,649.398,12184,12176,12184,12176,12176,12184,480,480,480,460,520,500,2920,520,460,60,12176,19.81,52,4,397,405,N/A,
1786727405.032,2026-08-14T19:10:05,649.898,12184,12176,12184,12176,12176,12184,480,480,480,460,520,500,2920,520,460,60,12176,19.90,52,1,420,405,N/A,
1786727405.529,2026-08-14T19:10:05,650.398,12184,12176,12184,12176,12176,12184,460,480,480,460,520,480,2880,520,460,60,12176,19.53,52,3,337,405,N/A,
1786727406.032,2026-08-14T19:10:06,650.899,12184,12176,12184,12176,12176,12184,460,480,460,440,520,480,2840,520,440,80,12176,19.59,52,0,405,405,N/A,
1786727406.530,2026-08-14T19:10:06,651.399,12184,12176,12184,12176,12176,12184,460,480,460,440,520,480,2840,520,440,80,12176,20.22,52,0,352,405,N/A,
1786727407.032,2026-08-14T19:10:07,651.899,12184,12176,12184,12176,12176,12184,460,460,460,440,500,480,2800,500,440,60,12176,19.57,52,4,352,405,N/A,
1786727407.532,2026-08-14T19:10:07,652.399,12184,12176,12184,12176,12176,12184,460,460,460,440,500,480,2800,500,440,60,12176,18.84,52,0,427,405,N/A,
1786727408.032,2026-08-14T19:10:08,652.899,12184,12176,12184,12176,12176,12184,460,460,460,440,520,500,2840,520,440,80,12176,19.43,52,7,397,405,N/A,
1786727408.532,2026-08-14T19:10:08,653.399,12184,12176,12184,12176,12176,12184,460,460,460,440,500,480,2800,500,440,60,12176,19.35,52,0,375,405,N/A,
1786727409.032,2026-08-14T19:10:09,653.899,12184,12176,12184,12176,12176,12184,460,460,460,440,500,480,2800,500,440,60,12176,19.91,52,4,382,405,N/A,
1786727409.530,2026-08-14T19:10:09,654.399,12184,12176,12184,12176,12176,12184,460,460,440,420,500,480,2760,500,420,80,12176,18.95,52,0,352,405,N/A,
1786727410.032,2026-08-14T19:10:10,654.899,12184,12176,12184,12176,12176,12184,460,460,440,420,500,480,2760,500,420,80,12176,18.84,52,0,225,405,N/A,
1786727410.532,2026-08-14T19:10:10,655.399,12184,12176,12184,12176,12176,12184,460,460,440,420,500,480,2760,500,420,80,12176,19.73,52,0,427,405,N/A,
1786727411.033,2026-08-14T19:10:11,655.899,12184,12176,12184,12176,12176,12184,460,440,460,420,500,460,2740,500,420,80,12176,20.72,52,6,405,405,N/A,
1786727411.532,2026-08-14T19:10:11,656.399,12184,12176,12184,12176,12176,12184,460,460,460,440,520,480,2820,520,440,80,12176,19.14,52,0,360,405,N/A,
1786727412.033,2026-08-14T19:10:12,656.899,12184,12176,12184,12176,12176,12184,480,460,460,440,540,480,2860,540,440,100,12176,21.32,52,4,532,405,N/A,
1786727412.532,2026-08-14T19:10:12,657.400,12184,12176,12184,12176,12176,12184,480,460,460,440,540,480,2860,540,440,100,12176,22.35,52,7,397,405,N/A,
1786727413.035,2026-08-14T19:10:13,657.900,12184,12176,12184,12176,12176,12184,480,460,480,460,520,480,2880,520,460,60,12176,22.00,52,4,427,405,N/A,
1786727413.534,2026-08-14T19:10:13,658.400,12184,12176,12184,12176,12176,12184,480,460,460,460,520,480,2860,520,460,60,12176,21.12,52,3,450,405,N/A,
1786727414.030,2026-08-14T19:10:14,658.900,12184,12176,12184,12176,12176,12184,460,460,460,440,520,480,2820,520,440,80,12176,19.91,52,4,412,405,N/A,
1786727414.533,2026-08-14T19:10:14,659.400,12184,12176,12184,12176,12176,12184,460,460,460,440,520,480,2820,520,440,80,12176,19.30,52,0,412,405,N/A,
1786727415.033,2026-08-14T19:10:15,659.900,12184,12176,12184,12176,12176,12184,460,460,460,440,520,480,2820,520,440,80,12176,20.30,52,3,495,405,N/A,
1786727415.533,2026-08-14T19:10:15,660.400,12184,12176,12184,12176,12176,12184,460,460,460,440,520,480,2820,520,440,80,12176,21.37,52,4,375,405,N/A,
1786727416.033,2026-08-14T19:10:16,660.900,12184,12176,12184,12176,12176,12184,460,480,480,440,540,500,2900,540,440,100,12176,21.83,52,7,547,405,N/A,
1786727416.533,2026-08-14T19:10:16,661.400,12184,12176,12184,12176,12176,12184,460,480,480,440,520,500,2880,520,440,80,12176,21.66,52,7,397,405,N/A,
1786727417.033,2026-08-14T19:10:17,661.900,12184,12176,12184,12176,12176,12184,480,480,480,460,520,500,2920,520,460,60,12176,21.92,52,7,487,405,N/A,
1786727417.534,2026-08-14T19:10:17,662.400,12184,12176,12184,12176,12176,12184,480,480,460,440,520,500,2880,520,440,80,12176,21.93,52,3,285,405,N/A,
1786727418.031,2026-08-14T19:10:18,662.900,12184,12176,12184,12176,12176,12184,480,480,480,460,540,520,2960,540,460,80,12176,22.63,52,7,510,405,N/A,
1786727418.533,2026-08-14T19:10:18,663.400,12184,12176,12184,12176,12176,12184,500,500,500,460,540,520,3020,540,460,80,12176,23.67,52,4,405,405,N/A,
1786727419.033,2026-08-14T19:10:19,663.900,12184,12176,12184,12176,12176,12184,500,500,500,480,540,520,3040,540,480,60,12176,24.56,52,3,480,405,N/A,
1786727419.534,2026-08-14T19:10:19,664.401,12184,12176,12184,12176,12176,12184,500,500,500,480,540,520,3040,540,480,60,12176,26.35,52,8,442,405,N/A,
1786727420.034,2026-08-14T19:10:20,664.901,12184,12176,12184,12176,12176,12184,500,500,500,480,540,520,3040,540,480,60,12176,24.69,52,0,480,405,N/A,
1786727420.535,2026-08-14T19:10:20,665.401,12184,12176,12184,12176,12176,12184,500,520,500,480,560,540,3100,560,480,80,12176,25.65,52,4,352,405,N/A,
1786727421.034,2026-08-14T19:10:21,665.901,12184,12176,12184,12176,12176,12176,520,520,520,500,560,540,3160,560,500,60,12176,26.61,52,3,525,405,N/A,
1786727421.534,2026-08-14T19:10:21,666.401,12184,12176,12184,12176,12176,12184,500,520,520,480,560,540,3120,560,480,80,12176,26.67,52,4,427,405,N/A,
1786727422.034,2026-08-14T19:10:22,666.901,12184,12176,12184,12176,12176,12176,500,520,520,480,560,540,3120,560,480,80,12176,26.37,52,4,375,405,N/A,
1786727422.534,2026-08-14T19:10:22,667.401,12184,12176,12184,12176,12176,12176,520,520,520,500,560,540,3160,560,500,60,12176,23.68,52,0,382,405,N/A,
1786727423.034,2026-08-14T19:10:23,667.901,12184,12176,12184,12176,12176,12176,520,520,520,500,580,540,3180,580,500,80,12176,25.98,52,8,502,405,N/A,
1786727423.532,2026-08-14T19:10:23,668.401,12184,12176,12184,12176,12176,12176,540,540,540,520,600,560,3300,600,520,80,12176,26.30,52,0,322,405,N/A,
1786727424.031,2026-08-14T19:10:24,668.901,12184,12176,12184,12176,12176,12176,520,520,500,500,560,540,3140,560,500,60,12176,28.07,52,0,420,405,N/A,
1786727424.532,2026-08-14T19:10:24,669.401,12184,12176,12184,12176,12176,12176,520,520,520,500,580,540,3180,580,500,80,12176,26.15,52,0,322,405,N/A,
1786727425.035,2026-08-14T19:10:25,669.901,12184,12176,12184,12176,12176,12176,520,520,520,500,580,540,3180,580,500,80,12176,23.15,52,7,667,405,N/A,
1786727425.533,2026-08-14T19:10:25,670.401,12184,12176,12184,12176,12176,12176,520,540,520,500,580,540,3200,580,500,80,12176,26.25,52,6,667,405,N/A,
1786727426.035,2026-08-14T19:10:26,670.901,12184,12176,12184,12176,12176,12176,500,520,520,480,560,520,3100,560,480,80,12176,23.82,52,3,337,405,N/A,
1786727426.535,2026-08-14T19:10:26,671.402,12184,12176,12184,12176,12176,12184,480,500,500,480,560,520,3040,560,480,80,12176,21.03,52,4,405,405,N/A,
1786727427.035,2026-08-14T19:10:27,671.902,12184,12176,12184,12176,12176,12176,480,500,500,480,560,520,3040,560,480,80,12176,21.42,52,7,502,405,N/A,
1786727427.535,2026-08-14T19:10:27,672.402,12184,12176,12184,12176,12176,12176,480,500,500,460,560,500,3000,560,460,100,12176,21.47,52,2,442,405,N/A,
1786727428.037,2026-08-14T19:10:28,672.902,12184,12176,12184,12176,12176,12184,480,480,480,460,540,500,2940,540,460,80,12176,20.80,52,7,405,405,N/A,
1786727428.535,2026-08-14T19:10:28,673.402,12184,12176,12184,12176,12176,12184,480,480,480,460,540,480,2920,540,460,80,12176,20.01,52,4,405,405,N/A,
1786727429.035,2026-08-14T19:10:29,673.902,12184,12176,12184,12176,12176,12184,460,480,480,440,540,480,2880,540,440,100,12176,20.34,52,3,337,405,N/A,
1786727429.533,2026-08-14T19:10:29,674.402,12184,12176,12184,12176,12176,12184,460,480,480,440,540,480,2880,540,440,100,12176,19.93,52,7,435,405,N/A,
1786727430.035,2026-08-14T19:10:30,674.902,12184,12176,12184,12176,12176,12184,460,460,460,440,520,480,2820,520,440,80,12176,18.79,52,0,300,405,N/A,
1786727430.537,2026-08-14T19:10:30,675.402,12184,12176,12184,12176,12176,12184,460,460,460,440,520,480,2820,520,440,80,12176,19.26,52,3,382,405,N/A,
1786727431.035,2026-08-14T19:10:31,675.902,12184,12176,12184,12176,12176,12184,460,480,460,440,520,480,2840,520,440,80,12176,19.70,52,4,397,405,N/A,
1786727431.535,2026-08-14T19:10:31,676.402,12184,12176,12184,12176,12176,12184,460,460,460,440,520,480,2820,520,440,80,12176,19.92,52,3,367,405,N/A,
1786727432.035,2026-08-14T19:10:32,676.902,12184,12176,12184,12176,12176,12184,460,460,460,440,520,480,2820,520,440,80,12176,20.37,52,3,360,405,N/A,
1786727432.535,2026-08-14T19:10:32,677.402,12184,12176,12184,12176,12176,12184,460,460,460,440,520,480,2820,520,440,80,12176,19.78,52,3,330,405,N/A,
1786727433.034,2026-08-14T19:10:33,677.902,12184,12176,12184,12176,12176,12184,460,480,460,440,520,480,2840,520,440,80,12176,20.48,52,3,420,405,N/A,
1786727433.536,2026-08-14T19:10:33,678.403,12184,12176,12184,12176,12176,12184,460,460,460,440,520,480,2820,520,440,80,12176,21.20,52,7,412,405,N/A,
1786727434.035,2026-08-14T19:10:34,678.903,12184,12176,12184,12176,12176,12184,460,460,460,440,520,480,2820,520,440,80,12176,19.71,52,4,405,405,N/A,
1786727434.535,2026-08-14T19:10:34,679.403,12184,12176,12184,12176,12176,12184,460,460,460,440,520,480,2820,520,440,80,12176,20.27,52,4,375,405,N/A,
1786727435.033,2026-08-14T19:10:35,679.903,12184,12176,12184,12176,12176,12184,460,460,460,440,520,480,2820,520,440,80,12176,20.48,52,9,390,405,N/A,
1786727435.535,2026-08-14T19:10:35,680.403,12184,12176,12184,12176,12176,12184,460,480,460,440,520,480,2840,520,440,80,12176,19.87,52,4,345,405,N/A,
1786727436.035,2026-08-14T19:10:36,680.903,12184,12176,12184,12176,12176,12184,460,480,460,440,520,480,2840,520,440,80,12176,20.67,52,4,420,405,N/A,
1786727436.536,2026-08-14T19:10:36,681.403,12184,12176,12184,12176,12176,12184,460,480,460,440,520,480,2840,520,440,80,12176,20.24,52,0,337,405,N/A,
1786727437.036,2026-08-14T19:10:37,681.903,12184,12176,12184,12176,12176,12184,440,460,460,420,520,480,2780,520,420,100,12176,19.88,52,4,375,405,N/A,
1786727437.536,2026-08-14T19:10:37,682.403,12184,12176,12184,12176,12176,12184,460,460,460,440,520,480,2820,520,440,80,12176,18.85,52,0,300,405,N/A,
1786727438.035,2026-08-14T19:10:38,682.903,12184,12176,12184,12176,12176,12176,460,460,460,440,520,480,2820,520,440,80,12176,20.06,52,3,450,405,N/A,
1786727438.536,2026-08-14T19:10:38,683.403,12184,12176,12184,12176,12176,12184,460,480,460,440,520,480,2840,520,440,80,12176,21.59,52,4,397,405,N/A,
1786727439.037,2026-08-14T19:10:39,683.903,12184,12176,12184,12176,12176,12176,480,480,460,440,520,480,2860,520,440,80,12176,21.52,52,8,472,405,N/A,
1786727439.536,2026-08-14T19:10:39,684.403,12184,12176,12184,12176,12176,12176,480,480,460,440,520,480,2860,520,440,80,12176,22.84,52,4,367,405,N/A,
1786727440.037,2026-08-14T19:10:40,684.903,12184,12176,12184,12176,12176,12176,500,500,480,460,540,520,3000,540,460,80,12176,26.20,52,4,382,405,N/A,
1786727440.537,2026-08-14T19:10:40,685.404,12184,12176,12184,12176,12176,12176,500,500,500,460,540,520,3020,540,460,80,12176,26.46,52,4,375,405,N/A,
1786727441.037,2026-08-14T19:10:41,685.904,12184,12176,12184,12176,12176,12176,520,520,500,480,560,540,3120,560,480,80,12176,26.99,52,3,360,405,N/A,
1786727441.535,2026-08-14T19:10:41,686.404,12184,12176,12184,12176,12176,12176,520,520,520,500,580,540,3180,580,500,80,12176,28.27,52,4,465,405,N/A,
1786727442.036,2026-08-14T19:10:42,686.904,12184,12176,12184,12176,12176,12176,520,520,520,480,580,540,3160,580,480,100,12176,27.59,52,8,442,405,N/A,
1786727442.537,2026-08-14T19:10:42,687.404,12184,12176,12184,12176,12176,12176,520,520,520,500,580,560,3200,580,500,80,12176,25.89,52,3,412,405,N/A,
1786727443.038,2026-08-14T19:10:43,687.904,12184,12176,12184,12176,12176,12176,520,540,520,500,580,560,3220,580,500,80,12176,26.13,52,4,360,405,N/A,
1786727443.533,2026-08-14T19:10:43,688.404,12184,12176,12184,12176,12176,12176,520,540,540,500,580,560,3240,580,500,80,12176,27.78,52,3,427,405,N/A,
1786727444.037,2026-08-14T19:10:44,688.904,12184,12176,12184,12176,12176,12176,520,540,520,500,580,560,3220,580,500,80,12176,28.62,52,3,412,405,N/A,
1786727444.539,2026-08-14T19:10:44,689.404,12184,12176,12184,12176,12176,12176,520,540,520,500,580,560,3220,580,500,80,12176,26.28,52,7,397,405,N/A,
1786727445.038,2026-08-14T19:10:45,689.904,12184,12176,12184,12176,12176,12184,520,520,520,500,560,540,3160,560,500,60,12176,21.87,52,3,472,405,N/A,
1786727445.537,2026-08-14T19:10:45,690.404,12184,12176,12184,12176,12176,12184,500,500,520,480,560,540,3100,560,480,80,12176,21.12,52,3,382,405,N/A,
1786727446.037,2026-08-14T19:10:46,690.904,12184,12176,12184,12176,12176,12184,500,500,500,480,540,540,3060,540,480,60,12176,20.65,52,8,420,405,N/A,
1786727446.537,2026-08-14T19:10:46,691.404,12184,12176,12184,12176,12176,12184,480,480,480,460,520,500,2920,520,460,60,12176,20.98,52,3,315,405,N/A,
1786727447.038,2026-08-14T19:10:47,691.904,12184,12176,12184,12176,12176,12184,460,460,460,440,500,480,2800,500,440,60,12176,18.37,52,4,307,405,N/A,
1786727447.537,2026-08-14T19:10:47,692.405,12184,12176,12184,12176,12176,12184,440,460,460,440,500,480,2780,500,440,60,12176,17.63,52,6,427,405,N/A,
1786727448.037,2026-08-14T19:10:48,692.905,12184,12176,12184,12176,12176,12184,440,460,440,420,500,480,2740,500,420,80,12176,16.67,52,0,255,405,N/A,
1786727448.536,2026-08-14T19:10:48,693.405,12184,12176,12184,12176,12176,12184,440,440,440,420,480,460,2680,480,420,60,12176,17.76,52,4,300,405,N/A,
1786727449.037,2026-08-14T19:10:49,693.905,12184,12176,12184,12176,12176,12184,420,440,440,420,480,460,2660,480,420,60,12176,16.91,52,0,300,405,N/A,
1786727449.536,2026-08-14T19:10:49,694.405,12184,12176,12184,12176,12176,12184,420,440,440,420,480,460,2660,480,420,60,12176,15.60,52,0,292,405,N/A,
1786727450.037,2026-08-14T19:10:50,694.905,12184,12176,12184,12176,12176,12184,420,440,420,400,480,440,2600,480,400,80,12176,15.69,52,3,292,405,N/A,
1786727450.538,2026-08-14T19:10:50,695.405,12184,12176,12184,12176,12176,12184,420,420,420,400,480,440,2580,480,400,80,12176,15.99,52,0,412,405,N/A,
1786727451.040,2026-08-14T19:10:51,695.905,12184,12176,12184,12176,12176,12184,420,420,420,400,460,440,2560,460,400,60,12176,17.49,52,7,390,405,N/A,
1786727451.536,2026-08-14T19:10:51,696.405,12184,12176,12184,12176,12176,12184,420,440,420,400,480,440,2600,480,400,80,12176,15.93,52,0,330,405,N/A,
1786727452.038,2026-08-14T19:10:52,696.905,12184,12176,12184,12176,12176,12184,420,440,420,400,480,440,2600,480,400,80,12176,16.17,52,0,225,405,N/A,
1786727452.538,2026-08-14T19:10:52,697.405,12184,12176,12184,12176,12176,12184,420,440,440,420,480,460,2660,480,420,60,12176,19.02,52,1,435,405,N/A,
1786727453.039,2026-08-14T19:10:53,697.905,12184,12176,12184,12176,12176,12184,440,460,440,420,480,460,2700,480,420,60,12176,19.81,52,7,337,405,N/A,
1786727453.538,2026-08-14T19:10:53,698.405,12184,12176,12184,12176,12176,12184,420,440,420,400,480,460,2620,480,400,80,12176,18.97,52,0,397,405,N/A,
1786727454.036,2026-08-14T19:10:54,698.905,12184,12176,12184,12176,12176,12184,420,440,420,400,500,460,2640,500,400,100,12176,17.21,52,0,247,405,N/A,
1786727454.690,2026-08-14T19:10:54,699.406,12184,12176,12184,12176,12176,12176,460,480,480,440,540,500,2900,540,440,100,12176,17.85,52,0,480,405,N/A,
1786727455.036,2026-08-14T19:10:55,699.906,12184,12176,12184,12176,12176,12176,460,480,480,440,540,500,2900,540,440,100,12176,24.07,52,77,1035,810,N/A,
1786727455.536,2026-08-14T19:10:55,700.406,12184,12176,12184,12176,12176,12176,540,560,540,520,620,560,3340,620,520,100,12176,33.24,53,5,1620,810,N/A,
1786727456.035,2026-08-14T19:10:56,700.906,12184,12168,12184,12176,12168,12176,560,560,560,520,620,580,3400,620,520,100,12168,41.98,52,6,1560,810,N/A,
1786727456.537,2026-08-14T19:10:56,701.406,12184,12176,12184,12176,12176,12176,540,540,540,520,600,560,3300,600,520,80,12176,32.33,52,1,1125,810,N/A,
1786727457.038,2026-08-14T19:10:57,701.906,12184,12176,12184,12176,12176,12176,520,540,540,500,600,540,3240,600,500,100,12176,21.97,52,4,487,405,N/A,
1786727457.539,2026-08-14T19:10:57,702.406,12184,12176,12184,12176,12176,12176,520,520,540,500,580,540,3200,580,500,80,12176,22.72,52,4,517,405,N/A,
1786727458.039,2026-08-14T19:10:58,702.906,12184,12176,12184,12176,12176,12184,500,520,520,500,560,520,3120,560,500,60,12176,23.18,52,5,420,405,N/A,
1786727458.539,2026-08-14T19:10:58,703.406,12184,12176,12184,12176,12176,12176,520,520,520,500,580,540,3180,580,500,80,12176,22.69,52,4,420,405,N/A,
1786727459.041,2026-08-14T19:10:59,703.906,12184,12176,12184,12176,12176,12176,520,520,520,500,580,540,3180,580,500,80,12176,25.03,52,7,480,405,N/A,
1786727459.537,2026-08-14T19:10:59,704.406,12184,12176,12184,12176,12176,12176,520,520,520,500,580,540,3180,580,500,80,12176,26.23,52,5,382,405,N/A,
1786727460.040,2026-08-14T19:11:00,704.906,12184,12176,12184,12176,12176,12176,540,540,540,520,580,560,3280,580,520,60,12176,27.76,52,8,472,405,N/A,
1786727460.536,2026-08-14T19:11:00,705.406,12184,12176,12184,12176,12176,12176,600,600,600,580,660,620,3660,660,580,80,12176,35.02,53,45,1252,405,N/A,
1786727461.035,2026-08-14T19:11:01,705.907,12184,12176,12184,12176,12176,12176,600,600,600,580,660,620,3660,660,580,80,12176,40.56,52,6,1275,810,N/A,
1786727461.541,2026-08-14T19:11:01,706.407,12184,12176,12184,12176,12176,12176,580,600,600,580,660,620,3640,660,580,80,12176,40.67,52,3,952,810,N/A,
1786727462.040,2026-08-14T19:11:02,706.907,12184,12176,12184,12176,12176,12176,580,600,580,560,640,600,3560,640,560,80,12176,29.34,52,0,810,405,N/A,
1786727462.538,2026-08-14T19:11:02,707.407,12184,12176,12184,12176,12176,12176,580,580,580,560,640,600,3540,640,560,80,12176,29.25,52,4,652,405,N/A,
1786727463.038,2026-08-14T19:11:03,707.907,12184,12176,12184,12176,12176,12176,560,580,560,540,620,580,3440,620,540,80,12176,27.81,52,3,585,405,N/A,
1786727463.538,2026-08-14T19:11:03,708.407,12184,12176,12184,12176,12176,12176,540,560,540,520,600,560,3320,600,520,80,12176,26.24,52,0,420,405,N/A,
1786727464.040,2026-08-14T19:11:04,708.907,12184,12176,12184,12176,12176,12176,540,560,540,520,600,560,3320,600,520,80,12176,23.23,52,3,442,405,N/A,
1786727464.540,2026-08-14T19:11:04,709.407,12184,12176,12184,12176,12176,12184,520,520,520,500,580,540,3180,580,500,80,12176,20.39,52,4,397,405,N/A,
1786727465.040,2026-08-14T19:11:05,709.907,12184,12176,12184,12176,12176,12184,500,520,500,480,560,520,3080,560,480,80,12176,18.95,52,4,300,405,N/A,
1786727465.540,2026-08-14T19:11:05,710.407,12184,12176,12184,12176,12176,12184,480,500,500,480,560,500,3020,560,480,80,12176,19.35,52,4,405,405,N/A,
1786727466.040,2026-08-14T19:11:06,710.907,12184,12176,12184,12176,12176,12184,500,520,500,480,560,500,3060,560,480,80,12176,22.28,52,4,435,405,N/A,
1786727466.540,2026-08-14T19:11:06,711.407,12184,12176,12184,12176,12176,12184,500,520,520,500,580,520,3140,580,500,80,12176,25.18,52,11,652,405,N/A,
1786727467.041,2026-08-14T19:11:07,711.907,12184,12176,12184,12176,12176,12184,500,520,520,500,580,540,3160,580,500,80,12176,25.66,52,7,540,405,N/A,
1786727467.540,2026-08-14T19:11:07,712.408,12184,12176,12184,12176,12176,12184,520,540,520,500,580,540,3200,580,500,80,12176,25.36,52,5,547,405,N/A,
1786727468.041,2026-08-14T19:11:08,712.908,12184,12176,12184,12176,12176,12184,500,520,520,500,580,520,3140,580,500,80,12176,24.88,52,3,360,405,N/A,
1786727468.540,2026-08-14T19:11:08,713.408,12184,12176,12184,12176,12176,12176,520,540,520,500,580,540,3200,580,500,80,12176,23.26,52,3,457,405,N/A,
1786727469.042,2026-08-14T19:11:09,713.908,12184,12176,12184,12176,12176,12176,520,540,520,500,580,540,3200,580,500,80,12176,25.26,52,3,555,405,N/A,
1786727469.541,2026-08-14T19:11:09,714.408,12184,12176,12184,12176,12176,12176,520,540,540,500,580,540,3220,580,500,80,12176,26.00,52,8,600,405,N/A,
1786727470.041,2026-08-14T19:11:10,714.908,12184,12176,12184,12176,12176,12176,500,520,520,500,580,540,3160,580,500,80,12176,23.94,52,8,532,405,N/A,
1786727470.541,2026-08-14T19:11:10,715.408,12184,12176,12184,12176,12176,12184,500,500,500,480,560,520,3060,560,480,80,12176,22.00,52,3,480,405,N/A,
1786727471.039,2026-08-14T19:11:11,715.908,12184,12176,12184,12176,12176,12184,500,520,500,480,560,520,3080,560,480,80,12176,20.59,52,4,345,405,N/A,
1786727471.537,2026-08-14T19:11:11,716.408,12184,12176,12184,12176,12176,12176,520,540,540,500,580,540,3220,580,500,80,12176,22.11,52,3,367,405,N/A,
1786727472.038,2026-08-14T19:11:12,716.908,12184,12176,12184,12176,12176,12176,540,540,540,520,600,540,3280,600,520,80,12176,31.48,52,0,1170,810,N/A,
1786727472.536,2026-08-14T19:11:12,717.408,12184,12176,12184,12176,12176,12176,600,620,620,600,680,620,3740,680,600,80,12176,29.33,52,0,930,810,N/A,
1786727473.036,2026-08-14T19:11:13,717.908,12176,12168,12176,12168,12168,12168,800,820,840,800,900,840,5000,900,800,100,12168,43.81,54,54,2512,13801,N/A,
1786727473.536,2026-08-14T19:11:13,718.408,12168,12160,12168,12160,12160,12168,960,980,1000,960,1080,1000,5980,1080,960,120,12160,80.46,55,8,2932,13801,N/A,
1786727474.036,2026-08-14T19:11:14,718.909,12168,12160,12168,12160,12160,12168,960,980,1000,960,1080,1000,5980,1080,960,120,12160,106.35,55,4,2932,13801,N/A,
1786727474.537,2026-08-14T19:11:14,719.409,12168,12152,12168,12160,12160,12160,1060,1080,1100,1060,1180,1100,6580,1180,1060,120,12152,102.67,54,1,2932,13801,N/A,
1786727475.036,2026-08-14T19:11:15,719.909,12168,12160,12168,12160,12160,12160,1020,1040,1060,1020,1140,1060,6340,1140,1020,120,12160,88.40,53,0,982,7001,N/A,
1786727475.536,2026-08-14T19:11:15,720.409,12168,12160,12168,12160,12160,12160,1000,1020,1040,980,1120,1040,6200,1120,980,140,12160,67.08,53,0,2512,13801,N/A,
1786727476.037,2026-08-14T19:11:16,720.909,12168,12160,12168,12160,12160,12160,980,1000,1000,960,1100,1020,6060,1100,960,140,12160,61.37,53,0,2587,7001,N/A,
1786727476.537,2026-08-14T19:11:16,721.409,12168,12160,12168,12160,12160,12168,880,900,900,860,1000,920,5460,1000,860,140,12160,60.56,52,2,607,7001,N/A,
1786727477.037,2026-08-14T19:11:17,721.909,12176,12160,12176,12168,12160,12168,820,840,840,800,920,860,5080,920,800,120,12160,40.22,52,0,457,7001,N/A,
1786727477.538,2026-08-14T19:11:17,722.409,12176,12160,12176,12168,12168,12168,760,780,780,740,860,800,4720,860,740,120,12160,37.78,52,0,405,7001,N/A,
1786727478.038,2026-08-14T19:11:18,722.909,12176,12168,12176,12168,12168,12168,720,720,720,680,800,740,4380,800,680,120,12168,36.64,52,0,307,810,N/A,
1786727478.537,2026-08-14T19:11:18,723.409,12176,12160,12176,12168,12168,12168,720,720,740,700,820,780,4480,820,700,120,12160,30.31,52,0,225,810,N/A,
1786727479.037,2026-08-14T19:11:19,723.909,12176,12160,12176,12168,12168,12168,740,760,740,700,820,780,4540,820,700,120,12160,38.65,53,1,2580,13801,N/A,
1786727479.537,2026-08-14T19:11:19,724.409,12168,12160,12168,12160,12160,12168,800,820,800,760,900,840,4920,900,760,140,12160,59.10,53,0,2580,13801,N/A,
1786727480.037,2026-08-14T19:11:20,724.909,12168,12160,12168,12160,12160,12168,860,880,860,820,960,900,5280,960,820,140,12160,73.72,53,1,2587,13801,N/A,
1786727480.537,2026-08-14T19:11:20,725.409,12168,12160,12168,12160,12160,12160,900,920,900,860,1020,940,5540,1020,860,160,12160,74.51,53,0,2602,13801,N/A,
1786727481.037,2026-08-14T19:11:21,725.910,12168,12152,12168,12160,12160,12160,940,960,940,900,1060,980,5780,1060,900,160,12152,74.88,54,0,2595,13801,N/A,
1786727481.537,2026-08-14T19:11:21,726.410,12160,12152,12168,12160,12152,12160,980,1000,980,940,1080,1020,6000,1080,940,140,12152,75.43,53,0,2580,13801,N/A,
1786727482.037,2026-08-14T19:11:22,726.910,12160,12152,12160,12152,12152,12160,1000,1020,1000,960,1120,1040,6140,1120,960,160,12152,76.75,54,2,2625,13801,N/A,
1786727482.537,2026-08-14T19:11:22,727.410,12160,12152,12160,12152,12152,12152,1060,1080,1080,1020,1180,1120,6540,1180,1020,160,12152,80.18,54,9,2677,13801,N/A,
1786727483.038,2026-08-14T19:11:23,727.910,12160,12152,12160,12152,12152,12152,1100,1120,1100,1060,1220,1140,6740,1220,1060,160,12152,85.51,54,3,2677,13801,N/A,
1786727483.538,2026-08-14T19:11:23,728.410,12160,12152,12160,12152,12152,12152,1100,1120,1100,1060,1220,1140,6740,1220,1060,160,12152,86.59,54,4,2670,13801,N/A,
1786727484.037,2026-08-14T19:11:24,728.910,12160,12152,12160,12152,12152,12152,1120,1140,1140,1080,1260,1180,6920,1260,1080,180,12152,85.50,54,5,2707,13801,N/A,
1786727484.537,2026-08-14T19:11:24,729.410,12160,12152,12160,12152,12152,12152,1100,1120,1120,1060,1240,1160,6800,1240,1060,180,12152,81.29,54,0,2580,13801,N/A,
1786727485.038,2026-08-14T19:11:25,729.910,12160,12152,12160,12152,12152,12160,1080,1120,1120,1060,1220,1140,6740,1220,1060,160,12152,76.47,54,0,2572,13801,N/A,
1786727485.538,2026-08-14T19:11:25,730.410,12160,12152,12160,12152,12152,12160,1080,1100,1100,1060,1200,1120,6660,1200,1060,140,12152,74.44,54,0,2580,13801,N/A,
1786727486.038,2026-08-14T19:11:26,730.910,12168,12152,12168,12160,12160,12160,1020,1060,1060,1020,1160,1080,6400,1160,1020,140,12152,73.83,54,0,2580,7001,N/A,
1786727486.539,2026-08-14T19:11:26,731.410,12168,12160,12168,12160,12160,12160,960,980,980,940,1080,1000,5940,1080,940,140,12160,61.94,53,5,990,7001,N/A,
1786727487.038,2026-08-14T19:11:27,731.910,12168,12160,12168,12160,12160,12168,920,960,960,920,1060,980,5800,1060,920,140,12160,52.16,53,7,1312,7001,N/A,
1786727487.540,2026-08-14T19:11:27,732.410,12176,12160,12176,12168,12168,12168,840,860,860,820,940,880,5200,940,820,120,12160,52.62,52,0,457,7001,N/A,
1786727488.041,2026-08-14T19:11:28,732.910,12176,12168,12176,12168,12168,12168,800,820,820,780,900,840,4960,900,780,120,12168,38.68,52,0,360,810,N/A,
1786727488.541,2026-08-14T19:11:28,733.411,12176,12168,12176,12168,12168,12168,800,820,820,780,900,840,4960,900,780,120,12168,33.13,53,14,1020,810,N/A,
1786727489.041,2026-08-14T19:11:29,733.911,12176,12168,12176,12168,12168,12168,780,800,800,760,880,820,4840,880,760,120,12168,40.24,53,11,967,810,N/A,
1786727489.540,2026-08-14T19:11:29,734.411,12176,12168,12176,12168,12168,12168,800,820,820,780,900,820,4940,900,780,120,12168,49.29,53,20,1320,810,N/A,
1786727490.043,2026-08-14T19:11:30,734.911,12176,12168,12176,12168,12168,12168,780,800,800,760,880,820,4840,880,760,120,12168,48.76,53,8,1087,405,N/A,
1786727490.541,2026-08-14T19:11:30,735.411,12176,12168,12176,12168,12168,12168,740,760,760,720,860,800,4640,860,720,140,12168,45.07,52,8,982,405,N/A,
1786727491.044,2026-08-14T19:11:31,735.911,12176,12168,12176,12168,12168,12168,680,700,700,660,780,720,4240,780,660,120,12168,35.28,52,0,502,405,N/A,
1786727491.539,2026-08-14T19:11:31,736.411,12176,12168,12176,12168,12168,12176,620,640,640,600,700,660,3860,700,600,100,12168,25.09,52,2,540,405,N/A,
1786727492.042,2026-08-14T19:11:32,736.911,12176,12168,12176,12168,12168,12176,620,620,620,580,680,640,3760,680,580,100,12168,18.47,52,0,292,405,N/A,
1786727492.539,2026-08-14T19:11:32,737.411,12176,12168,12176,12168,12168,12176,700,700,700,680,780,720,4280,780,680,100,12168,30.10,54,30,2175,810,N/A,
1786727493.039,2026-08-14T19:11:33,737.911,12176,12168,12176,12168,12168,12176,700,720,700,680,780,740,4320,780,680,100,12168,50.08,53,5,1672,7001,N/A,
1786727493.539,2026-08-14T19:11:33,738.411,12176,12168,12176,12168,12168,12176,700,720,700,680,780,740,4320,780,680,100,12168,58.98,53,0,1297,7001,N/A,
1786727494.039,2026-08-14T19:11:34,738.911,12176,12168,12176,12168,12168,12176,680,700,680,660,760,720,4200,760,660,100,12168,48.06,52,0,982,7001,N/A,
1786727494.539,2026-08-14T19:11:34,739.411,12176,12168,12176,12168,12168,12168,760,780,760,720,840,780,4640,840,720,120,12168,57.15,53,14,1965,7001,N/A,
1786727495.039,2026-08-14T19:11:35,739.911,12168,12160,12168,12160,12160,12168,820,840,820,780,920,880,5060,920,780,140,12160,69.79,54,8,1830,7001,N/A,
1786727495.539,2026-08-14T19:11:35,740.411,12168,12160,12168,12160,12160,12160,860,880,860,820,960,920,5300,960,820,140,12160,68.38,54,6,1620,7001,N/A,
1786727496.040,2026-08-14T19:11:36,740.912,12168,12160,12168,12160,12160,12168,820,860,840,800,920,880,5120,920,800,120,12160,65.94,53,1,1147,7001,N/A,
1786727496.540,2026-08-14T19:11:36,741.412,12168,12160,12168,12160,12160,12168,800,840,820,780,900,840,4980,900,780,120,12160,55.76,53,3,1162,7001,N/A,
1786727497.042,2026-08-14T19:11:37,741.912,12168,12160,12168,12160,12160,12168,800,820,820,780,900,860,4980,900,780,120,12160,49.82,53,3,1057,7001,N/A,
1786727497.541,2026-08-14T19:11:37,742.412,12168,12160,12168,12160,12160,12168,820,840,820,780,920,860,5040,920,780,140,12160,52.32,53,17,1380,810,N/A,
1786727498.043,2026-08-14T19:11:38,742.912,12168,12160,12168,12160,12160,12168,800,820,820,780,900,840,4960,900,780,120,12160,53.50,53,11,1462,810,N/A,
1786727498.539,2026-08-14T19:11:38,743.412,12168,12160,12168,12160,12160,12168,800,820,820,780,900,840,4960,900,780,120,12160,49.58,53,10,1147,810,N/A,
1786727499.040,2026-08-14T19:11:39,743.912,12168,12160,12168,12160,12160,12168,800,840,820,780,920,860,5020,920,780,140,12160,47.13,54,6,1260,13801,N/A,
1786727499.540,2026-08-14T19:11:39,744.412,12168,12152,12160,12160,12152,12160,960,980,960,920,1060,1000,5880,1060,920,140,12152,77.35,54,3,2782,13801,N/A,
1786727500.040,2026-08-14T19:11:40,744.912,12160,12152,12160,12152,12152,12152,1080,1100,1080,1020,1200,1140,6620,1200,1020,180,12152,97.46,55,12,2752,13801,N/A,
1786727500.540,2026-08-14T19:11:40,745.412,12160,12144,12160,12152,12152,12152,1140,1180,1160,1100,1280,1200,7060,1280,1100,180,12144,98.71,55,3,2932,13801,N/A,
1786727501.040,2026-08-14T19:11:41,745.912,12152,12144,12152,12144,12144,12152,1200,1240,1220,1160,1340,1260,7420,1340,1160,180,12144,100.41,55,3,2932,13801,N/A,
1786727501.540,2026-08-14T19:11:41,746.412,12152,12144,12152,12144,12144,12152,1240,1280,1260,1200,1400,1320,7700,1400,1200,200,12144,99.10,55,3,2932,13801,N/A,
1786727502.040,2026-08-14T19:11:42,746.912,12152,12144,12152,12144,12144,12152,1220,1240,1240,1180,1360,1280,7520,1360,1180,180,12144,95.95,54,3,2647,13801,N/A,
1786727502.540,2026-08-14T19:11:42,747.412,12152,12144,12152,12144,12144,12152,1260,1280,1260,1200,1400,1320,7720,1400,1200,200,12144,86.75,54,3,2632,13801,N/A,
1786727503.040,2026-08-14T19:11:43,747.913,12152,12144,12152,12144,12144,12144,1360,1380,1360,1300,1500,1420,8320,1500,1300,200,12144,91.64,55,11,2775,13801,N/A,
1786727503.540,2026-08-14T19:11:43,748.413,12152,12144,12152,12144,12144,12144,1360,1380,1360,1300,1500,1420,8320,1500,1300,200,12144,110.54,56,13,2932,13801,N/A,
1786727504.040,2026-08-14T19:11:44,748.913,12152,12144,12152,12144,12144,12144,1360,1380,1360,1320,1500,1420,8340,1500,1320,180,12144,109.61,55,4,2677,13801,N/A,
1786727504.540,2026-08-14T19:11:44,749.413,12152,12136,12152,12144,12144,12144,1340,1380,1360,1300,1500,1420,8300,1500,1300,200,12136,94.44,55,10,2707,13801,N/A,
1786727505.040,2026-08-14T19:11:45,749.913,12152,12144,12152,12144,12144,12144,1340,1360,1340,1300,1500,1400,8240,1500,1300,200,12144,93.10,55,8,2692,13801,N/A,
1786727505.541,2026-08-14T19:11:45,750.413,12152,12144,12152,12144,12144,12144,1300,1340,1320,1260,1460,1360,8040,1460,1260,200,12144,89.78,55,4,2647,13801,N/A,
1786727506.041,2026-08-14T19:11:46,750.913,12152,12144,12152,12144,12144,12144,1280,1320,1300,1240,1440,1340,7920,1440,1240,200,12144,87.23,55,6,2647,13801,N/A,
1786727506.541,2026-08-14T19:11:46,751.413,12152,12144,12152,12144,12144,12144,1260,1300,1260,1220,1420,1320,7780,1420,1220,200,12144,84.50,55,4,2647,13801,N/A,
1786727507.041,2026-08-14T19:11:47,751.913,12152,12144,12152,12144,12144,12144,1260,1280,1260,1200,1420,1320,7740,1420,1200,220,12144,84.97,55,4,2692,13801,N/A,
1786727507.541,2026-08-14T19:11:47,752.413,12152,12144,12152,12144,12144,12144,1240,1260,1240,1180,1400,1300,7620,1400,1180,220,12144,86.44,55,4,2692,13801,N/A,
1786727508.041,2026-08-14T19:11:48,752.913,12152,12144,12152,12144,12144,12152,1180,1220,1180,1140,1340,1240,7300,1340,1140,200,12144,83.29,54,0,2602,13801,N/A,
1786727508.541,2026-08-14T19:11:48,753.413,12152,12144,12152,12144,12144,12152,1180,1220,1180,1140,1340,1240,7300,1340,1140,200,12144,75.69,54,0,2572,13801,N/A,
1786727509.041,2026-08-14T19:11:49,753.913,12152,12144,12152,12144,12144,12152,1160,1200,1160,1120,1300,1220,7160,1300,1120,180,12144,73.60,54,4,2647,7001,N/A,
1786727509.542,2026-08-14T19:11:49,754.413,12160,12152,12160,12152,12152,12152,1080,1120,1080,1040,1220,1140,6680,1220,1040,180,12152,66.75,54,4,1140,7001,N/A,
1786727510.042,2026-08-14T19:11:50,754.913,12160,12152,12160,12152,12152,12152,1020,1060,1020,960,1160,1080,6300,1160,960,200,12152,57.73,54,5,1050,7001,N/A,
1786727510.542,2026-08-14T19:11:50,755.414,12160,12152,12160,12152,12152,12160,960,980,940,900,1080,1000,5860,1080,900,180,12152,54.13,53,4,967,7001,N/A,
1786727511.042,2026-08-14T19:11:51,755.914,12168,12152,12160,12160,12160,12160,900,920,880,840,1000,940,5480,1000,840,160,12152,43.62,53,0,427,810,N/A,
1786727511.544,2026-08-14T19:11:51,756.414,12168,12160,12168,12160,12160,12160,860,860,820,780,940,900,5160,940,780,160,12160,36.24,53,0,652,810,N/A,
1786727512.045,2026-08-14T19:11:52,756.914,12168,12160,12168,12160,12160,12160,820,840,780,760,920,860,4980,920,760,160,12160,45.93,54,18,1267,810,N/A,
1786727512.550,2026-08-14T19:11:52,757.414,12168,12160,12168,12160,12160,12160,780,780,740,700,860,800,4660,860,700,160,12160,42.57,53,6,877,810,N/A,
1786727513.046,2026-08-14T19:11:53,757.914,12168,12160,12168,12160,12160,12160,780,780,740,700,860,800,4660,860,700,160,12160,35.51,53,5,772,405,N/A,
1786727513.545,2026-08-14T19:11:53,758.414,12168,12160,12168,12160,12160,12160,780,800,740,700,860,800,4680,860,700,160,12160,42.48,53,0,1417,810,N/A,
1786727514.043,2026-08-14T19:11:54,758.914,12168,12160,12168,12160,12160,12160,820,840,780,760,920,860,4980,920,760,160,12160,57.57,54,18,1740,810,N/A,
1786727514.545,2026-08-14T19:11:54,759.414,12168,12160,12168,12160,12160,12160,760,780,720,700,860,800,4620,860,700,160,12160,46.85,53,0,1072,810,N/A,
1786727515.048,2026-08-14T19:11:55,759.914,12168,12160,12168,12160,12160,12168,700,720,660,640,800,740,4260,800,640,160,12160,30.32,53,10,1005,810,N/A,
1786727515.545,2026-08-14T19:11:55,760.414,12168,12160,12168,12160,12160,12168,680,700,640,600,760,720,4100,760,600,160,12160,25.60,53,14,937,405,N/A,
1786727516.048,2026-08-14T19:11:56,760.914,12168,12160,12168,12160,12160,12168,640,660,600,580,720,680,3880,720,580,140,12160,26.95,53,4,795,405,N/A,
1786727516.548,2026-08-14T19:11:56,761.414,12176,12160,12168,12168,12160,12168,620,640,560,540,700,640,3700,700,540,160,12160,25.33,53,5,735,405,N/A,
1786727517.048,2026-08-14T19:11:57,761.914,12176,12160,12176,12168,12168,12168,600,620,540,520,680,620,3580,680,520,160,12160,24.34,53,6,577,405,N/A,
1786727517.549,2026-08-14T19:11:57,762.414,12176,12168,12176,12168,12168,12168,580,600,540,500,660,620,3500,660,500,160,12168,23.67,53,4,487,405,N/A,
1786727518.048,2026-08-14T19:11:58,762.914,12176,12168,12176,12168,12168,12168,580,600,540,500,660,620,3500,660,500,160,12168,24.27,53,7,480,405,N/A,
1786727518.548,2026-08-14T19:11:58,763.415,12176,12168,12176,12168,12168,12168,560,580,520,500,640,600,3400,640,500,140,12168,23.89,53,6,457,405,N/A,
1786727519.048,2026-08-14T19:11:59,763.915,12176,12168,12176,12168,12168,12168,560,580,520,500,640,600,3400,640,500,140,12168,25.45,53,15,652,405,N/A,
1786727519.550,2026-08-14T19:11:59,764.415,12176,12168,12176,12168,12168,12168,560,580,520,500,640,580,3380,640,500,140,12168,26.53,53,7,540,405,N/A,
1786727520.048,2026-08-14T19:12:00,764.915,12176,12168,12176,12168,12168,12168,560,560,520,480,620,580,3320,620,480,140,12168,24.39,52,5,465,405,N/A,
1786727520.543,2026-08-14T19:12:00,765.415,12168,12160,12176,12168,12160,12168,600,620,560,540,680,640,3640,680,540,140,12160,29.15,53,100,810,405,N/A,
1786727521.043,2026-08-14T19:12:01,765.915,12168,12160,12168,12160,12160,12168,660,660,600,580,720,680,3900,720,580,140,12160,42.28,53,5,1425,7001,N/A,
1786727521.543,2026-08-14T19:12:01,766.415,12168,12160,12168,12160,12160,12168,680,700,640,600,760,720,4100,760,600,160,12160,53.04,53,4,1597,7001,N/A,
1786727522.043,2026-08-14T19:12:02,766.915,12168,12160,12168,12160,12160,12168,700,720,640,620,780,720,4180,780,620,160,12160,54.06,53,4,1462,7001,N/A,
1786727522.545,2026-08-14T19:12:02,767.415,12168,12160,12168,12160,12160,12160,720,740,660,620,800,740,4280,800,620,180,12160,52.13,53,3,1440,7001,N/A,
1786727523.046,2026-08-14T19:12:03,767.915,12168,12160,12168,12160,12160,12160,720,740,660,620,800,740,4280,800,620,180,12160,47.53,53,8,810,810,N/A,
1786727523.547,2026-08-14T19:12:03,768.415,12168,12160,12168,12160,12160,12160,720,740,660,620,800,740,4280,800,620,180,12160,42.88,53,11,742,810,N/A,
1786727524.047,2026-08-14T19:12:04,768.915,12168,12160,12168,12160,12160,12160,720,740,680,640,820,760,4360,820,640,180,12160,42.58,53,14,780,810,N/A,
1786727524.548,2026-08-14T19:12:04,769.415,12168,12160,12168,12160,12160,12160,740,740,680,640,820,760,4380,820,640,180,12160,43.23,53,12,787,810,N/A,
1786727525.050,2026-08-14T19:12:05,769.915,12168,12160,12168,12160,12160,12160,740,760,700,660,840,780,4480,840,660,180,12160,43.61,53,15,832,405,N/A,
1786727525.546,2026-08-14T19:12:05,770.415,12168,12160,12168,12160,12160,12160,760,780,720,680,840,800,4580,840,680,160,12160,46.71,54,13,1147,405,N/A,
1786727526.399,2026-08-14T19:12:06,770.916,12168,12160,12168,12160,12160,12160,740,760,720,680,840,780,4520,840,680,160,12160,47.64,53,5,1222,810,N/A,
1786727526.539,2026-08-14T19:12:06,771.416,12168,12160,12168,12160,12160,12160,740,760,720,680,840,780,4520,840,680,160,12160,47.64,53,5,1222,810,N/A,
1786727527.043,2026-08-14T19:12:07,771.916,12160,12152,12160,12152,12152,12152,1100,1120,1100,1060,1240,1160,6780,1240,1060,180,12152,76.20,56,100,2370,810,N/A,
1786727527.543,2026-08-14T19:12:07,772.416,12152,12144,12152,12144,12144,12152,1220,1260,1260,1200,1380,1280,7600,1380,1200,180,12144,109.84,56,100,2932,13801,N/A,
1786727528.043,2026-08-14T19:12:08,772.916,12152,12144,12152,12144,12144,12152,1220,1260,1260,1200,1380,1280,7600,1380,1200,180,12144,117.05,56,100,2932,13801,N/A,
1786727528.543,2026-08-14T19:12:08,773.416,12152,12144,12152,12144,12144,12152,1320,1340,1360,1300,1480,1380,8180,1480,1300,180,12144,118.01,56,100,2932,13801,N/A,
1786727529.043,2026-08-14T19:12:09,773.916,12152,12144,12152,12144,12144,12144,1400,1420,1460,1380,1560,1460,8680,1560,1380,180,12144,118.01,56,100,2932,13801,N/A,
1786727529.543,2026-08-14T19:12:09,774.416,12152,12144,12152,12144,12144,12144,1440,1480,1520,1440,1620,1520,9020,1620,1440,180,12144,117.90,56,100,2932,13801,N/A,
1786727530.044,2026-08-14T19:12:10,774.916,12152,12144,12152,12144,12144,12144,1500,1520,1580,1500,1660,1560,9320,1660,1500,160,12144,118.04,56,100,2932,13801,N/A,
1786727530.544,2026-08-14T19:12:10,775.416,12152,12144,12152,12144,12144,12144,1520,1560,1600,1540,1700,1600,9520,1700,1520,180,12144,118.42,56,100,2932,13801,N/A,
1786727531.044,2026-08-14T19:12:11,775.916,12152,12136,12152,12144,12144,12144,1560,1580,1640,1560,1740,1620,9700,1740,1560,180,12136,118.53,56,100,2932,13801,N/A,
1786727531.544,2026-08-14T19:12:11,776.416,12152,12136,12152,12144,12144,12144,1580,1600,1660,1580,1760,1640,9820,1760,1580,180,12136,118.57,56,100,2932,13801,N/A,
1786727532.044,2026-08-14T19:12:12,776.916,12152,12136,12152,12144,12136,12144,1580,1620,1680,1600,1780,1660,9920,1780,1580,200,12136,118.67,56,100,2932,13801,N/A,
1786727532.544,2026-08-14T19:12:12,777.416,12152,12136,12144,12144,12136,12144,1600,1640,1700,1620,1780,1680,10020,1780,1600,180,12136,118.71,56,100,2932,13801,N/A,
1786727533.044,2026-08-14T19:12:13,777.916,12152,12136,12144,12144,12136,12144,1600,1640,1700,1620,1780,1680,10020,1780,1600,180,12136,118.74,56,100,2932,13801,N/A,
1786727533.544,2026-08-14T19:12:13,778.417,12152,12136,12144,12144,12136,12144,1600,1640,1700,1620,1800,1680,10040,1800,1600,200,12136,118.66,57,100,2932,13801,N/A,
1786727534.044,2026-08-14T19:12:14,778.917,12144,12136,12144,12136,12136,12144,1620,1660,1720,1640,1800,1680,10120,1800,1620,180,12136,118.68,57,100,2932,13801,N/A,
1786727534.544,2026-08-14T19:12:14,779.417,12144,12136,12144,12136,12136,12144,1620,1660,1720,1640,1820,1700,10160,1820,1620,200,12136,118.87,57,100,2932,13801,N/A,
1786727535.044,2026-08-14T19:12:15,779.917,12144,12136,12144,12136,12136,12144,1620,1660,1720,1660,1820,1700,10180,1820,1620,200,12136,119.17,57,100,2932,13801,N/A,
1786727535.544,2026-08-14T19:12:15,780.417,12144,12136,12144,12136,12136,12144,1620,1660,1740,1660,1820,1700,10200,1820,1620,200,12136,119.33,57,100,2932,13801,N/A,
1786727536.044,2026-08-14T19:12:16,780.917,12144,12136,12144,12136,12136,12144,1640,1660,1740,1660,1820,1700,10220,1820,1640,180,12136,119.33,57,100,2932,13801,N/A,
1786727536.545,2026-08-14T19:12:16,781.417,12152,12136,12152,12144,12136,12144,1600,1640,1700,1620,1780,1680,10020,1780,1600,180,12136,119.36,57,100,2932,13801,N/A,
1786727537.045,2026-08-14T19:12:17,781.917,12152,12144,12152,12144,12144,12144,1540,1580,1640,1560,1720,1620,9660,1720,1540,180,12144,115.80,56,1,2932,13801,N/A,
1786727537.545,2026-08-14T19:12:17,782.417,12152,12144,12152,12144,12144,12144,1540,1580,1640,1560,1680,1560,9560,1680,1540,140,12144,105.25,56,0,2932,13801,N/A,
1786727538.045,2026-08-14T19:12:18,782.917,12152,12144,12152,12144,12144,12144,1500,1540,1600,1520,1680,1560,9400,1680,1500,180,12144,97.08,56,0,2932,13801,N/A,
1786727538.545,2026-08-14T19:12:18,783.417,12152,12144,12152,12144,12144,12152,1400,1440,1480,1420,1580,1480,8800,1580,1400,180,12144,98.07,56,0,2932,13801,N/A,
1786727539.046,2026-08-14T19:12:19,783.917,12160,12152,12160,12152,12152,12160,1220,1240,1280,1220,1360,1280,7600,1360,1220,140,12152,78.12,54,0,750,7001,N/A,
1786727539.546,2026-08-14T19:12:19,784.417,12168,12160,12168,12160,12160,12160,1060,1080,1100,1060,1180,1100,6580,1180,1060,120,12160,44.41,53,0,465,810,N/A,
1786727540.046,2026-08-14T19:12:20,784.917,12168,12160,12168,12160,12160,12168,920,940,960,920,1040,960,5740,1040,920,120,12160,29.66,53,0,360,810,N/A,
1786727540.546,2026-08-14T19:12:20,785.418,12176,12168,12176,12168,12168,12168,800,820,840,800,920,840,5020,920,800,120,12168,23.43,53,0,270,810,N/A,
1786727541.050,2026-08-14T19:12:21,785.918,12176,12168,12176,12168,12168,12176,720,740,740,720,820,760,4500,820,720,100,12168,20.46,53,0,225,810,N/A,
1786727541.550,2026-08-14T19:12:21,786.418,12176,12168,12176,12176,12168,12176,660,680,680,640,740,680,4080,740,640,100,12168,17.65,53,3,292,405,N/A,
1786727542.052,2026-08-14T19:12:22,786.918,12184,12176,12184,12176,12176,12176,620,640,640,620,720,660,3900,720,620,100,12176,17.34,53,0,225,405,N/A,
1786727542.547,2026-08-14T19:12:22,787.418,12184,12176,12184,12176,12176,12176,620,640,640,620,720,660,3900,720,620,100,12176,20.47,53,5,645,405,N/A,
1786727543.052,2026-08-14T19:12:23,787.918,12184,12176,12184,12176,12176,12176,580,600,600,560,660,600,3600,660,560,100,12176,22.69,53,0,225,405,N/A,
1786727543.552,2026-08-14T19:12:23,788.418,12184,12176,12184,12176,12176,12176,540,560,560,540,620,580,3400,620,540,80,12176,22.48,53,2,607,405,N/A,
1786727544.049,2026-08-14T19:12:24,788.918,12184,12176,12184,12176,12176,12184,520,540,540,520,600,560,3280,600,520,80,12176,17.93,53,0,225,405,N/A,
1786727544.554,2026-08-14T19:12:24,789.418,12184,12176,12184,12176,12176,12184,500,520,520,500,560,540,3140,560,500,60,12176,17.40,53,0,277,405,N/A,
1786727545.050,2026-08-14T19:12:25,789.918,12184,12176,12184,12176,12176,12184,500,520,520,480,560,540,3120,560,480,80,12176,18.94,53,1,510,405,N/A,
1786727545.552,2026-08-14T19:12:25,790.418,12184,12176,12184,12176,12176,12184,500,500,500,480,560,520,3060,560,480,80,12176,20.48,53,3,555,405,N/A,
1786727546.048,2026-08-14T19:12:26,790.918,12184,12176,12184,12176,12176,12184,480,500,500,480,540,520,3020,540,480,60,12176,21.83,53,15,517,405,N/A,
1786727546.547,2026-08-14T19:12:26,791.418,12184,12176,12184,12176,12176,12184,460,480,480,460,520,500,2900,520,460,60,12176,21.47,53,0,225,405,N/A,
1786727547.051,2026-08-14T19:12:27,791.918,12184,12176,12184,12176,12176,12184,460,460,460,440,500,480,2800,500,440,60,12176,20.60,53,0,240,405,N/A,
1786727547.547,2026-08-14T19:12:27,792.418,12184,12176,12184,12176,12176,12184,460,460,460,440,500,480,2800,500,440,60,12176,15.34,53,0,225,405,N/A,
1786727548.047,2026-08-14T19:12:28,792.919,12184,12176,12184,12184,12176,12184,440,460,440,420,500,460,2720,500,420,80,12176,15.84,53,0,225,405,N/A,
1786727548.552,2026-08-14T19:12:28,793.419,12192,12176,12192,12184,12176,12184,420,440,420,400,480,440,2600,480,400,80,12176,15.71,53,0,225,405,N/A,
1786727549.064,2026-08-14T19:12:29,793.919,12184,12176,12184,12176,12176,12184,500,540,500,500,560,520,3120,560,500,60,12176,17.53,54,49,502,405,N/A,
1786727549.546,2026-08-14T19:12:29,794.419,12184,12168,12176,12176,12168,12176,660,700,680,660,740,680,4120,740,660,80,12168,43.48,55,84,997,405,N/A,
1786727550.046,2026-08-14T19:12:30,794.919,12176,12168,12176,12168,12168,12168,820,840,840,820,920,860,5100,920,820,100,12168,71.08,55,0,2460,13801,N/A,
1786727550.547,2026-08-14T19:12:30,795.419,12168,12160,12168,12160,12160,12168,940,960,980,940,1060,980,5860,1060,940,120,12160,95.06,55,0,2932,13801,N/A,
1786727551.047,2026-08-14T19:12:31,795.919,12168,12160,12168,12160,12160,12160,1040,1060,1080,1040,1160,1080,6460,1160,1040,120,12160,95.72,56,0,2932,13801,N/A,
1786727551.547,2026-08-14T19:12:31,796.419,12168,12160,12168,12160,12160,12160,1000,1020,1040,1000,1100,1040,6200,1100,1000,100,12160,96.22,56,0,2932,7001,N/A,
1786727552.047,2026-08-14T19:12:32,796.919,12176,12160,12176,12168,12160,12168,900,940,940,900,1020,940,5640,1020,900,120,12160,79.15,54,10,667,7001,N/A,
1786727552.547,2026-08-14T19:12:32,797.419,12176,12160,12176,12168,12160,12168,900,940,940,900,1020,940,5640,1020,900,120,12160,55.12,54,0,517,7001,N/A,
1786727553.047,2026-08-14T19:12:33,797.919,12176,12168,12176,12168,12168,12168,840,860,860,820,920,860,5160,920,820,100,12168,39.59,53,0,420,7001,N/A,
1786727553.547,2026-08-14T19:12:33,798.419,12176,12168,12176,12168,12168,12176,780,800,800,760,860,800,4800,860,760,100,12168,35.08,53,0,330,7001,N/A,
1786727554.047,2026-08-14T19:12:34,798.919,12176,12168,12176,12168,12168,12176,720,740,740,720,800,760,4480,800,720,80,12168,34.54,53,0,277,7001,N/A,
1786727554.548,2026-08-14T19:12:34,799.419,12184,12168,12184,12176,12168,12176,680,700,700,680,760,720,4240,760,680,80,12168,34.21,53,0,225,7001,N/A,
1786727555.049,2026-08-14T19:12:35,799.919,12184,12176,12184,12176,12176,12176,640,660,640,620,720,660,3940,720,620,100,12176,33.57,53,0,225,810,N/A,
1786727555.549,2026-08-14T19:12:35,800.420,12184,12176,12184,12176,12176,12176,600,620,620,580,680,640,3740,680,580,100,12176,27.47,53,3,225,810,N/A,
1786727556.051,2026-08-14T19:12:36,800.920,12184,12176,12184,12176,12176,12176,600,620,620,580,680,620,3720,680,580,100,12176,21.46,53,0,337,810,N/A,
1786727556.547,2026-08-14T19:12:36,801.420,12176,12168,12176,12168,12168,12168,780,800,800,760,860,800,4800,860,760,100,12168,26.43,53,3,532,810,N/A,
1786727557.047,2026-08-14T19:12:37,801.920,12168,12160,12168,12160,12160,12168,920,940,940,920,1020,960,5700,1020,920,100,12160,53.66,56,22,2205,13801,N/A,
1786727557.547,2026-08-14T19:12:37,802.420,12168,12160,12168,12160,12160,12168,920,940,940,920,1020,960,5700,1020,920,100,12160,86.74,56,0,2932,13801,N/A,
1786727558.047,2026-08-14T19:12:38,802.920,12168,12160,12168,12160,12160,12160,1020,1040,1060,1020,1140,1060,6340,1140,1020,120,12160,99.44,56,0,2932,13801,N/A,
1786727558.548,2026-08-14T19:12:38,803.420,12168,12160,12168,12160,12160,12160,1080,1100,1140,1080,1220,1140,6760,1220,1080,140,12160,96.13,56,0,2932,13801,N/A,
1786727559.049,2026-08-14T19:12:39,803.920,12168,12160,12168,12160,12160,12168,960,1000,1020,960,1080,1020,6040,1080,960,120,12160,80.87,54,0,1305,7001,N/A,
1786727559.548,2026-08-14T19:12:39,804.420,12176,12160,12176,12168,12168,12168,880,900,920,880,980,920,5480,980,880,100,12160,50.00,54,0,577,7001,N/A,
1786727560.048,2026-08-14T19:12:40,804.920,12176,12168,12176,12168,12168,12168,820,820,840,800,900,840,5020,900,800,100,12168,36.84,53,0,465,7001,N/A,
1786727560.548,2026-08-14T19:12:40,805.420,12176,12168,12176,12168,12168,12176,760,780,780,740,840,780,4680,840,740,100,12168,35.67,53,0,360,7001,N/A,
1786727561.048,2026-08-14T19:12:41,805.920,12176,12168,12176,12168,12168,12176,720,720,740,700,800,740,4420,800,700,100,12168,33.94,53,0,292,7001,N/A,
1786727561.548,2026-08-14T19:12:41,806.420,12184,12168,12184,12176,12168,12176,680,700,700,660,760,720,4220,760,660,100,12168,33.60,53,0,232,7001,N/A,
1786727562.049,2026-08-14T19:12:42,806.920,12184,12176,12184,12176,12176,12176,660,680,660,640,740,680,4060,740,640,100,12176,33.66,53,0,225,7001,N/A,
1786727562.550,2026-08-14T19:12:42,807.420,12184,12176,12184,12176,12176,12176,660,680,660,640,740,680,4060,740,640,100,12176,33.86,53,1,225,7001,N/A,
1786727563.049,2026-08-14T19:12:43,807.921,12184,12176,12184,12176,12176,12176,620,640,620,600,700,640,3820,700,600,100,12176,30.68,53,0,277,810,N/A,
1786727563.550,2026-08-14T19:12:43,808.421,12184,12176,12184,12176,12176,12176,580,580,580,560,640,600,3540,640,560,80,12176,22.38,53,0,225,810,N/A,
1786727564.051,2026-08-14T19:12:44,808.921,12184,12176,12184,12176,12176,12184,540,560,540,520,600,560,3320,600,520,80,12176,18.21,53,0,225,810,N/A,
1786727564.549,2026-08-14T19:12:44,809.421,12184,12176,12184,12176,12176,12184,520,520,520,500,580,540,3180,580,500,80,12176,17.15,53,0,225,405,N/A,
1786727565.050,2026-08-14T19:12:45,809.921,12184,12176,12184,12176,12176,12184,500,500,500,480,540,520,3040,540,480,60,12176,17.16,53,0,225,405,N/A,
1786727565.550,2026-08-14T19:12:45,810.421,12184,12176,12184,12176,12176,12184,480,480,480,460,520,500,2920,520,460,60,12176,16.10,53,0,225,405,N/A,
1786727566.055,2026-08-14T19:12:46,810.921,12184,12176,12184,12176,12176,12184,460,460,460,440,520,480,2820,520,440,80,12176,15.59,53,0,225,405,N/A,
1786727566.552,2026-08-14T19:12:46,811.421,12184,12176,12184,12184,12176,12184,440,460,440,420,500,460,2720,500,420,80,12176,15.47,53,0,225,405,N/A,
1786727567.055,2026-08-14T19:12:47,811.921,12184,12176,12184,12176,12176,12184,440,460,440,420,500,460,2720,500,420,80,12176,15.47,53,0,225,405,N/A,
1786727567.551,2026-08-14T19:12:47,812.421,12184,12176,12184,12176,12176,12184,440,460,440,420,500,460,2720,500,420,80,12176,15.47,53,0,225,405,N/A,
1786727568.054,2026-08-14T19:12:48,812.921,12192,12176,12192,12184,12176,12184,440,440,440,420,480,460,2680,480,420,60,12176,15.78,53,0,315,405,N/A,
1786727568.551,2026-08-14T19:12:48,813.421,12184,12176,12184,12176,12176,12184,440,460,440,440,500,460,2740,500,440,60,12176,17.15,53,16,240,405,N/A,
1786727569.056,2026-08-14T19:12:49,813.921,12192,12176,12184,12184,12176,12184,440,460,440,420,500,460,2720,500,420,80,12176,18.35,53,0,225,405,N/A,
1786727569.550,2026-08-14T19:12:49,814.421,12184,12176,12184,12176,12176,12184,520,540,520,500,580,540,3200,580,500,80,12176,26.15,54,74,240,810,N/A,
1786727570.050,2026-08-14T19:12:50,814.921,12184,12176,12184,12176,12176,12176,580,600,600,560,640,600,3580,640,560,80,12176,32.83,53,0,1560,810,N/A,
1786727570.551,2026-08-14T19:12:50,815.422,12184,12176,12184,12176,12176,12176,540,560,560,540,620,580,3400,620,540,80,12176,45.40,54,21,1950,810,N/A,
1786727571.050,2026-08-14T19:12:51,815.922,12184,12176,12184,12176,12176,12184,520,520,520,500,580,540,3180,580,500,80,12176,31.43,53,0,1290,810,N/A,
1786727571.550,2026-08-14T19:12:51,816.422,12184,12176,12184,12176,12176,12184,480,500,500,460,540,500,2980,540,460,80,12176,19.17,53,0,1050,405,N/A,
1786727572.053,2026-08-14T19:12:52,816.922,12184,12176,12184,12176,12176,12184,480,500,500,460,540,500,2980,540,460,80,12176,14.61,53,0,457,405,N/A,
1786727572.550,2026-08-14T19:12:52,817.422,12184,12176,12184,12176,12176,12176,540,560,560,540,620,580,3400,620,540,80,12176,29.15,54,6,1860,810,N/A,
1786727573.055,2026-08-14T19:12:53,817.922,12184,12176,12184,12176,12176,12176,520,540,540,500,600,560,3260,600,500,100,12176,30.85,53,0,1042,810,N/A,
1786727573.552,2026-08-14T19:12:53,818.422,12184,12176,12184,12176,12176,12184,520,540,540,520,580,560,3260,580,520,60,12176,24.29,53,0,1282,405,N/A,
1786727574.051,2026-08-14T19:12:54,818.922,12184,12176,12184,12176,12176,12184,520,520,520,500,580,540,3180,580,500,80,12176,23.01,53,2,750,405,N/A,
1786727574.551,2026-08-14T19:12:54,819.422,12184,12176,12184,12176,12176,12184,500,500,500,480,540,520,3040,540,480,60,12176,19.85,53,0,457,405,N/A,
1786727575.056,2026-08-14T19:12:55,819.922,12184,12176,12184,12176,12176,12184,480,480,480,460,520,500,2920,520,460,60,12176,17.63,53,0,345,405,N/A,
1786727575.553,2026-08-14T19:12:55,820.422,12184,12176,12184,12176,12176,12184,500,500,500,480,540,520,3040,540,480,60,12176,16.47,53,1,270,405,N/A,
1786727576.051,2026-08-14T19:12:56,820.922,12184,12176,12184,12176,12176,12184,480,480,480,460,520,500,2920,520,460,60,12176,21.36,53,0,547,405,N/A,
1786727576.555,2026-08-14T19:12:56,821.422,12184,12176,12184,12176,12176,12184,460,460,460,440,500,480,2800,500,440,60,12176,21.28,53,0,225,405,N/A,
1786727577.055,2026-08-14T19:12:57,821.922,12184,12176,12184,12176,12176,12184,460,460,460,440,500,480,2800,500,440,60,12176,15.33,53,2,225,405,N/A,
1786727577.552,2026-08-14T19:12:57,822.422,12184,12176,12184,12176,12176,12184,480,500,480,460,540,500,2960,540,460,80,12176,20.69,53,0,1035,405,N/A,
1786727578.052,2026-08-14T19:12:58,822.923,12184,12176,12184,12176,12176,12184,480,480,480,460,540,500,2940,540,460,80,12176,24.34,53,1,547,405,N/A,
1786727578.562,2026-08-14T19:12:58,823.423,12184,12176,12184,12176,12176,12184,500,500,480,460,560,500,3000,560,460,100,12176,24.14,53,7,780,405,N/A,
1786727579.050,2026-08-14T19:12:59,823.923,12184,12176,12184,12176,12176,12176,620,620,620,580,680,640,3760,680,580,100,12176,33.79,55,81,225,405,N/A,
1786727579.551,2026-08-14T19:12:59,824.423,12184,12168,12184,12176,12168,12176,660,680,680,640,740,700,4100,740,640,100,12168,47.11,54,0,2212,13801,N/A,
1786727580.050,2026-08-14T19:13:00,824.923,12176,12168,12176,12168,12168,12176,700,720,720,700,800,740,4380,800,700,100,12168,64.55,54,0,2287,13801,N/A,
1786727580.551,2026-08-14T19:13:00,825.423,12176,12168,12176,12168,12168,12176,740,760,760,720,840,780,4600,840,720,120,12168,57.85,54,0,2287,13801,N/A,
1786727581.051,2026-08-14T19:13:01,825.923,12176,12168,12176,12168,12168,12176,700,720,720,700,800,740,4380,800,700,100,12168,57.88,54,2,2287,7001,N/A,
1786727581.551,2026-08-14T19:13:01,826.423,12176,12168,12176,12176,12168,12176,680,700,700,660,760,720,4220,760,660,100,12168,48.60,53,0,465,7001,N/A,
1786727582.051,2026-08-14T19:13:02,826.923,12176,12168,12176,12176,12168,12176,680,700,700,660,760,720,4220,760,660,100,12168,38.08,53,0,457,7001,N/A,
1786727582.552,2026-08-14T19:13:02,827.423,12184,12168,12184,12176,12176,12176,660,680,680,640,740,700,4100,740,640,100,12168,37.19,53,2,300,7001,N/A,
1786727583.051,2026-08-14T19:13:03,827.923,12184,12176,12184,12176,12176,12176,660,660,660,640,720,680,4020,720,640,80,12176,35.87,53,0,247,7001,N/A,
1786727583.551,2026-08-14T19:13:03,828.423,12184,12176,12184,12176,12176,12176,640,640,640,620,720,660,3920,720,620,100,12176,34.81,53,0,375,7001,N/A,
1786727584.052,2026-08-14T19:13:04,828.923,12184,12176,12184,12176,12176,12176,640,640,640,620,700,660,3900,700,620,80,12176,38.53,53,1,450,7001,N/A,
1786727584.554,2026-08-14T19:13:04,829.423,12184,12176,12184,12176,12176,12176,620,620,620,600,680,640,3780,680,600,80,12176,37.42,53,1,225,7001,N/A,
1786727585.054,2026-08-14T19:13:05,829.924,12184,12176,12184,12176,12176,12176,600,600,600,580,660,620,3660,660,580,80,12176,33.46,53,1,232,810,N/A,
1786727585.554,2026-08-14T19:13:05,830.424,12184,12176,12184,12176,12176,12176,580,580,580,560,640,600,3540,640,560,80,12176,28.64,53,2,277,810,N/A,
1786727586.054,2026-08-14T19:13:06,830.924,12184,12176,12184,12176,12176,12184,560,560,560,520,620,580,3400,620,520,100,12176,25.00,53,3,285,810,N/A,
1786727586.558,2026-08-14T19:13:06,831.424,12184,12176,12184,12176,12176,12184,540,540,540,520,600,560,3300,600,520,80,12176,23.19,53,2,352,810,N/A,
1786727587.056,2026-08-14T19:13:07,831.924,12184,12176,12184,12176,12176,12184,540,540,540,520,600,560,3300,600,520,80,12176,21.78,53,4,307,405,N/A,
1786727587.556,2026-08-14T19:13:07,832.424,12184,12176,12184,12176,12176,12184,520,520,520,500,580,540,3180,580,500,80,12176,22.29,53,6,397,405,N/A,
1786727588.056,2026-08-14T19:13:08,832.924,12184,12176,12184,12176,12176,12184,520,520,520,500,580,540,3180,580,500,80,12176,19.27,53,1,300,405,N/A,
1786727588.557,2026-08-14T19:13:08,833.424,12184,12176,12184,12176,12176,12184,500,500,500,480,560,520,3060,560,480,80,12176,20.73,53,3,480,405,N/A,
1786727589.055,2026-08-14T19:13:09,833.924,12184,12176,12184,12176,12176,12184,480,480,480,460,540,500,2940,540,460,80,12176,21.23,53,6,225,405,N/A,
1786727589.558,2026-08-14T19:13:09,834.424,12184,12176,12184,12176,12176,12184,480,480,480,440,540,500,2920,540,440,100,12176,16.33,53,0,322,405,N/A,
1786727590.057,2026-08-14T19:13:10,834.924,12184,12176,12184,12176,12176,12184,480,480,480,440,540,500,2920,540,440,100,12176,18.93,53,6,480,405,N/A,
1786727590.559,2026-08-14T19:13:10,835.424,12184,12176,12184,12176,12176,12184,480,500,480,460,540,500,2960,540,460,80,12176,20.44,53,1,345,405,N/A,
1786727591.057,2026-08-14T19:13:11,835.924,12184,12176,12184,12184,12176,12184,460,480,480,440,540,500,2900,540,440,100,12176,21.78,53,6,397,405,N/A,
1786727591.558,2026-08-14T19:13:11,836.424,12184,12176,12184,12184,12176,12184,460,480,460,440,520,480,2840,520,440,80,12176,19.84,53,0,285,405,N/A,
1786727592.060,2026-08-14T19:13:12,836.925,12184,12176,12184,12184,12176,12184,460,480,460,440,520,480,2840,520,440,80,12176,18.01,53,2,285,405,N/A,
1786727592.554,2026-08-14T19:13:12,837.425,12184,12176,12184,12184,12176,12184,460,460,460,440,520,480,2820,520,440,80,12176,18.80,53,4,300,405,N/A,
1786727593.059,2026-08-14T19:13:13,837.925,12184,12176,12184,12184,12176,12184,440,460,460,420,500,480,2760,500,420,80,12176,18.44,53,0,390,405,N/A,
1786727593.557,2026-08-14T19:13:13,838.425,12184,12176,12184,12184,12176,12184,440,460,460,440,520,480,2800,520,440,80,12176,18.02,53,5,352,405,N/A,
1786727594.057,2026-08-14T19:13:14,838.925,12184,12176,12184,12176,12176,12184,460,480,460,440,520,480,2840,520,440,80,12176,20.12,53,0,517,405,N/A,
1786727594.562,2026-08-14T19:13:14,839.425,12184,12176,12184,12184,12176,12184,460,480,480,440,520,480,2860,520,440,80,12176,22.09,53,3,502,405,N/A,
1786727595.058,2026-08-14T19:13:15,839.925,12184,12176,12184,12184,12176,12184,460,480,480,440,540,480,2880,540,440,100,12176,21.96,53,5,435,405,N/A,
1786727595.556,2026-08-14T19:13:15,840.425,12184,12176,12184,12184,12176,12184,460,480,460,440,540,480,2860,540,440,100,12176,20.66,53,4,337,405,N/A,
1786727596.058,2026-08-14T19:13:16,840.925,12184,12176,12184,12184,12176,12184,460,480,480,440,520,480,2860,520,440,80,12176,20.55,53,0,397,405,N/A,
1786727596.557,2026-08-14T19:13:16,841.425,12184,12176,12184,12184,12176,12184,460,480,480,440,520,480,2860,520,440,80,12176,19.47,53,1,360,405,N/A,
1786727597.058,2026-08-14T19:13:17,841.925,12184,12176,12184,12184,12176,12184,460,480,480,440,540,480,2880,540,440,100,12176,19.66,53,3,375,405,N/A,
1786727597.558,2026-08-14T19:13:17,842.425,12184,12176,12184,12184,12176,12184,460,480,480,440,540,480,2880,540,440,100,12176,20.86,53,3,345,405,N/A,
1786727598.059,2026-08-14T19:13:18,842.925,12184,12176,12184,12184,12176,12184,480,480,480,460,540,500,2940,540,460,80,12176,21.48,53,2,307,405,N/A,
1786727598.559,2026-08-14T19:13:18,843.425,12184,12176,12184,12176,12176,12184,500,500,500,460,560,500,3020,560,460,100,12176,22.68,53,3,435,405,N/A,
1786727599.058,2026-08-14T19:13:19,843.926,12184,12176,12184,12176,12176,12184,500,500,500,480,580,520,3080,580,480,100,12176,26.35,53,6,450,405,N/A,
1786727599.558,2026-08-14T19:13:19,844.426,12184,12176,12184,12176,12176,12184,500,520,520,480,580,540,3140,580,480,100,12176,27.82,53,8,397,405,N/A,
1786727600.060,2026-08-14T19:13:20,844.926,12184,12176,12184,12176,12176,12184,520,520,520,500,580,540,3180,580,500,80,12176,26.04,53,4,420,405,N/A,
1786727600.559,2026-08-14T19:13:20,845.426,12184,12176,12184,12176,12176,12184,520,540,520,500,580,540,3200,580,500,80,12176,26.47,53,3,472,405,N/A,
1786727601.059,2026-08-14T19:13:21,845.926,12184,12176,12184,12176,12176,12184,540,540,540,520,600,540,3280,600,520,80,12176,26.24,53,6,420,405,N/A,
1786727601.559,2026-08-14T19:13:21,846.426,12184,12176,12184,12176,12176,12184,540,540,540,520,600,540,3280,600,520,80,12176,27.29,53,6,457,405,N/A,
1786727602.058,2026-08-14T19:13:22,846.926,12184,12176,12184,12176,12176,12184,540,540,540,520,600,560,3300,600,520,80,12176,28.49,53,4,367,405,N/A,
1786727602.560,2026-08-14T19:13:22,847.426,12184,12176,12184,12176,12176,12184,540,540,540,520,600,560,3300,600,520,80,12176,26.79,53,7,345,405,N/A,
1786727603.057,2026-08-14T19:13:23,847.926,12184,12176,12184,12176,12176,12184,540,540,540,520,600,560,3300,600,520,80,12176,24.78,53,0,405,405,N/A,
1786727603.560,2026-08-14T19:13:23,848.426,12184,12176,12184,12176,12176,12184,540,540,540,520,600,560,3300,600,520,80,12176,26.34,53,3,435,405,N/A,
1786727604.373,2026-08-14T19:13:24,848.926,12184,12176,12184,12176,12176,12176,560,560,580,540,640,580,3460,640,540,100,12176,30.51,53,10,607,405,N/A,
1786727604.549,2026-08-14T19:13:24,849.426,12184,12176,12184,12176,12176,12176,560,560,580,540,640,580,3460,640,540,100,12176,30.51,53,10,607,405,N/A,
1786727605.057,2026-08-14T19:13:25,849.926,12176,12168,12176,12168,12168,12176,640,660,660,620,720,660,3960,720,620,100,12168,34.20,54,10,1035,810,N/A,
1786727605.557,2026-08-14T19:13:25,850.426,12176,12168,12176,12168,12168,12176,680,680,680,640,760,700,4140,760,640,120,12168,46.02,54,5,1732,810,N/A,
1786727606.059,2026-08-14T19:13:26,850.927,12176,12168,12176,12176,12168,12176,660,680,680,640,740,680,4080,740,640,100,12168,53.77,53,2,1590,810,N/A,
1786727606.557,2026-08-14T19:13:26,851.427,12176,12168,12176,12176,12168,12176,660,680,680,640,740,680,4080,740,640,100,12168,43.56,53,2,1432,405,N/A,
1786727607.060,2026-08-14T19:13:27,851.927,12184,12168,12184,12176,12168,12176,640,660,660,620,720,660,3960,720,620,100,12168,33.31,53,11,705,405,N/A,
1786727607.557,2026-08-14T19:13:27,852.427,12184,12168,12184,12176,12176,12176,640,660,640,620,700,660,3920,700,620,80,12168,31.48,53,4,727,405,N/A,
1786727608.060,2026-08-14T19:13:28,852.927,12184,12176,12184,12176,12176,12176,600,620,620,600,680,640,3760,680,600,80,12176,31.20,53,4,465,405,N/A,
1786727608.557,2026-08-14T19:13:28,853.427,12184,12176,12184,12176,12176,12176,580,600,600,580,640,600,3600,640,580,60,12176,26.80,53,6,532,405,N/A,
1786727609.060,2026-08-14T19:13:29,853.927,12184,12176,12184,12176,12176,12184,560,580,560,540,620,580,3440,620,540,80,12176,22.58,53,7,382,405,N/A,
1786727609.557,2026-08-14T19:13:29,854.427,12184,12176,12184,12176,12176,12184,540,560,540,520,600,560,3320,600,520,80,12176,21.83,53,3,472,405,N/A,
1786727610.060,2026-08-14T19:13:30,854.927,12184,12176,12184,12176,12176,12184,540,560,540,520,600,560,3320,600,520,80,12176,21.90,53,5,435,405,N/A,
1786727610.559,2026-08-14T19:13:30,855.427,12184,12176,12184,12176,12176,12184,520,540,520,520,580,540,3220,580,520,60,12176,23.02,53,9,412,405,N/A,
1786727611.060,2026-08-14T19:13:31,855.927,12184,12176,12184,12176,12176,12184,520,540,520,500,580,540,3200,580,500,80,12176,22.58,53,3,412,405,N/A,
1786727611.560,2026-08-14T19:13:31,856.427,12184,12176,12184,12176,12176,12184,520,540,520,500,580,540,3200,580,500,80,12176,21.78,53,9,375,405,N/A,
1786727612.059,2026-08-14T19:13:32,856.927,12184,12176,12184,12176,12176,12184,500,520,500,500,580,520,3120,580,500,80,12176,21.19,53,3,367,405,N/A,
1786727612.559,2026-08-14T19:13:32,857.427,12184,12176,12184,12184,12176,12184,500,520,500,480,560,500,3060,560,480,80,12176,21.52,53,3,352,405,N/A,
1786727613.060,2026-08-14T19:13:33,857.928,12184,12176,12184,12184,12176,12184,480,500,500,480,560,500,3020,560,480,80,12176,21.10,53,7,352,405,N/A,
1786727613.558,2026-08-14T19:13:33,858.428,12184,12176,12184,12184,12176,12184,480,500,480,460,540,500,2960,540,460,80,12176,20.06,53,0,397,405,N/A,
1786727614.060,2026-08-14T19:13:34,858.928,12184,12176,12184,12176,12176,12184,480,500,480,460,540,500,2960,540,460,80,12176,20.21,53,7,345,405,N/A,
1786727614.560,2026-08-14T19:13:34,859.428,12184,12176,12184,12176,12176,12184,480,500,480,460,520,500,2940,520,460,60,12176,20.18,53,5,375,405,N/A,
1786727615.060,2026-08-14T19:13:35,859.928,12184,12176,12184,12176,12176,12184,460,480,480,460,520,500,2900,520,460,60,12176,20.19,53,6,420,405,N/A,
1786727615.561,2026-08-14T19:13:35,860.428,12184,12176,12184,12176,12176,12184,480,480,460,460,520,500,2900,520,460,60,12176,19.84,53,4,352,405,N/A,
1786727616.060,2026-08-14T19:13:36,860.928,12184,12176,12184,12184,12176,12184,460,480,480,460,520,480,2880,520,460,60,12176,19.82,53,5,420,405,N/A,
1786727616.562,2026-08-14T19:13:36,861.428,12184,12176,12184,12184,12176,12184,460,480,480,460,520,480,2880,520,460,60,12176,20.47,53,4,390,405,N/A,
1786727617.061,2026-08-14T19:13:37,861.928,12184,12176,12184,12184,12176,12184,480,480,480,460,540,480,2920,540,460,80,12176,21.16,53,3,555,405,N/A,
1786727617.561,2026-08-14T19:13:37,862.428,12184,12176,12192,12184,12176,12184,460,480,480,460,540,480,2900,540,460,80,12176,20.84,53,4,345,405,N/A,
1786727618.061,2026-08-14T19:13:38,862.928,12184,12176,12192,12184,12176,12184,460,480,460,440,520,480,2840,520,440,80,12176,19.36,53,0,352,405,N/A,
1786727618.561,2026-08-14T19:13:38,863.428,12184,12176,12184,12184,12184,12184,460,480,460,460,520,480,2860,520,460,60,12176,19.64,53,5,375,405,N/A,
1786727619.061,2026-08-14T19:13:39,863.928,12184,12176,12184,12184,12184,12184,460,480,460,460,520,480,2860,520,460,60,12176,19.59,53,5,427,405,N/A,
1786727619.561,2026-08-14T19:13:39,864.428,12184,12176,12184,12184,12176,12184,480,480,480,460,520,500,2920,520,460,60,12176,19.44,53,4,435,405,N/A,
1786727620.058,2026-08-14T19:13:40,864.929,12184,12176,12184,12184,12176,12184,500,500,500,480,540,500,3020,540,480,60,12176,22.29,53,0,472,405,N/A,
1786727620.577,2026-08-14T19:13:40,865.429,12192,12176,12192,12184,12176,12184,480,480,460,460,520,480,2880,520,460,60,12176,24.94,53,1,675,405,N/A,
1786727621.056,2026-08-14T19:13:41,865.929,12192,12176,12192,12184,12176,12184,480,480,460,460,520,480,2880,520,460,60,12176,21.14,53,0,255,405,N/A,
1786727621.556,2026-08-14T19:13:41,866.429,12176,12168,12176,12168,12168,12176,720,740,760,720,800,740,4480,800,720,80,12168,52.88,55,0,2737,13801,N/A,
1786727622.057,2026-08-14T19:13:42,866.929,12176,12160,12176,12168,12168,12168,880,900,920,880,980,920,5480,980,880,100,12160,89.81,56,6,2932,13801,N/A,
1786727622.557,2026-08-14T19:13:42,867.429,12168,12160,12168,12160,12160,12168,980,1020,1040,1000,1100,1020,6160,1100,980,120,12160,98.99,55,0,2932,13801,N/A,
1786727623.057,2026-08-14T19:13:43,867.929,12168,12160,12168,12160,12160,12168,1000,1020,1060,1000,1120,1040,6240,1120,1000,120,12160,99.03,55,0,2932,13801,N/A,
1786727623.557,2026-08-14T19:13:43,868.429,12176,12168,12176,12168,12168,12168,900,920,940,900,1000,940,5600,1000,900,100,12168,75.89,54,0,757,7001,N/A,
1786727624.057,2026-08-14T19:13:44,868.929,12176,12168,12176,12168,12168,12168,840,860,880,840,940,860,5220,940,840,100,12168,44.27,53,0,615,7001,N/A,
1786727624.557,2026-08-14T19:13:44,869.429,12176,12168,12176,12168,12168,12176,780,800,800,760,860,800,4800,860,760,100,12168,37.48,53,0,517,7001,N/A,
1786727625.057,2026-08-14T19:13:45,869.929,12176,12168,12184,12176,12168,12176,720,740,760,720,820,760,4520,820,720,100,12168,36.62,53,0,397,7001,N/A,
1786727625.557,2026-08-14T19:13:45,870.429,12184,12176,12184,12176,12176,12176,680,680,700,660,760,700,4180,760,660,100,12176,34.70,53,0,300,7001,N/A,
1786727626.058,2026-08-14T19:13:46,870.929,12184,12176,12184,12176,12176,12176,680,680,700,660,760,700,4180,760,660,100,12176,29.73,53,0,255,810,N/A,
1786727626.559,2026-08-14T19:13:46,871.429,12184,12176,12184,12176,12176,12176,640,640,640,620,700,660,3900,700,620,80,12176,25.38,53,0,225,810,N/A,
1786727627.057,2026-08-14T19:13:47,871.929,12184,12176,12184,12176,12176,12176,660,660,680,640,740,680,4060,740,640,100,12176,30.38,53,39,427,810,N/A,
1786727627.557,2026-08-14T19:13:47,872.430,12176,12168,12176,12168,12168,12176,760,780,780,760,860,800,4740,860,760,100,12168,57.01,54,32,1920,13801,N/A,
1786727628.057,2026-08-14T19:13:48,872.930,12176,12168,12176,12168,12168,12176,780,800,820,780,880,820,4880,880,780,100,12168,61.87,54,0,2235,13801,N/A,
1786727628.557,2026-08-14T19:13:48,873.430,12176,12168,12176,12168,12168,12168,840,860,860,820,940,880,5200,940,820,120,12168,64.47,55,8,2310,13801,N/A,
1786727629.058,2026-08-14T19:13:49,873.930,12176,12168,12176,12168,12168,12168,840,860,860,840,940,880,5220,940,840,100,12168,65.17,54,0,2250,13801,N/A,
1786727629.558,2026-08-14T19:13:49,874.430,12176,12168,12176,12168,12168,12168,800,820,840,800,900,840,5000,900,800,100,12168,59.72,54,1,1965,7001,N/A,
1786727630.059,2026-08-14T19:13:50,874.930,12176,12168,12176,12168,12168,12176,780,800,820,780,880,820,4880,880,780,100,12168,51.99,54,1,997,7001,N/A,
1786727630.559,2026-08-14T19:13:50,875.430,12176,12168,12176,12168,12168,12176,740,760,760,720,820,780,4580,820,720,100,12168,47.31,54,0,877,810,N/A,
1786727631.058,2026-08-14T19:13:51,875.930,12176,12168,12176,12168,12168,12176,740,760,760,720,820,780,4580,820,720,100,12168,40.54,53,0,585,810,N/A,
1786727631.558,2026-08-14T19:13:51,876.430,12184,12176,12184,12176,12176,12176,680,680,700,660,760,700,4180,760,660,100,12176,28.48,53,0,337,810,N/A,
1786727632.059,2026-08-14T19:13:52,876.930,12184,12176,12184,12176,12176,12176,620,640,640,600,700,640,3840,700,600,100,12176,19.55,53,0,262,810,N/A,
1786727632.559,2026-08-14T19:13:52,877.430,12184,12176,12184,12176,12176,12184,580,580,580,560,640,600,3540,640,560,80,12176,17.27,53,0,225,810,N/A,
1786727633.059,2026-08-14T19:13:53,877.930,12184,12176,12184,12176,12176,12184,540,560,540,520,600,560,3320,600,520,80,12176,17.34,53,0,232,405,N/A,
1786727633.559,2026-08-14T19:13:53,878.430,12184,12176,12184,12176,12176,12184,520,520,520,500,580,540,3180,580,500,80,12176,17.39,53,0,292,405,N/A,
1786727634.062,2026-08-14T19:13:54,878.930,12184,12176,12184,12184,12176,12184,500,500,500,480,560,520,3060,560,480,80,12176,16.61,53,0,225,405,N/A,
1786727634.559,2026-08-14T19:13:54,879.430,12184,12176,12184,12184,12176,12184,480,480,480,460,540,500,2940,540,460,80,12176,15.69,53,0,225,405,N/A,
1786727635.059,2026-08-14T19:13:55,879.931,12184,12176,12192,12184,12176,12184,460,480,480,460,520,500,2900,520,460,60,12176,16.06,53,0,225,405,N/A,
1786727635.560,2026-08-14T19:13:55,880.431,12192,12176,12192,12184,12184,12184,460,480,460,440,520,480,2840,520,440,80,12176,17.40,53,2,255,405,N/A,
1786727636.059,2026-08-14T19:13:56,880.931,12192,12176,12192,12184,12184,12184,460,480,460,440,520,480,2840,520,440,80,12176,17.65,53,1,225,405,N/A,
1786727636.559,2026-08-14T19:13:56,881.431,12192,12176,12192,12184,12184,12184,440,460,460,440,500,480,2780,500,440,60,12176,16.45,53,0,225,405,N/A,
1786727637.059,2026-08-14T19:13:57,881.931,12192,12176,12192,12184,12184,12184,440,460,440,420,500,460,2720,500,420,80,12176,16.28,53,0,225,405,N/A,
1786727637.560,2026-08-14T19:13:57,882.431,12192,12184,12192,12184,12184,12184,440,440,440,420,480,460,2680,480,420,60,12184,16.50,53,0,225,405,N/A,
1786727638.059,2026-08-14T19:13:58,882.931,12192,12184,12192,12184,12184,12184,440,440,440,420,480,460,2680,480,420,60,12184,16.74,53,0,225,405,N/A,
1786727638.560,2026-08-14T19:13:58,883.431,12192,12184,12192,12184,12184,12184,420,440,440,420,480,460,2660,480,420,60,12184,16.23,53,0,225,405,N/A,
1786727639.060,2026-08-14T19:13:59,883.931,12192,12184,12192,12184,12184,12184,420,440,440,420,480,440,2640,480,420,60,12184,15.94,53,0,225,405,N/A,
1786727639.560,2026-08-14T19:13:59,884.431,12192,12184,12192,12184,12184,12184,420,440,440,420,480,460,2660,480,420,60,12184,16.27,53,0,225,405,N/A,
1786727640.060,2026-08-14T19:14:00,884.931,12192,12184,12192,12184,12184,12184,420,440,420,400,480,440,2600,480,400,80,12184,17.05,53,2,262,405,N/A,
1786727640.560,2026-08-14T19:14:00,885.431,12192,12184,12192,12184,12184,12184,420,440,420,420,480,440,2620,480,420,60,12184,16.95,53,0,225,405,N/A,
1786727641.064,2026-08-14T19:14:01,885.931,12192,12184,12192,12184,12184,12184,420,440,420,420,480,440,2620,480,420,60,12184,16.87,53,0,292,405,N/A,
1786727641.562,2026-08-14T19:14:01,886.431,12192,12184,12192,12184,12184,12184,420,440,420,420,480,440,2620,480,420,60,12184,17.32,53,1,225,405,N/A,
1786727642.060,2026-08-14T19:14:02,886.932,12192,12184,12192,12184,12184,12184,420,440,420,400,480,440,2600,480,400,80,12184,16.38,53,0,240,405,N/A,
1786727642.564,2026-08-14T19:14:02,887.432,12192,12184,12192,12184,12184,12184,420,420,420,400,460,440,2560,460,400,60,12184,14.91,53,0,225,405,N/A,
1786727643.061,2026-08-14T19:14:03,887.932,12192,12184,12192,12184,12184,12184,420,420,420,400,460,420,2540,460,400,60,12184,14.35,53,0,225,405,N/A,
1786727643.561,2026-08-14T19:14:03,888.432,12192,12184,12192,12184,12184,12184,420,420,420,400,460,440,2560,460,400,60,12184,15.14,53,0,225,405,N/A,
1786727644.060,2026-08-14T19:14:04,888.932,12192,12184,12192,12184,12184,12184,420,420,420,400,460,440,2560,460,400,60,12184,16.15,53,0,277,405,N/A,
1786727644.560,2026-08-14T19:14:04,889.432,12192,12184,12192,12184,12184,12184,420,420,420,400,460,440,2560,460,400,60,12184,16.18,53,1,225,405,N/A,
1786727645.060,2026-08-14T19:14:05,889.932,12192,12184,12192,12184,12184,12184,420,420,420,400,460,440,2560,460,400,60,12184,16.16,53,0,225,405,N/A,
1786727645.560,2026-08-14T19:14:05,890.432,12192,12184,12192,12184,12184,12184,420,420,420,400,460,440,2560,460,400,60,12184,16.27,53,0,225,405,N/A,
1786727646.060,2026-08-14T19:14:06,890.932,12192,12184,12192,12184,12184,12184,420,420,420,400,460,440,2560,460,400,60,12184,16.11,53,0,225,405,N/A,
1786727646.563,2026-08-14T19:14:06,891.432,12192,12184,12192,12184,12184,12184,420,420,420,400,460,440,2560,460,400,60,12184,15.43,53,0,225,405,N/A,
1786727647.061,2026-08-14T19:14:07,891.932,12192,12176,12192,12184,12184,12184,440,460,460,420,500,460,2740,500,420,80,12176,19.47,53,4,315,405,N/A,
1786727647.563,2026-08-14T19:14:07,892.432,12192,12176,12192,12184,12184,12184,440,460,460,420,500,480,2760,500,420,80,12176,23.05,53,0,922,405,N/A,
1786727648.060,2026-08-14T19:14:08,892.932,12184,12176,12184,12176,12176,12184,460,480,460,440,520,480,2840,520,440,80,12176,20.25,53,0,240,405,N/A,
1786727648.560,2026-08-14T19:14:08,893.432,12176,12168,12176,12168,12168,12168,740,760,760,720,840,780,4600,840,720,120,12168,40.96,55,24,960,13801,N/A,
1786727649.062,2026-08-14T19:14:09,893.933,12168,12160,12168,12160,12160,12160,940,960,980,920,1060,980,5840,1060,920,140,12160,86.17,56,9,2932,13801,N/A,
1786727649.560,2026-08-14T19:14:09,894.433,12160,12152,12160,12152,12152,12160,1100,1120,1140,1080,1240,1160,6840,1240,1080,160,12152,114.85,56,9,2932,13801,N/A,
1786727650.061,2026-08-14T19:14:10,894.933,12160,12152,12160,12152,12152,12152,1160,1180,1200,1140,1320,1220,7220,1320,1140,180,12152,115.98,56,9,2932,13801,N/A,
1786727650.561,2026-08-14T19:14:10,895.433,12160,12152,12160,12152,12152,12152,1160,1180,1200,1140,1320,1220,7220,1320,1140,180,12152,107.48,55,11,2610,7001,N/A,
1786727651.061,2026-08-14T19:14:11,895.933,12160,12152,12160,12152,12152,12152,1160,1180,1200,1140,1300,1220,7200,1300,1140,160,12152,90.69,55,11,1950,7001,N/A,
1786727651.561,2026-08-14T19:14:11,896.433,12160,12152,12160,12152,12152,12152,1160,1160,1180,1100,1280,1200,7080,1280,1100,180,12152,77.75,55,11,1680,7001,N/A,
1786727652.061,2026-08-14T19:14:12,896.933,12160,12152,12160,12152,12152,12152,1140,1160,1160,1080,1280,1200,7020,1280,1080,200,12152,76.73,55,11,1710,7001,N/A,
1786727652.562,2026-08-14T19:14:12,897.433,12160,12152,12160,12152,12152,12152,1140,1160,1160,1100,1280,1200,7040,1280,1100,180,12152,79.03,55,12,1785,7001,N/A,
1786727653.061,2026-08-14T19:14:13,897.933,12160,12152,12160,12152,12152,12152,1140,1160,1160,1100,1280,1200,7040,1280,1100,180,12152,80.11,55,11,1762,7001,N/A,
1786727653.562,2026-08-14T19:14:13,898.433,12160,12152,12160,12152,12152,12152,1120,1160,1160,1100,1280,1200,7020,1280,1100,180,12152,79.46,55,11,1740,7001,N/A,
1786727654.062,2026-08-14T19:14:14,898.933,12160,12152,12160,12152,12152,12152,1140,1160,1160,1120,1280,1200,7060,1280,1120,160,12152,79.38,55,11,1725,7001,N/A,
1786727654.562,2026-08-14T19:14:14,899.433,12160,12152,12160,12152,12152,12160,1140,1160,1160,1100,1260,1200,7020,1260,1100,160,12152,79.33,55,12,1710,7001,N/A,
1786727655.062,2026-08-14T19:14:15,899.933,12160,12152,12160,12152,12152,12152,1140,1160,1160,1100,1260,1180,7000,1260,1100,160,12152,79.40,55,12,1732,7001,N/A,
1786727655.562,2026-08-14T19:14:15,900.433,12160,12152,12160,12152,12152,12152,1140,1160,1160,1100,1260,1180,7000,1260,1100,160,12152,79.59,55,11,1710,7001,N/A,
1786727656.062,2026-08-14T19:14:16,900.934,12160,12152,12160,12152,12152,12152,1140,1160,1140,1100,1260,1200,7000,1260,1100,160,12152,79.50,55,11,1672,7001,N/A,
1786727656.562,2026-08-14T19:14:16,901.434,12160,12152,12160,12152,12152,12152,1140,1160,1140,1100,1260,1200,7000,1260,1100,160,12152,79.62,55,11,1710,7001,N/A,
1786727657.062,2026-08-14T19:14:17,901.934,12160,12152,12160,12152,12152,12152,1140,1160,1140,1100,1280,1200,7020,1280,1100,180,12152,79.59,55,11,1672,7001,N/A,
1786727657.562,2026-08-14T19:14:17,902.434,12160,12152,12160,12152,12152,12152,1140,1160,1140,1100,1280,1200,7020,1280,1100,180,12152,79.53,55,11,1702,7001,N/A,
1786727658.062,2026-08-14T19:14:18,902.934,12160,12152,12160,12152,12152,12152,1140,1160,1140,1100,1280,1200,7020,1280,1100,180,12152,79.80,55,11,1710,7001,N/A,
1786727658.563,2026-08-14T19:14:18,903.434,12160,12152,12160,12152,12152,12160,1140,1160,1140,1100,1260,1200,7000,1260,1100,160,12152,79.64,55,11,1665,7001,N/A,
1786727659.062,2026-08-14T19:14:19,903.934,12160,12152,12160,12152,12152,12160,1120,1140,1120,1080,1260,1180,6900,1260,1080,180,12152,77.94,55,12,1537,7001,N/A,
1786727659.562,2026-08-14T19:14:19,904.434,12160,12152,12160,12152,12152,12160,1100,1140,1120,1080,1260,1180,6880,1260,1080,180,12152,75.68,55,11,1470,7001,N/A,
1786727660.062,2026-08-14T19:14:20,904.934,12160,12152,12160,12152,12152,12152,1120,1140,1120,1080,1240,1160,6860,1240,1080,160,12152,75.74,55,12,1537,7001,N/A,
1786727660.563,2026-08-14T19:14:20,905.434,12160,12152,12160,12152,12152,12152,1120,1140,1120,1080,1240,1160,6860,1240,1080,160,12152,76.55,55,12,1462,7001,N/A,
1786727661.062,2026-08-14T19:14:21,905.934,12160,12152,12160,12152,12152,12160,1080,1120,1080,1040,1220,1120,6660,1220,1040,180,12152,72.60,54,8,1410,7001,N/A,
1786727661.562,2026-08-14T19:14:21,906.434,12160,12152,12160,12160,12152,12160,1000,1040,1000,960,1140,1040,6180,1140,960,180,12152,63.33,54,0,1162,7001,N/A,
1786727662.062,2026-08-14T19:14:22,906.934,12168,12160,12168,12160,12160,12160,920,940,900,860,1040,960,5620,1040,860,180,12160,47.63,53,0,577,7001,N/A,
1786727662.565,2026-08-14T19:14:22,907.434,12168,12160,12168,12160,12160,12168,840,860,820,800,940,880,5140,940,800,140,12160,37.35,53,0,450,7001,N/A,
1786727663.065,2026-08-14T19:14:23,907.935,12168,12160,12168,12168,12160,12168,760,780,760,720,860,800,4680,860,720,140,12160,34.38,53,4,352,810,N/A,
1786727663.564,2026-08-14T19:14:23,908.435,12176,12168,12176,12168,12168,12168,700,740,680,660,800,740,4320,800,660,140,12168,28.06,53,0,330,810,N/A,
1786727664.064,2026-08-14T19:14:24,908.935,12176,12168,12176,12168,12168,12168,640,660,620,600,740,680,3940,740,600,140,12168,24.50,53,0,315,810,N/A,
1786727664.562,2026-08-14T19:14:24,909.435,12176,12160,12176,12168,12160,12168,740,760,720,700,820,780,4520,820,700,120,12160,21.51,53,0,277,810,N/A,
1786727665.062,2026-08-14T19:14:25,909.935,12168,12160,12168,12160,12160,12160,900,920,900,860,1000,940,5520,1000,860,140,12160,42.77,56,93,780,405,N/A,
1786727665.562,2026-08-14T19:14:25,910.435,12168,12160,12168,12160,12160,12160,900,920,900,860,1000,940,5520,1000,860,140,12160,78.92,56,0,2925,13801,N/A,
1786727666.063,2026-08-14T19:14:26,910.935,12168,12152,12168,12160,12152,12160,1000,1020,1020,980,1120,1040,6180,1120,980,140,12152,102.52,56,0,2932,13801,N/A,
1786727666.563,2026-08-14T19:14:26,911.435,12160,12152,12160,12152,12152,12160,1080,1100,1100,1060,1220,1140,6700,1220,1060,160,12152,95.64,56,0,2932,13801,N/A,
1786727667.063,2026-08-14T19:14:27,911.935,12168,12152,12168,12160,12152,12160,1020,1040,1040,980,1140,1060,6280,1140,980,160,12152,84.90,54,0,2932,7001,N/A,
1786727667.563,2026-08-14T19:14:27,912.435,12168,12160,12168,12160,12160,12160,920,940,940,900,1040,960,5700,1040,900,140,12160,59.52,54,0,697,7001,N/A,
1786727668.064,2026-08-14T19:14:28,912.935,12168,12160,12168,12160,12160,12168,860,880,860,820,960,900,5280,960,820,140,12160,37.07,53,0,532,7001,N/A,
1786727668.563,2026-08-14T19:14:28,913.435,12168,12160,12168,12160,12160,12168,840,860,840,820,960,900,5220,960,820,140,12160,42.55,54,9,540,7001,N/A,
1786727669.064,2026-08-14T19:14:29,913.935,12168,12160,12176,12168,12168,12168,780,800,780,740,880,820,4800,880,740,140,12160,47.65,53,0,780,7001,N/A,
1786727669.564,2026-08-14T19:14:29,914.435,12176,12168,12176,12168,12168,12168,740,760,740,700,840,780,4560,840,700,140,12168,40.06,53,0,322,7001,N/A,
1786727670.065,2026-08-14T19:14:30,914.935,12176,12168,12176,12168,12168,12168,700,720,680,660,780,740,4280,780,660,120,12168,34.49,53,0,270,7001,N/A,
1786727670.565,2026-08-14T19:14:30,915.436,12176,12168,12176,12168,12168,12168,700,720,680,660,780,740,4280,780,660,120,12168,31.88,53,0,540,810,N/A,
1786727671.064,2026-08-14T19:14:31,915.936,12168,12160,12168,12160,12160,12168,800,820,780,760,900,840,4900,900,760,140,12160,47.19,55,8,1102,7001,N/A,
1786727671.564,2026-08-14T19:14:31,916.436,12176,12160,12176,12168,12160,12168,780,800,780,740,880,820,4800,880,740,140,12160,58.66,54,0,1807,7001,N/A,
1786727672.064,2026-08-14T19:14:32,916.936,12176,12160,12176,12168,12168,12168,740,760,740,700,840,780,4560,840,700,140,12160,52.28,53,0,1275,7001,N/A,
1786727672.564,2026-08-14T19:14:32,917.436,12176,12168,12176,12168,12168,12168,740,760,720,700,820,760,4500,820,700,120,12168,40.78,53,1,997,7001,N/A,
1786727673.065,2026-08-14T19:14:33,917.936,12176,12168,12176,12168,12168,12168,700,720,700,660,800,740,4320,800,660,140,12168,41.87,53,0,1065,7001,N/A,
1786727673.565,2026-08-14T19:14:33,918.436,12176,12168,12176,12168,12168,12176,660,680,640,620,740,700,4040,740,620,120,12168,36.29,53,0,780,810,N/A,
1786727674.064,2026-08-14T19:14:34,918.936,12176,12168,12176,12168,12168,12168,700,720,700,660,800,740,4320,800,660,140,12168,26.03,53,0,547,810,N/A,
1786727674.564,2026-08-14T19:14:34,919.436,12176,12160,12176,12168,12160,12168,760,780,760,720,860,800,4680,860,720,140,12160,40.98,55,7,1005,13801,N/A,
1786727675.064,2026-08-14T19:14:35,919.936,12176,12160,12176,12168,12160,12168,760,780,760,720,860,800,4680,860,720,140,12160,58.66,54,0,2212,13801,N/A,
1786727675.564,2026-08-14T19:14:35,920.436,12176,12160,12176,12168,12160,12168,780,800,780,740,860,820,4780,860,740,120,12160,62.24,54,0,2107,13801,N/A,
1786727676.064,2026-08-14T19:14:36,920.936,12168,12160,12168,12168,12160,12168,780,800,780,740,880,820,4800,880,740,140,12160,56.15,54,0,2115,13801,N/A,
1786727676.564,2026-08-14T19:14:36,921.436,12176,12168,12176,12168,12168,12168,740,760,740,700,840,780,4560,840,700,140,12168,50.83,53,0,1552,7001,N/A,
1786727677.064,2026-08-14T19:14:37,921.936,12176,12168,12176,12168,12168,12168,700,720,700,660,800,740,4320,800,660,140,12168,41.49,53,0,480,7001,N/A,
1786727677.564,2026-08-14T19:14:37,922.436,12176,12168,12176,12168,12168,12168,680,700,680,640,780,720,4200,780,640,140,12168,35.41,53,0,322,7001,N/A,
1786727678.064,2026-08-14T19:14:38,922.937,12176,12168,12176,12168,12168,12168,720,740,720,680,820,760,4440,820,680,140,12168,41.35,54,9,457,7001,N/A,
1786727678.565,2026-08-14T19:14:38,923.437,12176,12168,12176,12168,12168,12168,700,700,680,640,780,720,4220,780,640,140,12168,46.54,53,0,757,7001,N/A,
1786727679.065,2026-08-14T19:14:39,923.937,12176,12168,12176,12168,12168,12168,660,680,660,620,740,700,4060,740,620,120,12168,40.70,53,0,307,7001,N/A,
1786727679.566,2026-08-14T19:14:39,924.437,12176,12168,12176,12168,12168,12176,640,640,620,580,700,660,3840,700,580,120,12168,34.66,53,0,270,7001,N/A,
1786727680.067,2026-08-14T19:14:40,924.937,12176,12168,12176,12168,12168,12176,640,640,620,580,700,660,3840,700,580,120,12168,29.70,53,0,277,810,N/A,
1786727680.566,2026-08-14T19:14:40,925.437,12176,12168,12176,12168,12168,12176,600,600,580,560,680,620,3640,680,560,120,12168,24.12,53,0,307,810,N/A,
1786727681.070,2026-08-14T19:14:41,925.937,12176,12168,12176,12168,12168,12176,560,580,540,520,620,580,3400,620,520,100,12168,19.59,53,2,225,810,N/A,
1786727681.565,2026-08-14T19:14:41,926.437,12176,12168,12176,12168,12168,12168,700,720,680,640,780,720,4240,780,640,140,12168,33.93,55,39,555,810,N/A,
1786727682.065,2026-08-14T19:14:42,926.937,12176,12168,12176,12168,12168,12168,740,760,720,700,820,760,4500,820,700,120,12168,58.06,54,0,2317,13801,N/A,
1786727682.565,2026-08-14T19:14:42,927.437,12176,12160,12176,12168,12168,12168,760,780,760,720,860,800,4680,860,720,140,12160,63.90,54,0,2280,13801,N/A,
1786727683.065,2026-08-14T19:14:43,927.937,12176,12160,12176,12168,12160,12168,780,800,780,740,880,820,4800,880,740,140,12160,58.05,54,0,2280,13801,N/A,
1786727683.565,2026-08-14T19:14:43,928.437,12176,12168,12176,12168,12168,12168,760,760,740,700,840,800,4600,840,700,140,12168,56.28,54,0,2265,7001,N/A,
1786727684.066,2026-08-14T19:14:44,928.937,12176,12168,12176,12168,12168,12168,720,740,700,680,800,760,4400,800,680,120,12168,46.05,53,1,547,7001,N/A,
1786727684.566,2026-08-14T19:14:44,929.437,12176,12168,12176,12168,12168,12168,740,760,740,700,840,780,4560,840,700,140,12168,36.98,53,0,405,7001,N/A,
1786727685.066,2026-08-14T19:14:45,929.938,12176,12168,12176,12168,12168,12168,740,760,740,700,840,780,4560,840,700,140,12168,43.56,54,8,660,7001,N/A,
1786727685.565,2026-08-14T19:14:45,930.438,12176,12168,12176,12168,12168,12168,740,740,720,700,820,760,4480,820,700,120,12168,48.43,53,0,795,7001,N/A,
1786727686.066,2026-08-14T19:14:46,930.938,12176,12168,12176,12168,12168,12168,700,720,680,660,780,740,4280,780,660,120,12168,43.42,53,1,375,7001,N/A,
1786727686.567,2026-08-14T19:14:46,931.438,12176,12168,12176,12168,12168,12176,680,700,660,640,760,720,4160,760,640,120,12168,36.49,53,0,337,7001,N/A,
1786727687.068,2026-08-14T19:14:47,931.938,12176,12168,12176,12168,12168,12176,660,680,640,620,740,680,4020,740,620,120,12168,35.50,53,2,300,810,N/A,
1786727687.567,2026-08-14T19:14:47,932.438,12176,12168,12176,12168,12168,12176,620,620,600,560,700,640,3740,700,560,140,12168,31.29,53,6,397,810,N/A,
1786727688.072,2026-08-14T19:14:48,932.938,12176,12168,12176,12168,12168,12176,620,640,620,580,700,660,3820,700,580,120,12168,23.88,53,0,232,810,N/A,
1786727688.566,2026-08-14T19:14:48,933.438,12176,12168,12176,12168,12168,12168,720,740,720,680,800,760,4420,800,680,120,12168,35.63,54,40,675,810,N/A,
1786727689.066,2026-08-14T19:14:49,933.938,12176,12168,12176,12168,12168,12168,720,740,720,680,820,760,4440,820,680,140,12168,55.94,54,0,2122,13801,N/A,
1786727689.566,2026-08-14T19:14:49,934.438,12176,12168,12176,12168,12168,12168,700,720,700,660,800,740,4320,800,660,140,12168,57.21,53,0,1665,7001,N/A,
1786727690.068,2026-08-14T19:14:50,934.938,12176,12168,12176,12168,12168,12168,700,720,700,660,800,740,4320,800,660,140,12168,46.20,53,0,1320,7001,N/A,
1786727690.568,2026-08-14T19:14:50,935.438,12176,12168,12176,12168,12168,12168,680,680,660,640,760,720,4140,760,640,120,12168,39.99,53,2,1035,810,N/A,
1786727691.067,2026-08-14T19:14:51,935.938,12176,12168,12176,12168,12168,12176,660,660,640,600,720,680,3960,720,600,120,12168,31.88,53,0,900,810,N/A,
1786727691.570,2026-08-14T19:14:51,936.438,12176,12168,12176,12168,12168,12176,600,620,580,560,680,640,3680,680,560,120,12168,23.49,53,0,645,810,N/A,
1786727692.068,2026-08-14T19:14:52,936.938,12176,12168,12176,12168,12168,12168,700,720,700,680,780,740,4320,780,680,100,12168,34.69,55,35,1027,810,N/A,
1786727692.568,2026-08-14T19:14:52,937.439,12176,12168,12176,12168,12168,12176,620,660,620,600,700,660,3860,700,600,100,12168,43.17,53,0,1642,810,N/A,
1786727693.071,2026-08-14T19:14:53,937.939,12176,12168,12176,12168,12168,12176,580,600,560,540,660,620,3560,660,540,120,12168,25.52,53,0,937,405,N/A,
1786727693.570,2026-08-14T19:14:53,938.439,12176,12168,12176,12176,12168,12176,540,560,520,500,600,580,3300,600,500,100,12168,15.11,53,4,697,405,N/A,
1786727694.069,2026-08-14T19:14:54,938.939,12184,12168,12184,12176,12176,12176,520,540,500,480,580,560,3180,580,480,100,12168,14.29,53,0,540,405,N/A,
1786727694.569,2026-08-14T19:14:54,939.439,12184,12176,12184,12176,12176,12176,500,520,480,460,560,520,3040,560,460,100,12176,16.53,53,0,562,405,N/A,
1786727695.067,2026-08-14T19:14:55,939.939,12184,12176,12184,12176,12176,12176,500,520,480,460,560,520,3040,560,460,100,12176,17.02,53,0,375,405,N/A,
1786727695.566,2026-08-14T19:14:55,940.439,12176,12168,12176,12168,12168,12168,700,720,700,660,780,740,4300,780,660,120,12168,43.71,56,23,1095,13801,N/A,
1786727696.067,2026-08-14T19:14:56,940.939,12168,12160,12168,12160,12160,12160,860,880,860,820,960,900,5280,960,820,140,12160,82.41,55,0,2932,13801,N/A,
1786727696.567,2026-08-14T19:14:56,941.439,12168,12160,12168,12160,12160,12160,960,1000,980,940,1080,1020,5980,1080,940,140,12160,97.69,55,0,2932,13801,N/A,
1786727697.067,2026-08-14T19:14:57,941.939,12160,12152,12160,12160,12152,12160,1020,1060,1060,1000,1160,1080,6380,1160,1000,160,12152,94.65,55,0,2932,13801,N/A,
1786727697.567,2026-08-14T19:14:57,942.439,12168,12160,12168,12160,12160,12160,940,960,940,900,1040,980,5760,1040,900,140,12160,79.73,54,0,2197,7001,N/A,
1786727698.067,2026-08-14T19:14:58,942.939,12168,12160,12168,12160,12160,12168,860,880,860,820,960,900,5280,960,820,140,12160,50.27,53,0,690,7001,N/A,
1786727698.567,2026-08-14T19:14:58,943.439,12168,12160,12168,12160,12160,12168,820,840,820,800,920,860,5060,920,800,120,12160,37.09,53,0,502,7001,N/A,
1786727699.067,2026-08-14T19:14:59,943.939,12168,12160,12168,12160,12160,12168,800,820,800,760,900,840,4920,900,760,140,12160,41.43,54,8,495,7001,N/A,
1786727699.568,2026-08-14T19:14:59,944.439,12168,12160,12168,12160,12160,12168,800,820,800,760,900,840,4920,900,760,140,12160,46.33,53,0,817,7001,N/A,
1786727700.068,2026-08-14T19:15:00,944.940,12176,12168,12176,12168,12168,12168,760,760,760,720,840,800,4640,840,720,120,12168,41.12,53,1,337,7001,N/A,
1786727700.568,2026-08-14T19:15:00,945.440,12176,12168,12176,12168,12168,12168,720,740,700,680,800,760,4400,800,680,120,12168,34.77,53,0,315,7001,N/A,
1786727701.068,2026-08-14T19:15:01,945.940,12176,12168,12176,12168,12168,12168,680,700,680,640,760,720,4180,760,640,120,12168,33.71,53,0,225,7001,N/A,
1786727701.569,2026-08-14T19:15:01,946.440,12176,12168,12176,12168,12168,12168,660,680,640,620,740,700,4040,740,620,120,12168,33.97,53,0,300,7001,N/A,
1786727702.068,2026-08-14T19:15:02,946.940,12176,12168,12176,12168,12168,12168,640,660,620,600,720,660,3900,720,600,120,12168,32.35,53,0,247,810,N/A,
1786727702.569,2026-08-14T19:15:02,947.440,12176,12168,12176,12168,12168,12168,700,740,700,680,800,740,4360,800,680,120,12168,39.43,54,9,600,7001,N/A,
1786727703.071,2026-08-14T19:15:03,947.940,12176,12168,12176,12168,12168,12168,660,700,660,620,760,700,4100,760,620,140,12168,48.26,53,2,1627,810,N/A,
1786727703.569,2026-08-14T19:15:03,948.440,12176,12168,12176,12168,12168,12176,640,660,620,600,720,660,3900,720,600,120,12168,38.09,53,0,1110,810,N/A,
1786727704.071,2026-08-14T19:15:04,948.940,12176,12168,12176,12168,12168,12176,600,620,600,560,680,640,3700,680,560,120,12168,24.31,53,0,885,810,N/A,
1786727704.571,2026-08-14T19:15:04,949.440,12176,12168,12176,12168,12168,12176,600,620,600,560,680,640,3700,680,560,120,12168,24.77,53,0,735,405,N/A,
1786727705.072,2026-08-14T19:15:05,949.940,12176,12168,12176,12168,12168,12176,580,580,560,540,640,600,3500,640,540,100,12168,22.07,53,0,720,405,N/A,
1786727705.591,2026-08-14T19:15:05,950.440,12176,12168,12184,12176,12168,12176,540,560,520,500,600,560,3280,600,500,100,12168,18.17,53,0,397,405,N/A,
1786727706.068,2026-08-14T19:15:06,950.940,12176,12160,12168,12168,12160,12168,780,780,760,740,860,800,4720,860,740,120,12160,42.06,56,86,727,405,N/A,
1786727706.568,2026-08-14T19:15:06,951.440,12168,12160,12168,12160,12160,12160,900,920,920,880,1000,940,5560,1000,880,120,12160,88.20,55,0,2880,13801,N/A,
1786727707.068,2026-08-14T19:15:07,951.940,12168,12152,12168,12160,12160,12160,1000,1020,1020,980,1120,1060,6200,1120,980,140,12152,102.31,55,0,2932,13801,N/A,
1786727707.568,2026-08-14T19:15:07,952.441,12160,12152,12160,12152,12152,12160,1060,1080,1080,1040,1200,1120,6580,1200,1040,160,12152,95.24,55,0,2932,13801,N/A,
1786727708.069,2026-08-14T19:15:08,952.941,12168,12160,12168,12160,12160,12160,960,980,980,940,1080,1000,5940,1080,940,140,12160,84.22,54,0,2932,7001,N/A,
1786727708.569,2026-08-14T19:15:08,953.441,12168,12160,12168,12160,12160,12168,880,900,880,840,980,920,5400,980,840,140,12160,59.38,53,0,742,7001,N/A,
1786727709.069,2026-08-14T19:15:09,953.941,12168,12160,12168,12160,12160,12168,860,880,860,820,960,900,5280,960,820,140,12160,37.33,53,1,555,7001,N/A,
1786727709.569,2026-08-14T19:15:09,954.441,12168,12160,12168,12160,12160,12168,860,880,860,820,960,900,5280,960,820,140,12160,43.88,54,9,712,7001,N/A,
1786727710.069,2026-08-14T19:15:10,954.941,12168,12160,12168,12160,12160,12168,800,840,820,780,920,860,5020,920,780,140,12160,47.81,53,0,712,7001,N/A,
1786727710.569,2026-08-14T19:15:10,955.441,12176,12168,12176,12168,12168,12168,760,780,760,720,860,800,4680,860,720,140,12168,41.49,53,0,375,7001,N/A,
1786727711.071,2026-08-14T19:15:11,955.941,12176,12168,12176,12168,12168,12168,720,740,700,680,800,760,4400,800,680,120,12168,33.90,53,0,307,7001,N/A,
1786727711.571,2026-08-14T19:15:11,956.441,12176,12168,12176,12168,12168,12168,680,700,660,640,760,720,4160,760,640,120,12168,32.87,53,0,225,810,N/A,
1786727712.071,2026-08-14T19:15:12,956.941,12176,12168,12176,12168,12168,12176,640,660,620,600,720,660,3900,720,600,120,12168,29.15,53,2,322,810,N/A,
1786727712.569,2026-08-14T19:15:12,957.441,12176,12168,12176,12168,12168,12168,660,700,660,620,760,700,4100,760,620,140,12168,23.17,53,0,247,810,N/A,
1786727713.069,2026-08-14T19:15:13,957.941,12176,12168,12176,12168,12168,12168,740,760,740,720,840,780,4580,840,720,120,12168,40.78,55,38,915,13801,N/A,
1786727713.569,2026-08-14T19:15:13,958.441,12176,12168,12176,12168,12168,12168,740,740,740,700,820,760,4500,820,700,120,12168,58.46,54,0,2025,13801,N/A,
1786727714.070,2026-08-14T19:15:14,958.941,12176,12168,12176,12168,12168,12168,700,720,700,680,800,740,4340,800,680,120,12168,56.96,53,0,1537,7001,N/A,
1786727714.570,2026-08-14T19:15:14,959.442,12176,12168,12176,12168,12168,12168,700,720,700,680,800,740,4340,800,680,120,12168,43.62,53,0,1192,7001,N/A,
1786727715.070,2026-08-14T19:15:15,959.942,12176,12168,12176,12168,12168,12176,680,700,680,660,760,720,4200,760,660,100,12168,40.47,53,1,960,7001,N/A,
1786727715.570,2026-08-14T19:15:15,960.442,12176,12168,12176,12168,12168,12176,660,680,660,640,760,700,4100,760,640,120,12168,38.32,53,0,750,7001,N/A,
1786727716.070,2026-08-14T19:15:16,960.942,12176,12168,12176,12168,12168,12176,660,660,640,620,740,680,4000,740,620,120,12168,36.68,53,0,607,7001,N/A,
1786727716.569,2026-08-14T19:15:16,961.442,12176,12168,12176,12168,12168,12168,700,720,700,660,780,740,4300,780,660,120,12168,39.50,54,9,502,7001,N/A,
1786727717.069,2026-08-14T19:15:17,961.942,12176,12168,12176,12168,12168,12168,760,780,760,720,840,780,4640,840,720,120,12168,47.98,53,1,1095,13801,N/A,
1786727717.570,2026-08-14T19:15:17,962.442,12176,12160,12176,12168,12168,12168,820,840,820,780,920,840,5020,920,780,140,12160,63.88,54,0,2572,13801,N/A,
1786727718.071,2026-08-14T19:15:18,962.942,12176,12168,12176,12168,12168,12168,800,800,800,760,880,820,4860,880,760,120,12168,71.85,54,0,2572,13801,N/A,
1786727718.572,2026-08-14T19:15:18,963.442,12176,12168,12176,12168,12168,12176,720,740,740,700,820,760,4480,820,700,120,12168,53.73,53,0,990,810,N/A,
1786727719.072,2026-08-14T19:15:19,963.942,12184,12168,12184,12176,12168,12176,660,680,680,640,740,700,4100,740,640,100,12168,30.94,53,0,465,810,N/A,
1786727719.572,2026-08-14T19:15:19,964.442,12184,12168,12184,12176,12168,12176,660,680,680,640,740,700,4100,740,640,100,12168,24.29,53,0,382,810,N/A,
1786727720.073,2026-08-14T19:15:20,964.942,12184,12176,12184,12176,12176,12176,620,620,620,600,680,640,3780,680,600,80,12176,20.70,53,0,300,810,N/A,
1786727720.573,2026-08-14T19:15:20,965.442,12184,12176,12184,12176,12176,12176,580,580,580,560,640,600,3540,640,560,80,12176,17.53,53,0,225,405,N/A,
1786727721.075,2026-08-14T19:15:21,965.942,12184,12176,12184,12176,12176,12184,540,540,540,520,600,560,3300,600,520,80,12176,16.58,53,4,225,405,N/A,
1786727721.574,2026-08-14T19:15:21,966.443,12184,12176,12184,12176,12176,12184,500,520,500,480,560,520,3080,560,480,80,12176,15.44,53,0,225,405,N/A,
1786727722.075,2026-08-14T19:15:22,966.943,12184,12176,12192,12184,12176,12184,480,500,480,460,540,500,2960,540,460,80,12176,15.23,53,0,225,405,N/A,
1786727722.573,2026-08-14T19:15:22,967.443,12184,12176,12184,12176,12176,12184,540,540,540,520,580,560,3280,580,520,60,12176,17.51,53,10,285,405,N/A,
1786727723.076,2026-08-14T19:15:23,967.943,12184,12176,12184,12176,12176,12184,560,560,560,540,600,580,3400,600,540,60,12176,28.73,53,6,1320,405,N/A,
1786727723.573,2026-08-14T19:15:23,968.443,12184,12176,12184,12176,12176,12184,520,540,520,500,580,540,3200,580,500,80,12176,35.24,53,2,1125,405,N/A,
1786727724.076,2026-08-14T19:15:24,968.943,12184,12176,12184,12184,12176,12184,520,500,500,480,560,520,3080,560,480,80,12176,23.66,53,4,292,405,N/A,
1786727724.573,2026-08-14T19:15:24,969.443,12184,12176,12184,12184,12176,12184,500,500,500,480,560,520,3060,560,480,80,12176,16.33,53,0,285,405,N/A,
1786727725.076,2026-08-14T19:15:25,969.943,12184,12176,12184,12176,12176,12184,520,540,520,520,580,540,3220,580,520,60,12176,21.22,53,5,315,405,N/A,
1786727725.574,2026-08-14T19:15:25,970.443,12184,12176,12184,12176,12176,12184,520,520,520,520,560,540,3180,560,520,40,12176,27.67,53,7,585,405,N/A,
1786727726.076,2026-08-14T19:15:26,970.943,12192,12176,12192,12184,12176,12184,500,500,500,480,540,520,3040,540,480,60,12176,23.59,53,0,352,405,N/A,
1786727726.575,2026-08-14T19:15:26,971.443,12192,12176,12192,12184,12184,12184,480,480,480,460,520,500,2920,520,460,60,12176,17.79,53,0,262,405,N/A,
1786727727.072,2026-08-14T19:15:27,971.943,12184,12176,12184,12176,12176,12184,520,520,500,500,560,520,3120,560,500,60,12176,16.67,53,9,225,405,N/A,
1786727727.572,2026-08-14T19:15:27,972.443,12184,12176,12192,12184,12176,12184,520,520,520,500,580,540,3180,580,500,80,12176,28.63,54,3,457,810,N/A,
1786727728.076,2026-08-14T19:15:28,972.943,12192,12176,12192,12184,12176,12184,500,500,500,480,540,520,3040,540,480,60,12176,28.45,53,0,1177,810,N/A,
1786727728.576,2026-08-14T19:15:28,973.444,12184,12176,12192,12176,12176,12184,500,520,520,500,560,520,3120,560,500,60,12176,17.74,53,4,877,405,N/A,
1786727729.076,2026-08-14T19:15:29,973.944,12184,12176,12192,12176,12176,12184,500,520,520,500,560,520,3120,560,500,60,12176,21.26,53,11,952,405,N/A,
1786727729.575,2026-08-14T19:15:29,974.444,12184,12176,12184,12176,12176,12184,540,540,540,520,600,560,3300,600,520,80,12176,31.61,53,11,1147,405,N/A,
1786727730.076,2026-08-14T19:15:30,974.944,12184,12176,12184,12176,12176,12184,520,540,540,520,580,540,3240,580,520,60,12176,28.07,53,2,652,405,N/A,
1786727730.577,2026-08-14T19:15:30,975.444,12184,12176,12192,12176,12176,12184,500,520,520,500,560,540,3140,560,500,60,12176,21.78,53,0,780,405,N/A,
1786727731.076,2026-08-14T19:15:31,975.944,12184,12176,12192,12176,12176,12184,500,500,500,480,560,520,3060,560,480,80,12176,20.38,53,3,442,405,N/A,
1786727731.577,2026-08-14T19:15:31,976.444,12192,12176,12192,12184,12184,12184,500,500,500,480,540,520,3040,540,480,60,12176,20.83,53,5,510,405,N/A,
1786727732.076,2026-08-14T19:15:32,976.944,12192,12176,12192,12184,12184,12184,480,480,480,460,540,500,2940,540,460,80,12176,19.15,53,0,225,405,N/A,
1786727732.576,2026-08-14T19:15:32,977.444,12192,12184,12192,12184,12184,12184,460,480,460,460,520,480,2860,520,460,60,12184,15.57,53,0,472,405,N/A,
1786727733.074,2026-08-14T19:15:33,977.944,12192,12184,12192,12184,12184,12184,460,460,460,440,500,480,2800,500,440,60,12184,16.69,53,1,315,405,N/A,
1786727733.575,2026-08-14T19:15:33,978.444,12192,12184,12192,12184,12184,12184,440,440,440,420,500,460,2700,500,420,80,12184,15.60,53,0,285,405,N/A,
1786727734.077,2026-08-14T19:15:34,978.944,12192,12184,12192,12184,12184,12184,440,440,440,420,500,460,2700,500,420,80,12184,14.90,53,0,225,405,N/A,
1786727734.576,2026-08-14T19:15:34,979.444,12192,12184,12192,12184,12184,12184,440,440,440,420,480,460,2680,480,420,60,12184,14.89,53,4,225,405,N/A,
1786727735.075,2026-08-14T19:15:35,979.944,12192,12184,12192,12184,12184,12184,420,440,440,420,480,440,2640,480,420,60,12184,14.27,53,0,225,405,N/A,
1786727735.576,2026-08-14T19:15:35,980.444,12192,12184,12192,12184,12184,12184,420,440,420,400,480,440,2600,480,400,80,12184,14.42,53,1,225,405,N/A,
1786727736.077,2026-08-14T19:15:36,980.945,12192,12184,12192,12184,12184,12184,420,420,420,400,460,440,2560,460,400,60,12184,15.47,53,0,285,405,N/A,
1786727736.577,2026-08-14T19:15:36,981.445,12192,12184,12192,12184,12184,12184,420,420,420,400,460,420,2540,460,400,60,12184,15.32,52,0,277,405,N/A,
1786727737.079,2026-08-14T19:15:37,981.945,12192,12184,12192,12184,12184,12184,400,420,420,400,460,420,2520,460,400,60,12184,15.16,53,2,225,405,N/A,
1786727737.577,2026-08-14T19:15:37,982.445,12192,12184,12192,12184,12184,12184,400,420,420,400,460,420,2520,460,400,60,12184,15.34,53,4,225,405,N/A,
1786727738.079,2026-08-14T19:15:38,982.945,12192,12184,12192,12184,12184,12184,400,420,420,400,460,420,2520,460,400,60,12184,14.38,52,0,225,405,N/A,
1786727738.574,2026-08-14T19:15:38,983.445,12184,12176,12192,12184,12184,12184,480,500,500,480,540,520,3020,540,480,60,12176,14.87,52,0,285,405,N/A,
1786727739.074,2026-08-14T19:15:39,983.945,12184,12176,12192,12184,12184,12184,480,500,500,480,540,520,3020,540,480,60,12176,28.89,54,29,645,810,N/A,
1786727739.578,2026-08-14T19:15:39,984.445,12192,12184,12192,12184,12184,12184,460,500,500,460,520,500,2940,520,460,60,12184,31.97,53,0,1185,810,N/A,
1786727740.077,2026-08-14T19:15:40,984.945,12192,12184,12192,12184,12184,12184,460,480,480,460,520,500,2900,520,460,60,12184,22.92,53,3,855,405,N/A,
1786727740.578,2026-08-14T19:15:40,985.445,12184,12176,12184,12176,12176,12184,520,540,560,520,580,560,3280,580,520,60,12176,24.23,53,15,952,405,N/A,
1786727741.077,2026-08-14T19:15:41,985.945,12184,12176,12184,12176,12176,12184,500,520,540,500,560,540,3160,560,500,60,12176,29.94,53,0,915,405,N/A,
1786727741.579,2026-08-14T19:15:41,986.445,12184,12176,12184,12176,12176,12184,520,540,540,520,580,560,3260,580,520,60,12176,23.63,53,0,562,405,N/A,
1786727742.077,2026-08-14T19:15:42,986.945,12184,12184,12184,12184,12176,12184,500,520,540,500,560,540,3160,560,500,60,12176,26.08,53,4,1027,405,N/A,
1786727742.577,2026-08-14T19:15:42,987.445,12184,12176,12184,12176,12176,12184,520,540,540,520,560,540,3220,560,520,40,12176,24.13,53,2,427,405,N/A,
1786727743.077,2026-08-14T19:15:43,987.946,12184,12176,12184,12176,12176,12184,560,580,580,560,620,580,3480,620,560,60,12176,24.64,54,31,1470,405,N/A,
1786727743.576,2026-08-14T19:15:43,988.446,12184,12176,12184,12176,12176,12184,540,560,580,540,620,560,3400,620,540,80,12176,35.06,53,4,975,810,N/A,
1786727744.077,2026-08-14T19:15:44,988.946,12184,12176,12184,12176,12176,12184,540,560,580,540,620,560,3400,620,540,80,12176,34.28,53,7,817,405,N/A,
1786727744.577,2026-08-14T19:15:44,989.446,12184,12176,12184,12176,12176,12184,560,580,580,560,640,580,3500,640,560,80,12176,27.57,53,19,1560,405,N/A,
1786727745.077,2026-08-14T19:15:45,989.946,12184,12176,12184,12176,12176,12184,540,560,560,540,600,560,3360,600,540,60,12176,25.43,53,0,517,405,N/A,
1786727745.577,2026-08-14T19:15:45,990.446,12184,12176,12184,12184,12176,12184,500,520,520,500,580,540,3160,580,500,80,12176,18.91,53,0,427,405,N/A,
1786727746.080,2026-08-14T19:15:46,990.946,12184,12176,12184,12184,12176,12184,500,520,520,500,560,520,3120,560,500,60,12176,17.62,53,9,525,405,N/A,
1786727746.576,2026-08-14T19:15:46,991.446,12184,12176,12192,12176,12176,12184,500,520,500,480,560,520,3080,560,480,80,12176,18.53,53,0,360,405,N/A,
1786727747.082,2026-08-14T19:15:47,991.946,12184,12176,12184,12176,12176,12184,520,520,500,500,560,540,3140,560,500,60,12176,24.63,53,7,1117,405,N/A,
1786727747.574,2026-08-14T19:15:47,992.446,12184,12176,12184,12176,12176,12176,620,620,620,600,680,640,3780,680,600,80,12176,24.88,54,6,667,405,N/A,
1786727748.074,2026-08-14T19:15:48,992.946,12184,12176,12184,12176,12176,12176,640,660,660,640,720,680,4000,720,640,80,12176,43.12,54,1,1672,7001,N/A,
1786727748.574,2026-08-14T19:15:48,993.446,12184,12176,12184,12176,12176,12176,640,680,680,660,740,700,4100,740,640,100,12176,56.55,53,0,1710,7001,N/A,
1786727749.074,2026-08-14T19:15:49,993.946,12184,12176,12184,12176,12176,12176,680,680,680,660,740,700,4140,740,660,80,12176,52.74,53,1,1672,7001,N/A,
1786727749.574,2026-08-14T19:15:49,994.446,12184,12176,12184,12176,12176,12176,700,700,720,680,780,720,4300,780,680,100,12176,53.58,54,3,1717,7001,N/A,
1786727750.075,2026-08-14T19:15:50,994.947,12184,12176,12184,12176,12176,12176,680,700,720,680,760,720,4260,760,680,80,12176,49.99,53,5,652,7001,N/A,
1786727750.582,2026-08-14T19:15:50,995.447,12184,12176,12184,12176,12176,12176,680,680,700,660,760,700,4180,760,660,100,12176,43.78,53,0,382,7001,N/A,
1786727751.076,2026-08-14T19:15:51,995.947,12184,12176,12184,12176,12176,12176,680,700,700,680,760,720,4240,760,680,80,12176,37.29,54,0,322,810,N/A,
1786727751.575,2026-08-14T19:15:51,996.447,12184,12176,12184,12176,12176,12176,700,720,720,700,780,720,4340,780,700,80,12176,39.96,53,6,877,810,N/A,
1786727752.075,2026-08-14T19:15:52,996.947,12184,12168,12184,12176,12176,12176,720,740,740,720,800,760,4480,800,720,80,12168,50.83,54,27,1687,7001,N/A,
1786727752.575,2026-08-14T19:15:52,997.447,12184,12176,12184,12176,12176,12176,700,720,720,680,780,720,4320,780,680,100,12176,49.32,53,0,1162,7001,N/A,
1786727753.077,2026-08-14T19:15:53,997.947,12184,12168,12184,12176,12176,12176,720,720,740,700,800,740,4420,800,700,100,12168,45.35,53,1,907,7001,N/A,
1786727753.576,2026-08-14T19:15:53,998.447,12184,12168,12184,12176,12176,12176,720,720,740,700,800,740,4420,800,700,100,12168,45.27,54,17,1297,810,N/A,
1786727754.077,2026-08-14T19:15:54,998.947,12184,12176,12184,12176,12176,12176,680,680,680,660,760,700,4160,760,660,100,12176,37.67,53,0,637,810,N/A,
1786727754.582,2026-08-14T19:15:54,999.447,12184,12176,12184,12176,12176,12176,620,620,620,600,700,640,3800,700,600,100,12176,23.00,53,1,487,810,N/A,
1786727755.076,2026-08-14T19:15:55,999.947,12184,12168,12184,12176,12176,12176,700,700,720,680,780,720,4300,780,680,100,12168,29.95,54,21,1605,810,N/A,
1786727755.576,2026-08-14T19:15:55,1000.447,12176,12168,12176,12168,12168,12176,760,760,780,740,840,780,4660,840,740,100,12168,50.10,54,3,1695,7001,N/A,
1786727756.075,2026-08-14T19:15:56,1000.947,12176,12168,12176,12168,12168,12176,820,820,840,800,900,840,5020,900,800,100,12168,69.54,54,7,2032,7001,N/A,
1786727756.575,2026-08-14T19:15:56,1001.448,12176,12168,12176,12168,12168,12176,780,780,780,760,860,800,4760,860,760,100,12168,63.74,53,0,1230,7001,N/A,
1786727757.076,2026-08-14T19:15:57,1001.948,12184,12168,12176,12176,12168,12176,760,780,780,740,860,800,4720,860,740,120,12168,50.46,53,0,997,7001,N/A,
1786727757.576,2026-08-14T19:15:57,1002.448,12184,12168,12184,12176,12176,12176,720,740,740,700,800,760,4460,800,700,100,12168,44.71,53,0,892,7001,N/A,
1786727758.077,2026-08-14T19:15:58,1002.948,12184,12168,12184,12176,12168,12176,680,700,680,660,760,720,4200,760,660,100,12168,43.00,53,0,637,7001,N/A,
1786727758.576,2026-08-14T19:15:58,1003.448,12184,12168,12184,12176,12168,12176,680,700,680,660,760,720,4200,760,660,100,12168,34.41,53,0,555,810,N/A,
1786727759.075,2026-08-14T19:15:59,1003.948,12184,12176,12184,12176,12176,12176,640,640,640,600,720,660,3900,720,600,120,12176,25.60,53,0,390,810,N/A,
1786727759.575,2026-08-14T19:15:59,1004.448,12176,12168,12176,12168,12168,12176,720,740,720,700,820,760,4460,820,700,120,12168,39.87,54,0,2572,13801,N/A,
1786727760.077,2026-08-14T19:16:00,1004.948,12176,12168,12176,12168,12168,12168,780,800,780,740,860,820,4780,860,740,120,12168,62.62,54,0,2580,13801,N/A,
1786727760.579,2026-08-14T19:16:00,1005.448,12176,12168,12176,12168,12168,12176,720,740,720,700,800,760,4440,800,700,100,12168,56.54,53,0,495,810,N/A,
1786727761.077,2026-08-14T19:16:01,1005.948,12176,12168,12176,12168,12168,12176,660,680,660,620,740,680,4040,740,620,120,12168,31.83,53,0,382,810,N/A,
1786727761.578,2026-08-14T19:16:01,1006.448,12184,12168,12184,12176,12176,12176,600,620,600,580,680,640,3720,680,580,100,12168,20.83,53,0,307,810,N/A,
1786727762.076,2026-08-14T19:16:02,1006.948,12176,12168,12176,12168,12168,12176,640,660,640,600,720,680,3940,720,600,120,12168,16.03,53,0,225,405,N/A,
1786727762.576,2026-08-14T19:16:02,1007.448,12176,12168,12176,12168,12168,12168,740,760,720,700,820,760,4500,820,700,120,12168,34.85,54,0,2580,13801,N/A,
1786727763.076,2026-08-14T19:16:03,1007.948,12168,12160,12168,12168,12160,12168,800,820,800,760,900,840,4920,900,760,140,12160,59.83,54,0,2580,13801,N/A,
1786727763.576,2026-08-14T19:16:03,1008.449,12168,12160,12168,12168,12160,12168,800,820,800,760,900,840,4920,900,760,140,12160,72.79,54,1,2580,13801,N/A,
1786727764.076,2026-08-14T19:16:04,1008.949,12168,12160,12168,12160,12160,12168,860,880,860,820,960,900,5280,960,820,140,12160,74.14,54,0,2572,13801,N/A,
1786727764.576,2026-08-14T19:16:04,1009.449,12168,12160,12168,12160,12160,12160,900,920,900,860,1020,940,5540,1020,860,160,12160,73.12,54,0,2587,13801,N/A,
1786727765.076,2026-08-14T19:16:05,1009.949,12168,12160,12168,12160,12160,12160,940,960,940,900,1040,980,5760,1040,900,140,12160,72.37,54,0,2572,13801,N/A,
1786727765.576,2026-08-14T19:16:05,1010.449,12168,12152,12168,12160,12160,12160,1000,1020,980,940,1100,1040,6080,1100,940,160,12152,73.06,54,4,2625,13801,N/A,
1786727766.076,2026-08-14T19:16:06,1010.949,12160,12152,12160,12152,12152,12160,1040,1060,1040,1000,1160,1080,6380,1160,1000,160,12152,79.86,55,4,2670,13801,N/A,
1786727766.576,2026-08-14T19:16:06,1011.449,12160,12152,12160,12152,12152,12160,1080,1100,1080,1040,1220,1140,6660,1220,1040,180,12152,85.10,55,4,2692,13801,N/A,
1786727767.077,2026-08-14T19:16:07,1011.949,12160,12152,12160,12152,12152,12152,1120,1140,1120,1060,1240,1160,6840,1240,1060,180,12152,86.00,55,5,2715,13801,N/A,
1786727767.577,2026-08-14T19:16:07,1012.449,12160,12152,12160,12152,12152,12152,1120,1160,1140,1080,1260,1180,6940,1260,1080,180,12152,85.86,55,5,2685,13801,N/A,
1786727768.077,2026-08-14T19:16:08,1012.949,12160,12144,12160,12152,12152,12152,1180,1220,1200,1140,1320,1240,7300,1320,1140,180,12144,83.18,55,5,2655,13801,N/A,
1786727768.577,2026-08-14T19:16:08,1013.449,12160,12144,12160,12152,12152,12152,1180,1220,1200,1140,1320,1240,7300,1320,1140,180,12144,89.92,56,12,2782,13801,N/A,
1786727769.077,2026-08-14T19:16:09,1013.949,12152,12144,12152,12144,12144,12152,1280,1300,1280,1240,1420,1340,7860,1420,1240,180,12144,102.65,56,4,2932,13801,N/A,
1786727769.577,2026-08-14T19:16:09,1014.449,12152,12144,12152,12144,12144,12152,1320,1340,1320,1260,1460,1380,8080,1460,1260,200,12144,110.94,56,4,2790,13801,N/A,
1786727770.077,2026-08-14T19:16:10,1014.949,12152,12144,12152,12144,12144,12152,1260,1300,1280,1220,1420,1320,7800,1420,1220,200,12144,98.43,55,3,2632,13801,N/A,
1786727770.577,2026-08-14T19:16:10,1015.449,12152,12144,12152,12144,12144,12152,1240,1260,1260,1200,1380,1300,7640,1380,1200,180,12144,81.10,55,3,2632,13801,N/A,
1786727771.077,2026-08-14T19:16:11,1015.949,12160,12144,12160,12152,12152,12152,1220,1240,1220,1180,1360,1260,7480,1360,1180,180,12144,79.57,55,3,2632,13801,N/A,
1786727771.577,2026-08-14T19:16:11,1016.450,12160,12152,12160,12152,12152,12152,1200,1220,1200,1160,1340,1240,7360,1340,1160,180,12152,79.53,55,3,2632,13801,N/A,
1786727772.077,2026-08-14T19:16:12,1016.950,12152,12144,12152,12144,12144,12152,1260,1300,1280,1220,1420,1320,7800,1420,1220,200,12144,79.87,55,4,2662,13801,N/A,
1786727772.577,2026-08-14T19:16:12,1017.450,12152,12144,12152,12144,12144,12144,1340,1360,1360,1300,1500,1400,8260,1500,1300,200,12144,96.56,56,5,2835,13801,N/A,
1786727773.077,2026-08-14T19:16:13,1017.950,12152,12144,12152,12144,12144,12144,1400,1420,1420,1360,1560,1460,8620,1560,1360,200,12144,112.50,56,8,2925,13801,N/A,
1786727773.577,2026-08-14T19:16:13,1018.450,12152,12144,12152,12144,12144,12144,1400,1420,1420,1360,1560,1460,8620,1560,1360,200,12144,111.92,57,10,2932,13801,N/A,
1786727774.078,2026-08-14T19:16:14,1018.950,12152,12136,12152,12144,12144,12144,1440,1460,1440,1380,1600,1500,8820,1600,1380,220,12136,110.82,56,9,2932,13801,N/A,
1786727774.578,2026-08-14T19:16:14,1019.450,12152,12136,12152,12144,12144,12144,1440,1480,1460,1400,1620,1500,8900,1620,1400,220,12136,109.00,56,9,2932,13801,N/A,
1786727775.078,2026-08-14T19:16:15,1019.950,12152,12144,12152,12144,12144,12144,1380,1420,1400,1340,1560,1460,8560,1560,1340,220,12144,100.67,56,6,2677,13801,N/A,
1786727775.578,2026-08-14T19:16:15,1020.450,12152,12144,12152,12144,12144,12144,1340,1380,1360,1300,1520,1420,8320,1520,1300,220,12144,90.20,55,6,2655,13801,N/A,
1786727776.078,2026-08-14T19:16:16,1020.950,12152,12144,12152,12144,12144,12152,1320,1360,1340,1280,1480,1380,8160,1480,1280,200,12144,85.58,55,4,2692,13801,N/A,
1786727776.578,2026-08-14T19:16:16,1021.450,12152,12144,12152,12144,12144,12152,1300,1340,1320,1260,1460,1360,8040,1460,1260,200,12144,85.49,55,4,2700,13801,N/A,
1786727777.078,2026-08-14T19:16:17,1021.950,12152,12144,12152,12144,12144,12152,1260,1280,1260,1200,1400,1320,7720,1400,1200,200,12144,85.52,55,4,2692,13801,N/A,
1786727777.578,2026-08-14T19:16:17,1022.450,12160,12144,12160,12152,12152,12152,1200,1220,1200,1140,1340,1260,7360,1340,1140,200,12144,78.64,55,0,2572,13801,N/A,
1786727778.078,2026-08-14T19:16:18,1022.950,12160,12144,12160,12152,12152,12152,1200,1220,1200,1140,1340,1260,7360,1340,1140,200,12144,72.01,55,0,2587,13801,N/A,
1786727778.578,2026-08-14T19:16:18,1023.450,12160,12152,12160,12152,12152,12152,1120,1140,1120,1060,1240,1180,6860,1240,1060,180,12152,64.00,54,5,1072,7001,N/A,
1786727779.078,2026-08-14T19:16:19,1023.951,12160,12152,12160,12152,12152,12160,1060,1080,1040,1000,1180,1100,6460,1180,1000,180,12152,56.31,54,4,1027,7001,N/A,
1786727779.578,2026-08-14T19:16:19,1024.451,12160,12152,12160,12152,12152,12160,1000,1020,980,940,1120,1040,6100,1120,940,180,12152,55.47,54,5,997,7001,N/A,
1786727780.082,2026-08-14T19:16:20,1024.951,12168,12152,12168,12160,12152,12160,960,980,940,900,1080,1000,5860,1080,900,180,12152,55.43,54,4,915,7001,N/A,
1786727780.582,2026-08-14T19:16:20,1025.451,12168,12152,12168,12160,12152,12160,940,960,920,880,1060,980,5740,1060,880,180,12152,55.29,54,13,1005,810,N/A,
1786727781.082,2026-08-14T19:16:21,1025.951,12168,12152,12168,12160,12152,12160,940,960,920,880,1040,980,5720,1040,880,160,12152,55.92,54,14,1275,810,N/A,
1786727781.581,2026-08-14T19:16:21,1026.451,12168,12160,12168,12160,12152,12160,940,960,920,880,1040,980,5720,1040,880,160,12152,57.51,54,14,1275,810,N/A,
1786727782.079,2026-08-14T19:16:22,1026.951,12168,12160,12168,12160,12160,12160,860,880,840,800,960,900,5240,960,800,160,12160,57.82,54,14,1237,810,N/A,
1786727782.583,2026-08-14T19:16:22,1027.451,12168,12160,12168,12160,12160,12160,820,840,800,760,920,860,5000,920,760,160,12160,42.69,53,0,532,810,N/A,
1786727783.083,2026-08-14T19:16:23,1027.951,12168,12160,12168,12160,12160,12160,820,840,800,760,920,860,5000,920,760,160,12160,35.39,54,10,855,810,N/A,
1786727783.584,2026-08-14T19:16:23,1028.451,12168,12160,12168,12160,12160,12168,800,840,780,740,900,840,4900,900,740,160,12160,41.93,54,12,802,405,N/A,
1786727784.083,2026-08-14T19:16:24,1028.951,12168,12160,12168,12160,12160,12168,800,820,780,740,900,840,4880,900,740,160,12160,45.14,54,11,982,405,N/A,
1786727784.585,2026-08-14T19:16:24,1029.451,12168,12160,12168,12160,12160,12168,800,820,780,740,900,840,4880,900,740,160,12160,46.04,54,11,907,405,N/A,
1786727785.083,2026-08-14T19:16:25,1029.951,12168,12160,12168,12160,12160,12168,800,820,760,740,900,840,4860,900,740,160,12160,45.48,54,11,907,405,N/A,
1786727785.586,2026-08-14T19:16:25,1030.451,12168,12160,12168,12160,12160,12168,780,820,760,720,880,840,4800,880,720,160,12160,45.60,54,12,855,405,N/A,
1786727786.085,2026-08-14T19:16:26,1030.951,12168,12160,12168,12160,12160,12168,780,800,760,720,880,820,4760,880,720,160,12160,45.31,54,11,840,405,N/A,
1786727786.584,2026-08-14T19:16:26,1031.452,12168,12160,12168,12160,12160,12168,800,820,760,740,880,840,4840,880,740,140,12160,45.17,54,15,840,405,N/A,
1786727787.085,2026-08-14T19:16:27,1031.952,12168,12160,12168,12160,12160,12168,800,820,760,740,900,840,4860,900,740,160,12160,47.31,54,13,1072,405,N/A,
1786727787.585,2026-08-14T19:16:27,1032.452,12168,12160,12168,12160,12160,12168,800,820,760,740,880,840,4840,880,740,140,12160,49.10,54,13,1035,405,N/A,
1786727788.080,2026-08-14T19:16:28,1032.952,12168,12160,12168,12160,12160,12168,800,820,760,740,880,840,4840,880,740,140,12160,47.13,54,14,930,405,N/A,
1786727788.580,2026-08-14T19:16:28,1033.452,12168,12160,12168,12160,12160,12168,800,820,780,740,900,840,4880,900,740,160,12160,48.21,54,21,1417,7001,N/A,
1786727789.080,2026-08-14T19:16:29,1033.952,12168,12160,12168,12160,12160,12160,800,820,780,740,900,840,4880,900,740,160,12160,53.21,54,4,1702,7001,N/A,
1786727789.580,2026-08-14T19:16:29,1034.452,12168,12160,12168,12160,12160,12168,800,820,780,740,900,860,4900,900,740,160,12160,57.60,54,3,1695,7001,N/A,
1786727790.083,2026-08-14T19:16:30,1034.952,12168,12160,12168,12160,12160,12168,800,820,780,740,900,840,4880,900,740,160,12160,56.51,54,3,1672,7001,N/A,
1786727790.581,2026-08-14T19:16:30,1035.452,12168,12160,12168,12160,12160,12160,800,800,760,720,880,840,4800,880,720,160,12160,51.58,54,12,855,810,N/A,
1786727791.083,2026-08-14T19:16:31,1035.952,12168,12160,12168,12160,12160,12160,780,800,760,720,880,820,4760,880,720,160,12160,45.79,54,13,787,810,N/A,
1786727791.584,2026-08-14T19:16:31,1036.452,12168,12160,12168,12160,12160,12160,760,800,760,700,880,820,4720,880,700,180,12160,43.11,54,12,795,810,N/A,
1786727792.083,2026-08-14T19:16:32,1036.952,12168,12160,12168,12160,12160,12160,780,800,760,720,880,820,4760,880,720,160,12160,43.40,54,22,892,405,N/A,
1786727792.583,2026-08-14T19:16:32,1037.452,12168,12160,12168,12160,12160,12160,780,800,760,700,880,820,4740,880,700,180,12160,45.99,54,12,1102,810,N/A,
1786727793.080,2026-08-14T19:16:33,1037.952,12168,12160,12168,12160,12160,12160,780,800,760,700,880,820,4740,880,700,180,12160,46.19,54,11,1080,405,N/A,
1786727793.580,2026-08-14T19:16:33,1038.453,12168,12160,12168,12160,12160,12168,780,820,760,720,880,840,4800,880,720,160,12160,47.34,54,5,1560,7001,N/A,
1786727794.263,2026-08-14T19:16:34,1038.953,12168,12160,12168,12160,12160,12160,960,980,940,880,1060,1000,5820,1060,880,180,12160,52.21,54,2,1545,7001,N/A,
1786727794.580,2026-08-14T19:16:34,1039.453,12168,12160,12168,12160,12160,12160,960,980,940,880,1060,1000,5820,1060,880,180,12160,82.07,56,100,1837,7001,N/A,
1786727795.080,2026-08-14T19:16:35,1039.953,12160,12152,12160,12152,12152,12152,1120,1140,1120,1060,1240,1160,6840,1240,1060,180,12152,108.24,57,100,2932,13801,N/A,
1786727795.580,2026-08-14T19:16:35,1040.453,12160,12152,12160,12152,12152,12152,1240,1260,1280,1200,1380,1300,7660,1380,1200,180,12152,118.39,57,100,2932,13801,N/A,
1786727796.080,2026-08-14T19:16:36,1040.953,12160,12144,12152,12144,12144,12152,1340,1360,1380,1320,1500,1400,8300,1500,1320,180,12144,119.92,57,100,2932,13801,N/A,
1786727796.580,2026-08-14T19:16:36,1041.453,12152,12144,12152,12144,12144,12152,1400,1440,1480,1400,1580,1480,8780,1580,1400,180,12144,120.28,57,100,2932,13801,N/A,
1786727797.081,2026-08-14T19:16:37,1041.953,12152,12144,12152,12144,12144,12152,1460,1500,1540,1460,1640,1540,9140,1640,1460,180,12144,120.32,57,100,2932,13801,N/A,
1786727797.581,2026-08-14T19:16:37,1042.453,12152,12144,12152,12144,12144,12144,1500,1540,1580,1520,1680,1580,9400,1680,1500,180,12144,120.36,57,100,2932,13801,N/A,
1786727798.081,2026-08-14T19:16:38,1042.953,12152,12144,12152,12144,12144,12144,1500,1540,1580,1520,1680,1580,9400,1680,1500,180,12144,120.58,57,100,2932,13801,N/A,
1786727798.581,2026-08-14T19:16:38,1043.453,12152,12144,12152,12144,12144,12144,1540,1580,1620,1560,1720,1620,9640,1720,1540,180,12144,120.55,57,100,2932,13801,N/A,
1786727799.081,2026-08-14T19:16:39,1043.953,12152,12144,12152,12144,12144,12144,1560,1600,1660,1580,1760,1640,9800,1760,1560,200,12144,120.57,57,100,2932,13801,N/A,
1786727799.581,2026-08-14T19:16:39,1044.453,12152,12144,12152,12144,12144,12144,1580,1620,1680,1600,1780,1660,9920,1780,1580,200,12144,120.69,57,100,2932,13801,N/A,
1786727800.081,2026-08-14T19:16:40,1044.953,12152,12144,12152,12144,12144,12144,1600,1640,1700,1620,1800,1680,10040,1800,1600,200,12144,120.85,57,100,2932,13801,N/A,
1786727800.581,2026-08-14T19:16:40,1045.454,12152,12144,12152,12144,12144,12144,1620,1660,1720,1640,1800,1700,10140,1800,1620,180,12144,121.01,57,100,2932,13801,N/A,
1786727801.081,2026-08-14T19:16:41,1045.954,12152,12144,12152,12144,12144,12144,1620,1660,1720,1640,1820,1700,10160,1820,1620,200,12144,120.95,57,100,2932,13801,N/A,
1786727801.581,2026-08-14T19:16:41,1046.454,12152,12144,12152,12144,12144,12144,1620,1660,1720,1640,1800,1680,10120,1800,1620,180,12144,120.75,57,100,2932,13801,N/A,
1786727802.081,2026-08-14T19:16:42,1046.954,12152,12144,12152,12144,12144,12144,1560,1600,1660,1580,1740,1640,9780,1740,1560,180,12144,113.04,57,0,2932,13801,N/A,
1786727802.581,2026-08-14T19:16:42,1047.454,12152,12144,12152,12144,12144,12152,1560,1600,1660,1580,1740,1580,9720,1740,1560,180,12144,102.96,56,0,2932,13801,N/A,
1786727803.082,2026-08-14T19:16:43,1047.954,12152,12144,12152,12144,12144,12152,1520,1560,1600,1540,1700,1580,9500,1700,1520,180,12144,98.38,56,0,2932,13801,N/A,
1786727803.582,2026-08-14T19:16:43,1048.454,12152,12144,12152,12144,12144,12152,1480,1500,1560,1500,1660,1540,9240,1660,1480,180,12144,92.19,55,0,2932,7001,N/A,
1786727804.082,2026-08-14T19:16:44,1048.954,12160,12152,12160,12152,12152,12160,1260,1300,1340,1280,1420,1320,7920,1420,1260,160,12152,64.76,54,0,555,7001,N/A,
1786727804.585,2026-08-14T19:16:44,1049.454,12168,12160,12168,12160,12160,12160,1120,1140,1180,1120,1240,1160,6960,1240,1120,120,12160,36.46,54,3,450,810,N/A,
1786727805.086,2026-08-14T19:16:45,1049.954,12168,12160,12168,12160,12160,12168,1020,1040,1060,1020,1140,1060,6340,1140,1020,120,12160,39.15,55,0,1020,810,N/A,
1786727805.586,2026-08-14T19:16:45,1050.454,12168,12160,12168,12160,12160,12168,1000,1020,1040,1000,1120,1040,6220,1120,1000,120,12160,44.83,55,0,1185,810,N/A,
1786727806.083,2026-08-14T19:16:46,1050.954,12176,12168,12176,12168,12168,12168,960,980,1000,960,1060,1000,5960,1060,960,100,12168,52.39,55,29,1800,810,N/A,
1786727806.583,2026-08-14T19:16:46,1051.454,12176,12168,12176,12168,12168,12176,840,860,880,840,940,880,5240,940,840,100,12168,44.09,54,0,1080,810,N/A,
1786727807.086,2026-08-14T19:16:47,1051.955,12176,12168,12176,12168,12168,12176,740,760,780,740,820,780,4620,820,740,80,12168,20.75,54,1,847,405,N/A,
1786727807.582,2026-08-14T19:16:47,1052.455,12176,12168,12176,12168,12168,12176,740,760,780,740,820,780,4620,820,740,80,12168,18.92,54,12,705,405,N/A,
1786727808.082,2026-08-14T19:16:48,1052.955,12176,12168,12176,12168,12168,12168,860,900,900,860,980,920,5420,980,860,120,12168,59.25,56,18,2872,13801,N/A,
1786727808.582,2026-08-14T19:16:48,1053.455,12168,12160,12168,12160,12160,12160,1000,1040,1040,980,1120,1060,6240,1120,980,140,12160,98.72,57,7,2932,13801,N/A,
1786727809.083,2026-08-14T19:16:49,1053.955,12160,12152,12160,12152,12152,12160,1140,1160,1180,1120,1260,1180,7040,1260,1120,140,12152,107.56,57,8,2932,13801,N/A,
1786727809.583,2026-08-14T19:16:49,1054.455,12160,12152,12160,12152,12152,12152,1240,1260,1280,1240,1380,1280,7680,1380,1240,140,12152,111.38,57,7,2932,13801,N/A,
1786727810.083,2026-08-14T19:16:50,1054.955,12160,12152,12168,12160,12152,12160,1160,1180,1200,1140,1300,1200,7180,1300,1140,160,12152,93.41,55,0,1747,7001,N/A,
1786727810.616,2026-08-14T19:16:50,1055.455,12168,12160,12168,12160,12160,12160,1080,1100,1120,1060,1220,1120,6700,1220,1060,160,12160,59.42,55,8,855,7001,N/A,
1786727811.083,2026-08-14T19:16:51,1055.955,12168,12160,12168,12160,12160,12160,1040,1080,1080,1020,1180,1080,6480,1180,1020,160,12160,54.24,55,10,1020,7001,N/A,
1786727811.583,2026-08-14T19:16:51,1056.455,12160,12160,12160,12160,12152,12160,1060,1100,1100,1040,1180,1120,6600,1180,1040,140,12152,68.60,55,11,1575,7001,N/A,
1786727812.083,2026-08-14T19:16:52,1056.955,12168,12160,12168,12160,12160,12160,1020,1040,1040,1000,1140,1060,6300,1140,1000,140,12160,75.02,55,1,1762,7001,N/A,
1786727812.583,2026-08-14T19:16:52,1057.455,12168,12160,12168,12160,12160,12160,1020,1040,1040,1000,1140,1060,6300,1140,1000,140,12160,68.89,55,11,1267,7001,N/A,
1786727813.084,2026-08-14T19:16:53,1057.955,12168,12160,12168,12160,12160,12160,960,1000,1000,960,1080,1020,6020,1080,960,120,12160,54.01,54,0,667,7001,N/A,
1786727813.583,2026-08-14T19:16:53,1058.455,12168,12160,12168,12168,12160,12168,900,940,960,900,1020,960,5680,1020,900,120,12160,48.06,55,1,1005,7001,N/A,
1786727814.087,2026-08-14T19:16:54,1058.955,12176,12160,12176,12168,12168,12168,860,900,900,860,980,920,5420,980,860,120,12160,50.82,54,0,840,7001,N/A,
1786727814.584,2026-08-14T19:16:54,1059.456,12176,12168,12176,12168,12168,12168,800,840,820,780,900,860,5000,900,780,120,12168,42.22,54,0,397,810,N/A,
1786727815.090,2026-08-14T19:16:55,1059.956,12176,12168,12176,12168,12168,12168,740,780,760,720,840,780,4620,840,720,120,12168,27.05,54,0,307,810,N/A,
1786727815.583,2026-08-14T19:16:55,1060.456,12176,12168,12176,12168,12168,12168,820,840,820,780,920,860,5040,920,780,140,12168,42.42,55,0,2580,13801,N/A,
1786727816.085,2026-08-14T19:16:56,1060.956,12176,12168,12176,12168,12168,12168,800,820,820,780,900,840,4960,900,780,120,12168,62.38,55,0,2587,810,N/A,
1786727816.585,2026-08-14T19:16:56,1061.456,12176,12168,12176,12168,12168,12176,720,760,740,700,820,780,4520,820,700,120,12168,46.67,54,0,622,810,N/A,
1786727817.085,2026-08-14T19:16:57,1061.956,12176,12168,12176,12168,12168,12176,720,740,720,680,800,740,4400,800,680,120,12168,26.13,54,6,472,810,N/A,
1786727817.585,2026-08-14T19:16:57,1062.456,12176,12168,12176,12168,12168,12176,720,740,720,680,800,740,4400,800,680,120,12168,29.82,54,3,802,810,N/A,
1786727818.085,2026-08-14T19:16:58,1062.956,12176,12168,12176,12168,12168,12176,660,680,640,620,740,680,4020,740,620,120,12168,25.87,54,0,397,405,N/A,
1786727818.584,2026-08-14T19:16:58,1063.456,12184,12168,12184,12176,12168,12176,600,620,600,560,680,640,3700,680,560,120,12168,19.87,54,2,300,13801,N/A,
1786727819.084,2026-08-14T19:16:59,1063.956,12176,12168,12176,12168,12168,12168,700,740,700,660,800,740,4340,800,660,140,12168,45.37,55,0,2580,13801,N/A,
1786727819.584,2026-08-14T19:16:59,1064.456,12176,12160,12176,12168,12168,12168,800,820,780,740,900,820,4860,900,740,160,12160,71.11,55,0,2572,13801,N/A,
1786727820.084,2026-08-14T19:17:00,1064.956,12168,12160,12168,12160,12160,12168,860,880,860,820,960,900,5280,960,820,140,12160,74.12,55,0,2580,13801,N/A,
1786727820.584,2026-08-14T19:17:00,1065.456,12168,12160,12168,12160,12160,12160,900,940,920,860,1020,960,5600,1020,860,160,12160,77.17,56,3,2587,13801,N/A,
1786727821.084,2026-08-14T19:17:01,1065.957,12168,12160,12168,12160,12160,12160,940,980,940,900,1060,980,5800,1060,900,160,12160,76.23,55,0,2587,13801,N/A,
1786727821.584,2026-08-14T19:17:01,1066.457,12168,12160,12168,12160,12160,12160,960,1000,960,920,1080,1020,5940,1080,920,160,12160,72.87,55,0,2580,13801,N/A,
1786727822.084,2026-08-14T19:17:02,1066.957,12168,12160,12168,12160,12160,12160,1000,1020,1000,960,1120,1040,6140,1120,960,160,12160,73.28,55,0,2580,13801,N/A,
1786727822.584,2026-08-14T19:17:02,1067.457,12168,12160,12168,12160,12160,12160,1000,1020,1000,960,1120,1040,6140,1120,960,160,12160,78.10,56,5,2632,13801,N/A,
1786727823.085,2026-08-14T19:17:03,1067.957,12160,12152,12160,12152,12152,12160,1060,1080,1060,1020,1180,1100,6500,1180,1020,160,12152,84.04,56,3,2707,13801,N/A,
1786727823.584,2026-08-14T19:17:03,1068.457,12160,12152,12160,12152,12152,12160,1100,1120,1100,1060,1220,1140,6740,1220,1060,160,12152,86.34,56,5,2677,13801,N/A,
1786727824.085,2026-08-14T19:17:04,1068.957,12160,12152,12160,12152,12152,12152,1140,1160,1120,1080,1260,1180,6940,1260,1080,180,12152,86.28,56,5,2715,13801,N/A,
1786727824.585,2026-08-14T19:17:04,1069.457,12160,12152,12160,12152,12152,12152,1140,1180,1140,1100,1280,1200,7040,1280,1100,180,12152,85.68,56,5,2677,13801,N/A,
1786727825.085,2026-08-14T19:17:05,1069.957,12160,12152,12160,12152,12152,12152,1180,1200,1180,1120,1300,1220,7200,1300,1120,180,12152,84.14,56,4,2655,13801,N/A,
1786727825.585,2026-08-14T19:17:05,1070.457,12160,12152,12160,12152,12152,12152,1220,1260,1240,1180,1380,1280,7560,1380,1180,200,12152,92.90,57,7,2760,13801,N/A,
1786727826.085,2026-08-14T19:17:06,1070.957,12152,12144,12152,12144,12144,12152,1300,1340,1320,1260,1460,1360,8040,1460,1260,200,12144,104.67,57,13,2805,13801,N/A,
1786727826.585,2026-08-14T19:17:06,1071.457,12152,12144,12152,12144,12144,12152,1340,1360,1360,1300,1500,1400,8260,1500,1300,200,12144,105.44,57,3,2932,13801,N/A,
1786727827.085,2026-08-14T19:17:07,1071.957,12152,12144,12152,12144,12144,12144,1360,1380,1380,1320,1520,1420,8380,1520,1320,200,12144,102.98,57,3,2932,13801,N/A,
1786727827.585,2026-08-14T19:17:07,1072.457,12152,12144,12152,12144,12144,12144,1360,1380,1380,1320,1520,1420,8380,1520,1320,200,12144,100.32,57,3,2932,13801,N/A,
1786727828.085,2026-08-14T19:17:08,1072.957,12152,12144,12152,12144,12144,12152,1360,1380,1380,1320,1520,1420,8380,1520,1320,200,12144,96.50,56,3,2895,13801,N/A,
1786727828.585,2026-08-14T19:17:08,1073.458,12152,12144,12152,12144,12144,12152,1300,1340,1320,1260,1460,1360,8040,1460,1260,200,12144,87.87,56,3,2625,13801,N/A,
1786727829.085,2026-08-14T19:17:09,1073.958,12152,12144,12152,12144,12144,12152,1340,1360,1360,1280,1500,1400,8240,1500,1280,220,12144,90.26,57,12,2715,13801,N/A,
1786727829.585,2026-08-14T19:17:09,1074.458,12152,12144,12152,12144,12144,12144,1420,1440,1460,1380,1600,1500,8800,1600,1380,220,12144,112.32,58,13,2932,13801,N/A,
1786727830.085,2026-08-14T19:17:10,1074.958,12152,12144,12152,12144,12144,12144,1400,1440,1440,1340,1580,1480,8680,1580,1340,240,12144,111.90,57,4,2707,13801,N/A,
1786727830.585,2026-08-14T19:17:10,1075.458,12152,12144,12152,12144,12144,12144,1380,1420,1420,1340,1560,1460,8580,1560,1340,220,12144,97.73,57,9,2700,13801,N/A,
1786727831.086,2026-08-14T19:17:11,1075.958,12152,12144,12152,12144,12144,12144,1360,1400,1400,1320,1540,1440,8460,1540,1320,220,12144,94.85,57,9,2692,13801,N/A,
1786727831.586,2026-08-14T19:17:11,1076.458,12152,12144,12152,12144,12144,12144,1340,1380,1360,1280,1500,1400,8260,1500,1280,220,12144,92.27,56,6,2692,13801,N/A,
1786727832.086,2026-08-14T19:17:12,1076.958,12152,12144,12152,12144,12144,12144,1340,1380,1360,1280,1500,1400,8260,1500,1280,220,12144,89.13,56,3,2647,13801,N/A,
1786727832.586,2026-08-14T19:17:12,1077.458,12152,12144,12152,12144,12144,12144,1300,1340,1320,1240,1460,1360,8020,1460,1240,220,12144,85.08,56,3,2640,13801,N/A,
1786727833.086,2026-08-14T19:17:13,1077.958,12152,12144,12152,12144,12144,12152,1260,1280,1260,1200,1400,1320,7720,1400,1200,200,12144,79.22,56,0,2572,13801,N/A,
1786727833.586,2026-08-14T19:17:13,1078.458,12160,12152,12160,12152,12152,12152,1200,1240,1220,1160,1360,1260,7440,1360,1160,200,12152,73.43,56,0,2580,13801,N/A,
1786727834.086,2026-08-14T19:17:14,1078.958,12160,12152,12160,12152,12152,12152,1200,1240,1200,1160,1340,1260,7400,1340,1160,180,12152,78.60,56,3,2640,13801,N/A,
1786727834.586,2026-08-14T19:17:14,1079.458,12160,12152,12160,12152,12152,12152,1200,1240,1200,1160,1360,1260,7420,1360,1160,200,12152,85.23,56,4,2640,13801,N/A,
1786727835.086,2026-08-14T19:17:15,1079.958,12160,12152,12160,12152,12152,12152,1160,1200,1160,1100,1300,1220,7140,1300,1100,200,12152,83.42,56,4,2640,7001,N/A,
1786727835.586,2026-08-14T19:17:15,1080.458,12160,12152,12160,12152,12152,12152,1100,1120,1080,1040,1220,1140,6700,1220,1040,180,12152,69.68,55,4,1125,7001,N/A,
1786727836.088,2026-08-14T19:17:16,1080.959,12160,12152,12160,12152,12152,12160,1040,1060,1020,980,1160,1080,6340,1160,980,180,12152,57.96,55,4,1042,7001,N/A,
1786727836.587,2026-08-14T19:17:16,1081.459,12168,12152,12160,12160,12152,12160,980,1000,960,920,1100,1040,6000,1100,920,180,12152,56.90,55,4,945,7001,N/A,
1786727837.087,2026-08-14T19:17:17,1081.959,12168,12152,12160,12160,12152,12160,980,1000,960,920,1100,1040,6000,1100,920,180,12152,56.09,55,4,915,7001,N/A,
1786727837.590,2026-08-14T19:17:17,1082.459,12168,12160,12168,12160,12160,12160,940,980,920,880,1060,1000,5780,1060,880,180,12160,55.83,55,4,885,7001,N/A,
1786727838.090,2026-08-14T19:17:18,1082.959,12168,12160,12168,12160,12160,12160,920,940,900,860,1040,980,5640,1040,860,180,12160,56.38,55,14,885,810,N/A,
1786727838.590,2026-08-14T19:17:18,1083.459,12168,12160,12168,12160,12160,12160,920,960,900,860,1040,980,5660,1040,860,180,12160,58.29,55,15,1290,810,N/A,
1786727839.090,2026-08-14T19:17:19,1083.959,12168,12160,12168,12160,12160,12160,920,960,920,860,1040,980,5680,1040,860,180,12160,59.32,55,14,1320,810,N/A,
1786727839.590,2026-08-14T19:17:19,1084.459,12168,12160,12168,12160,12160,12160,920,960,900,860,1040,980,5660,1040,860,180,12160,59.05,55,14,1297,810,N/A,
1786727840.091,2026-08-14T19:17:20,1084.959,12168,12160,12168,12160,12160,12160,920,960,920,860,1040,980,5680,1040,860,180,12160,58.95,55,14,1320,810,N/A,
1786727840.590,2026-08-14T19:17:20,1085.459,12168,12160,12168,12160,12160,12160,920,940,920,880,1040,960,5660,1040,880,160,12160,58.98,55,15,1335,810,N/A,
1786727841.089,2026-08-14T19:17:21,1085.959,12168,12160,12168,12160,12160,12160,920,940,920,880,1040,960,5660,1040,880,160,12160,59.22,55,15,1335,810,N/A,
1786727841.590,2026-08-14T19:17:21,1086.459,12168,12160,12168,12160,12160,12160,920,940,920,880,1040,960,5660,1040,880,160,12160,59.31,55,15,1320,810,N/A,
1786727842.091,2026-08-14T19:17:22,1086.959,12168,12160,12168,12160,12160,12160,920,940,920,880,1040,960,5660,1040,880,160,12160,59.08,55,14,1320,810,N/A,
1786727842.588,2026-08-14T19:17:22,1087.459,12168,12160,12168,12160,12160,12168,920,940,920,880,1040,960,5660,1040,880,160,12160,58.78,55,14,1320,810,N/A,
1786727843.088,2026-08-14T19:17:23,1087.959,12168,12160,12168,12160,12160,12168,920,940,940,900,1040,980,5720,1040,900,140,12160,61.71,55,4,1680,810,N/A,
1786727843.588,2026-08-14T19:17:23,1088.459,12168,12160,12168,12160,12160,12168,920,940,940,900,1020,960,5680,1020,900,120,12160,62.90,55,4,1657,7001,N/A,
1786727844.088,2026-08-14T19:17:24,1088.960,12176,12160,12176,12168,12160,12168,900,920,920,880,1000,940,5560,1000,880,120,12160,60.39,55,4,1417,7001,N/A,
1786727844.588,2026-08-14T19:17:24,1089.460,12176,12168,12176,12168,12168,12168,880,900,900,860,980,920,5440,980,860,120,12168,58.69,54,4,1275,7001,N/A,
1786727845.088,2026-08-14T19:17:25,1089.960,12176,12168,12176,12168,12168,12168,860,880,900,840,960,900,5340,960,840,120,12168,58.06,54,4,1162,7001,N/A,
1786727845.588,2026-08-14T19:17:25,1090.460,12176,12168,12176,12168,12168,12168,860,880,880,840,960,900,5320,960,840,120,12168,57.48,54,4,1087,7001,N/A,
1786727846.088,2026-08-14T19:17:26,1090.960,12176,12168,12176,12168,12168,12168,840,860,860,820,940,880,5200,940,820,120,12168,57.11,54,4,997,7001,N/A,
1786727846.590,2026-08-14T19:17:26,1091.460,12176,12168,12176,12168,12168,12168,840,860,860,820,940,880,5200,940,820,120,12168,56.79,54,4,945,7001,N/A,
1786727847.092,2026-08-14T19:17:27,1091.960,12176,12168,12176,12168,12168,12168,840,860,860,820,940,880,5200,940,820,120,12168,56.68,54,14,960,810,N/A,
1786727847.591,2026-08-14T19:17:27,1092.460,12176,12168,12176,12168,12168,12168,860,880,880,840,960,900,5320,960,840,120,12168,57.99,54,15,1282,810,N/A,
1786727848.092,2026-08-14T19:17:28,1092.960,12176,12168,12176,12168,12168,12168,860,880,900,860,980,900,5380,980,860,120,12168,59.20,54,14,1290,810,N/A,
1786727848.591,2026-08-14T19:17:28,1093.460,12176,12168,12176,12168,12168,12168,880,900,900,860,980,920,5440,980,860,120,12168,59.21,54,14,1327,810,N/A,
1786727849.092,2026-08-14T19:17:29,1093.960,12176,12168,12176,12168,12168,12168,880,900,920,880,980,920,5480,980,880,100,12168,59.26,54,14,1327,810,N/A,
1786727849.591,2026-08-14T19:17:29,1094.460,12176,12168,12176,12168,12168,12168,880,900,920,880,1000,920,5500,1000,880,120,12168,59.10,54,14,1335,810,N/A,
1786727850.092,2026-08-14T19:17:30,1094.960,12176,12168,12176,12168,12160,12168,900,920,920,880,1000,940,5560,1000,880,120,12160,58.82,54,14,1290,810,N/A,
1786727850.592,2026-08-14T19:17:30,1095.460,12176,12168,12176,12168,12168,12168,900,920,920,880,1000,940,5560,1000,880,120,12168,58.47,54,14,1327,810,N/A,
1786727851.092,2026-08-14T19:17:31,1095.960,12176,12168,12176,12168,12168,12168,900,920,920,880,1000,940,5560,1000,880,120,12168,58.26,54,14,1335,810,N/A,
1786727851.591,2026-08-14T19:17:31,1096.461,12176,12160,12176,12168,12168,12168,920,940,940,900,1020,960,5680,1020,900,120,12160,58.18,54,14,1327,810,N/A,
1786727852.092,2026-08-14T19:17:32,1096.961,12176,12160,12176,12168,12168,12168,920,940,940,900,1020,960,5680,1020,900,120,12160,60.91,54,14,1612,810,N/A,
1786727852.592,2026-08-14T19:17:32,1097.461,12176,12168,12176,12168,12168,12168,920,940,960,900,1040,960,5720,1040,900,140,12168,62.55,54,14,1687,810,N/A,
1786727853.092,2026-08-14T19:17:33,1097.961,12176,12160,12176,12168,12168,12168,920,940,960,900,1040,960,5720,1040,900,140,12160,61.10,54,14,1612,810,N/A,
1786727853.592,2026-08-14T19:17:33,1098.461,12176,12160,12176,12168,12168,12168,920,940,960,920,1020,960,5720,1020,920,100,12160,60.45,54,15,1575,810,N/A,
1786727854.093,2026-08-14T19:17:34,1098.961,12168,12160,12168,12160,12160,12168,920,940,960,900,1040,960,5720,1040,900,140,12160,59.78,54,13,1515,810,N/A,
1786727854.590,2026-08-14T19:17:34,1099.461,12168,12160,12168,12168,12160,12168,920,940,940,900,1040,960,5700,1040,900,140,12160,59.31,54,15,1492,810,N/A,
1786727855.090,2026-08-14T19:17:35,1099.961,12168,12160,12168,12168,12160,12168,860,900,880,840,980,920,5380,980,840,140,12160,55.67,53,0,1477,810,N/A,
1786727855.591,2026-08-14T19:17:35,1100.461,12176,12160,12176,12168,12168,12168,800,820,820,760,900,840,4940,900,760,140,12160,39.96,53,2,922,405,N/A,
1786727856.093,2026-08-14T19:17:36,1100.961,12176,12160,12168,12160,12160,12168,820,860,820,780,920,880,5080,920,780,140,12160,33.80,53,26,660,405,N/A,
1786727856.592,2026-08-14T19:17:36,1101.461,12176,12160,12168,12160,12160,12168,820,860,820,780,920,880,5080,920,780,140,12160,48.49,54,14,1470,810,N/A,
1786727857.093,2026-08-14T19:17:37,1101.961,12168,12160,12168,12160,12160,12168,860,880,840,800,960,900,5240,960,800,160,12160,61.15,54,14,1552,810,N/A,
1786727857.592,2026-08-14T19:17:37,1102.461,12168,12160,12168,12160,12160,12160,860,900,860,820,980,920,5340,980,820,160,12160,59.02,54,14,1515,810,N/A,
1786727858.093,2026-08-14T19:17:38,1102.961,12168,12160,12168,12160,12160,12160,880,900,880,820,1000,920,5400,1000,820,180,12160,58.39,54,13,1455,810,N/A,
1786727858.593,2026-08-14T19:17:38,1103.461,12168,12160,12168,12160,12160,12160,900,920,880,840,1000,940,5480,1000,840,160,12160,57.90,54,14,1395,810,N/A,
1786727859.097,2026-08-14T19:17:39,1103.962,12168,12160,12168,12160,12160,12160,900,920,900,840,1000,940,5500,1000,840,160,12160,57.86,54,14,1410,810,N/A,
1786727859.592,2026-08-14T19:17:39,1104.462,12168,12160,12168,12160,12160,12160,900,940,920,860,1020,960,5600,1020,860,160,12160,59.74,54,15,1530,810,N/A,
1786727860.093,2026-08-14T19:17:40,1104.962,12168,12160,12168,12160,12160,12168,920,920,920,880,1020,960,5620,1020,880,140,12160,60.35,54,14,1642,810,N/A,
1786727860.593,2026-08-14T19:17:40,1105.462,12168,12160,12168,12160,12160,12168,920,940,940,880,1020,960,5660,1020,880,140,12160,59.35,54,15,1597,810,N/A,
1786727861.092,2026-08-14T19:17:41,1105.962,12168,12160,12168,12160,12160,12160,900,920,920,880,1020,960,5600,1020,880,140,12160,59.09,53,14,1537,810,N/A,
1786727861.590,2026-08-14T19:17:41,1106.462,12168,12160,12168,12160,12160,12160,900,920,920,880,1020,960,5600,1020,880,140,12160,52.09,53,0,1350,810,N/A,
1786727862.092,2026-08-14T19:17:42,1106.962,12168,12160,12168,12160,12160,12160,880,900,880,840,1000,920,5420,1000,840,160,12160,51.01,53,4,1725,810,N/A,
1786727862.592,2026-08-14T19:17:42,1107.462,12168,12160,12168,12160,12160,12160,900,920,900,860,1020,940,5540,1020,860,160,12160,57.12,54,17,1770,810,N/A,
1786727863.093,2026-08-14T19:17:43,1107.962,12168,12160,12168,12160,12160,12160,920,940,920,860,1040,960,5640,1040,860,180,12160,61.94,53,17,1725,810,N/A,
1786727863.593,2026-08-14T19:17:43,1108.462,12168,12160,12168,12160,12160,12160,920,940,920,880,1040,960,5660,1040,880,160,12160,61.57,53,17,1672,810,N/A,
1786727864.093,2026-08-14T19:17:44,1108.962,12168,12160,12168,12160,12160,12160,920,940,920,880,1040,980,5680,1040,880,160,12160,60.54,53,17,1627,810,N/A,
1786727864.593,2026-08-14T19:17:44,1109.462,12168,12160,12168,12160,12152,12160,940,940,940,880,1040,980,5720,1040,880,160,12152,60.19,53,16,1597,810,N/A,
1786727865.094,2026-08-14T19:17:45,1109.962,12168,12160,12168,12160,12160,12160,940,940,940,880,1040,980,5720,1040,880,160,12160,59.62,53,14,1537,810,N/A,
1786727865.594,2026-08-14T19:17:45,1110.462,12168,12160,12168,12160,12160,12160,920,940,920,880,1040,980,5680,1040,880,160,12160,59.21,53,14,1507,810,N/A,
1786727866.094,2026-08-14T19:17:46,1110.962,12168,12160,12168,12160,12160,12160,920,940,920,860,1040,980,5660,1040,860,180,12160,58.44,53,14,1455,810,N/A,
1786727866.594,2026-08-14T19:17:46,1111.463,12168,12160,12168,12160,12160,12160,920,940,920,860,1040,980,5660,1040,860,180,12160,57.91,53,14,1432,810,N/A,
1786727867.098,2026-08-14T19:17:47,1111.963,12168,12160,12168,12160,12160,12160,920,940,920,860,1040,960,5640,1040,860,180,12160,57.64,53,15,1387,810,N/A,
1786727867.591,2026-08-14T19:17:47,1112.463,12168,12160,12168,12160,12160,12160,940,960,940,880,1060,980,5760,1060,880,180,12160,60.74,53,6,1612,7001,N/A,
1786727868.091,2026-08-14T19:17:48,1112.963,12168,12160,12168,12160,12160,12160,920,940,920,880,1020,960,5640,1020,880,140,12160,61.66,53,4,1650,7001,N/A,
1786727868.591,2026-08-14T19:17:48,1113.463,12168,12160,12168,12160,12160,12168,900,920,900,860,1000,940,5520,1000,860,140,12160,59.10,53,4,1462,7001,N/A,
1786727869.091,2026-08-14T19:17:49,1113.963,12168,12160,12168,12160,12160,12168,880,900,880,840,980,920,5400,980,840,140,12160,57.65,53,4,1312,7001,N/A,
1786727869.591,2026-08-14T19:17:49,1114.463,12176,12168,12176,12168,12168,12168,860,880,880,840,960,900,5320,960,840,120,12168,56.32,52,4,1200,7001,N/A,
1786727870.091,2026-08-14T19:17:50,1114.963,12176,12160,12176,12168,12160,12168,840,860,860,820,940,880,5200,940,820,120,12160,54.93,52,4,1095,7001,N/A,
1786727870.591,2026-08-14T19:17:50,1115.463,12176,12168,12176,12168,12168,12168,840,860,840,800,940,880,5160,940,800,140,12168,54.31,52,4,1020,7001,N/A,
1786727871.091,2026-08-14T19:17:51,1115.963,12176,12168,12176,12168,12168,12168,820,840,840,800,920,860,5080,920,800,120,12168,54.03,52,4,960,7001,N/A,
1786727871.591,2026-08-14T19:17:51,1116.463,12176,12168,12176,12168,12168,12168,820,840,840,800,920,860,5080,920,800,120,12168,53.52,52,4,915,7001,N/A,
1786727872.091,2026-08-14T19:17:52,1116.963,12176,12168,12176,12168,12168,12168,820,840,840,800,920,860,5080,920,800,120,12168,53.26,52,4,870,7001,N/A,
1786727872.594,2026-08-14T19:17:52,1117.463,12176,12168,12176,12168,12168,12168,800,820,820,780,900,840,4960,900,780,120,12168,53.45,52,4,840,7001,N/A,
1786727873.095,2026-08-14T19:17:53,1117.963,12176,12168,12176,12168,12168,12168,820,840,840,800,920,860,5080,920,800,120,12168,54.29,52,13,1095,810,N/A,
1786727873.594,2026-08-14T19:17:53,1118.463,12176,12168,12176,12168,12168,12168,840,860,840,820,940,880,5180,940,820,120,12168,55.60,52,14,1290,810,N/A,
1786727874.095,2026-08-14T19:17:54,1118.963,12176,12168,12176,12168,12168,12168,840,880,860,820,960,900,5260,960,820,140,12168,56.37,52,14,1350,810,N/A,
1786727874.595,2026-08-14T19:17:54,1119.464,12176,12168,12176,12168,12168,12168,860,880,880,840,960,900,5320,960,840,120,12168,56.28,52,14,1335,810,N/A,
1786727875.095,2026-08-14T19:17:55,1119.964,12176,12168,12176,12168,12168,12168,860,880,900,840,980,900,5360,980,840,140,12168,56.09,52,12,1327,810,N/A,
1786727875.595,2026-08-14T19:17:55,1120.464,12176,12168,12176,12168,12168,12168,860,900,900,860,980,920,5420,980,860,120,12168,56.21,52,14,1327,810,N/A,
1786727876.095,2026-08-14T19:17:56,1120.964,12176,12168,12176,12168,12168,12168,880,900,900,860,980,920,5440,980,860,120,12168,56.38,52,14,1335,810,N/A,
1786727876.595,2026-08-14T19:17:56,1121.464,12176,12168,12176,12168,12168,12168,880,900,900,860,980,920,5440,980,860,120,12168,56.12,52,14,1342,810,N/A,
1786727877.095,2026-08-14T19:17:57,1121.964,12176,12168,12176,12168,12168,12168,880,900,900,860,980,920,5440,980,860,120,12168,55.87,52,14,1335,810,N/A,
1786727877.595,2026-08-14T19:17:57,1122.464,12176,12168,12176,12168,12168,12168,880,900,920,880,1000,920,5500,1000,880,120,12168,57.52,53,30,1320,405,N/A,
1786727878.092,2026-08-14T19:17:58,1122.964,12176,12168,12176,12168,12168,12168,900,920,940,900,1000,940,5600,1000,900,100,12168,60.74,52,14,1695,7001,N/A,
1786727878.592,2026-08-14T19:17:58,1123.464,12176,12168,12176,12168,12168,12168,860,880,880,840,960,900,5320,960,840,120,12168,58.60,52,4,1485,7001,N/A,
1786727879.092,2026-08-14T19:17:59,1123.964,12176,12168,12176,12168,12168,12168,800,820,820,780,900,840,4960,900,780,120,12168,47.16,51,1,1080,7001,N/A,
1786727879.594,2026-08-14T19:17:59,1124.464,12176,12168,12176,12168,12168,12168,780,780,760,740,860,820,4740,860,740,120,12168,40.40,51,2,885,7001,N/A,
1786727880.095,2026-08-14T19:18:00,1124.964,12176,12168,12176,12168,12168,12168,740,760,720,700,840,780,4540,840,700,140,12168,38.61,51,8,795,810,N/A,
1786727880.594,2026-08-14T19:18:00,1125.464,12176,12168,12176,12168,12168,12168,740,760,720,680,820,780,4500,820,680,140,12168,37.39,52,15,832,810,N/A,
1786727881.095,2026-08-14T19:18:01,1125.964,12176,12168,12176,12168,12168,12168,740,760,720,680,820,740,4460,820,680,140,12168,36.90,51,2,885,810,N/A,
1786727881.597,2026-08-14T19:18:01,1126.464,12176,12168,12176,12168,12168,12168,700,720,680,640,800,740,4280,800,640,160,12168,35.40,51,23,577,810,N/A,
1786727882.100,2026-08-14T19:18:02,1126.964,12176,12168,12176,12168,12168,12168,700,700,640,620,760,720,4140,760,620,140,12168,32.82,51,20,607,405,N/A,
1786727882.598,2026-08-14T19:18:02,1127.465,12176,12168,12176,12168,12168,12168,680,680,640,620,760,720,4100,760,620,140,12168,33.92,51,13,667,405,N/A,
1786727883.094,2026-08-14T19:18:03,1127.965,12176,12168,12176,12168,12168,12168,680,680,640,600,760,720,4080,760,600,160,12168,34.75,51,20,705,405,N/A,
1786727883.599,2026-08-14T19:18:03,1128.465,12176,12168,12176,12168,12168,12168,680,680,620,600,760,700,4040,760,600,160,12168,35.22,51,8,705,405,N/A,
1786727884.098,2026-08-14T19:18:04,1128.965,12176,12168,12176,12168,12168,12168,660,680,620,580,740,700,3980,740,580,160,12168,35.93,51,10,630,405,N/A,
1786727884.598,2026-08-14T19:18:04,1129.465,12176,12168,12176,12168,12168,12168,660,660,600,580,720,680,3900,720,580,140,12168,35.70,51,3,547,405,N/A,
1786727885.100,2026-08-14T19:18:05,1129.965,12176,12168,12176,12168,12168,12168,640,640,600,560,720,680,3840,720,560,160,12168,34.95,51,4,487,405,N/A,
1786727885.598,2026-08-14T19:18:05,1130.465,12176,12168,12176,12168,12168,12168,620,640,580,560,700,660,3760,700,560,140,12168,34.82,51,3,435,405,N/A,
1786727886.096,2026-08-14T19:18:06,1130.965,12176,12168,12176,12168,12168,12168,620,640,580,560,700,660,3760,700,560,140,12168,36.42,51,21,367,405,N/A,
1786727886.644,2026-08-14T19:18:06,1131.465,12176,12168,12176,12168,12168,12168,620,640,580,560,700,660,3760,700,560,140,12168,36.42,51,21,367,405,N/A,
1786727887.093,2026-08-14T19:18:07,1131.965,12168,12160,12168,12160,12160,12168,840,860,820,780,940,880,5120,940,780,160,12160,73.19,53,100,2947,405,N/A,
1786727887.593,2026-08-14T19:18:07,1132.465,12168,12152,12168,12160,12160,12160,1020,1040,1020,960,1140,1060,6240,1140,960,180,12152,110.66,54,100,2932,13801,N/A,
1786727888.093,2026-08-14T19:18:08,1132.965,12160,12152,12160,12152,12152,12160,1160,1180,1180,1120,1300,1200,7140,1300,1120,180,12152,113.41,54,100,2932,13801,N/A,
1786727888.593,2026-08-14T19:18:08,1133.465,12160,12152,12160,12152,12152,12152,1260,1280,1300,1240,1400,1320,7800,1400,1240,160,12152,114.29,54,100,2932,13801,N/A,
1786727889.093,2026-08-14T19:18:09,1133.965,12160,12152,12160,12152,12152,12152,1340,1380,1400,1320,1500,1400,8340,1500,1320,180,12152,114.22,54,100,2932,13801,N/A,
1786727889.593,2026-08-14T19:18:09,1134.465,12160,12144,12160,12152,12144,12152,1400,1440,1460,1400,1560,1460,8720,1560,1400,160,12144,114.22,54,100,2932,13801,N/A,
1786727890.093,2026-08-14T19:18:10,1134.966,12152,12144,12152,12144,12144,12152,1440,1480,1520,1440,1620,1520,9020,1620,1440,180,12144,114.36,54,100,2932,13801,N/A,
1786727890.593,2026-08-14T19:18:10,1135.466,12152,12144,12152,12144,12144,12152,1480,1520,1560,1500,1660,1560,9280,1660,1480,180,12144,114.23,54,100,2932,13801,N/A,
1786727891.093,2026-08-14T19:18:11,1135.966,12152,12144,12152,12144,12144,12152,1480,1520,1560,1500,1660,1560,9280,1660,1480,180,12144,114.02,54,100,2932,13801,N/A,
1786727891.593,2026-08-14T19:18:11,1136.466,12152,12144,12152,12144,12144,12152,1500,1540,1600,1520,1680,1580,9420,1680,1500,180,12144,114.30,54,100,2932,13801,N/A,
1786727892.093,2026-08-14T19:18:12,1136.966,12152,12144,12152,12144,12144,12152,1540,1560,1620,1540,1720,1600,9580,1720,1540,180,12144,114.38,54,100,2932,13801,N/A,
1786727892.593,2026-08-14T19:18:12,1137.466,12152,12144,12152,12144,12144,12144,1540,1580,1640,1560,1740,1620,9680,1740,1540,200,12144,114.39,54,100,2932,13801,N/A,
1786727893.093,2026-08-14T19:18:13,1137.966,12152,12144,12152,12144,12144,12144,1560,1600,1660,1580,1740,1640,9780,1740,1560,180,12144,114.59,54,100,2932,13801,N/A,
1786727893.593,2026-08-14T19:18:13,1138.466,12152,12144,12152,12144,12144,12144,1560,1600,1660,1600,1760,1640,9820,1760,1560,200,12144,114.63,54,100,2932,13801,N/A,
1786727894.093,2026-08-14T19:18:14,1138.966,12152,12144,12152,12144,12144,12144,1580,1620,1680,1600,1760,1660,9900,1760,1580,180,12144,114.63,54,100,2932,13801,N/A,
1786727894.594,2026-08-14T19:18:14,1139.466,12152,12144,12152,12144,12144,12144,1580,1620,1680,1600,1780,1660,9920,1780,1580,200,12144,114.68,54,100,2932,13801,N/A,
1786727895.094,2026-08-14T19:18:15,1139.966,12152,12144,12152,12144,12144,12152,1520,1560,1620,1560,1700,1600,9560,1700,1520,180,12144,112.82,53,0,2932,13801,N/A,
1786727895.594,2026-08-14T19:18:15,1140.466,12152,12144,12152,12144,12144,12152,1480,1520,1580,1500,1660,1560,9300,1660,1480,180,12144,102.70,53,0,2932,13801,N/A,
1786727896.094,2026-08-14T19:18:16,1140.966,12152,12144,12152,12144,12144,12152,1480,1520,1580,1500,1660,1560,9300,1660,1480,180,12144,95.40,53,0,2932,13801,N/A,
1786727896.594,2026-08-14T19:18:16,1141.466,12160,12144,12160,12152,12144,12152,1440,1480,1540,1460,1620,1520,9060,1620,1440,180,12144,95.42,53,0,2932,13801,N/A,
1786727897.095,2026-08-14T19:18:17,1141.966,12160,12152,12160,12152,12152,12160,1300,1340,1380,1320,1460,1360,8160,1460,1300,160,12152,79.03,51,0,982,7001,N/A,
1786727897.595,2026-08-14T19:18:17,1142.466,12168,12160,12168,12160,12160,12160,1120,1160,1180,1140,1260,1180,7040,1260,1120,140,12160,46.29,50,0,487,810,N/A,
1786727898.095,2026-08-14T19:18:18,1142.967,12176,12160,12176,12168,12160,12168,980,1020,1040,1000,1120,1040,6200,1120,980,140,12160,28.59,50,0,427,810,N/A,
1786727898.598,2026-08-14T19:18:18,1143.467,12176,12168,12176,12168,12168,12168,860,880,900,860,980,900,5380,980,860,120,12168,26.61,50,0,397,810,N/A,
1786727899.100,2026-08-14T19:18:19,1143.967,12176,12168,12176,12176,12168,12176,780,800,800,780,880,820,4860,880,780,100,12168,22.81,50,3,285,810,N/A,
1786727899.597,2026-08-14T19:18:19,1144.467,12184,12176,12184,12176,12176,12176,700,720,740,700,800,740,4400,800,700,100,12176,21.33,50,10,322,405,N/A,
1786727900.101,2026-08-14T19:18:20,1144.967,12184,12176,12184,12176,12176,12176,700,720,720,700,780,740,4360,780,700,80,12176,22.03,50,0,442,405,N/A,
1786727900.595,2026-08-14T19:18:20,1145.467,12184,12176,12184,12176,12176,12176,700,740,760,720,820,760,4500,820,700,120,12176,33.26,51,48,1042,405,N/A,
1786727901.095,2026-08-14T19:18:21,1145.967,12184,12176,12184,12176,12176,12176,740,740,760,720,820,760,4540,820,720,100,12176,47.40,50,0,1725,13801,N/A,
1786727901.595,2026-08-14T19:18:21,1146.467,12184,12168,12184,12176,12176,12176,740,740,760,720,820,760,4540,820,720,100,12168,55.35,50,0,1717,13801,N/A,
1786727902.095,2026-08-14T19:18:22,1146.967,12184,12176,12184,12176,12176,12176,720,740,760,720,820,760,4520,820,720,100,12176,50.96,50,0,1725,13801,N/A,
1786727902.595,2026-08-14T19:18:22,1147.467,12184,12176,12184,12176,12176,12176,700,720,740,700,800,740,4400,800,700,100,12176,47.75,50,0,1042,7001,N/A,
1786727903.095,2026-08-14T19:18:23,1147.967,12184,12176,12184,12176,12176,12176,680,680,700,660,760,720,4200,760,660,100,12176,40.75,50,0,427,7001,N/A,
1786727903.595,2026-08-14T19:18:23,1148.467,12184,12176,12184,12176,12176,12176,640,660,660,620,720,680,3980,720,620,100,12176,33.70,50,0,367,7001,N/A,
1786727904.095,2026-08-14T19:18:24,1148.967,12184,12176,12184,12176,12176,12176,640,640,640,620,700,680,3920,700,620,80,12176,33.09,50,0,337,7001,N/A,
1786727904.596,2026-08-14T19:18:24,1149.467,12184,12176,12184,12176,12176,12184,620,620,620,600,680,640,3780,680,600,80,12176,33.20,50,0,315,7001,N/A,
1786727905.096,2026-08-14T19:18:25,1149.968,12184,12176,12184,12176,12176,12184,600,620,620,580,660,640,3720,660,580,80,12176,33.02,50,1,292,7001,N/A,
1786727905.597,2026-08-14T19:18:25,1150.468,12184,12176,12184,12176,12176,12184,600,620,620,580,660,640,3720,660,580,80,12176,32.88,50,0,300,7001,N/A,
1786727906.098,2026-08-14T19:18:26,1150.968,12184,12176,12184,12176,12176,12184,580,600,580,560,640,600,3560,640,560,80,12176,29.81,49,0,262,810,N/A,
1786727906.597,2026-08-14T19:18:26,1151.468,12184,12176,12184,12176,12176,12184,560,560,560,540,620,580,3420,620,540,80,12176,24.39,50,2,337,810,N/A,
1786727907.100,2026-08-14T19:18:27,1151.968,12184,12176,12184,12184,12176,12184,540,560,540,520,600,560,3320,600,520,80,12176,20.57,49,0,322,810,N/A,
1786727907.599,2026-08-14T19:18:27,1152.468,12192,12176,12184,12184,12176,12184,520,540,540,500,580,540,3220,580,500,80,12176,21.31,49,2,277,405,N/A,
1786727908.099,2026-08-14T19:18:28,1152.968,12192,12184,12192,12184,12184,12184,500,520,520,480,560,520,3100,560,480,80,12184,23.41,49,0,390,405,N/A,
1786727908.599,2026-08-14T19:18:28,1153.468,12192,12184,12192,12184,12184,12184,480,500,500,460,540,500,2980,540,460,80,12184,19.58,49,0,292,405,N/A,
1786727909.101,2026-08-14T19:18:29,1153.968,12192,12184,12192,12184,12184,12184,460,480,480,440,520,500,2880,520,440,80,12184,17.00,49,0,360,405,N/A,
1786727909.599,2026-08-14T19:18:29,1154.468,12192,12184,12192,12184,12184,12184,480,480,480,460,540,500,2940,540,460,80,12184,16.64,49,4,270,405,N/A,
1786727910.101,2026-08-14T19:18:30,1154.968,12192,12184,12192,12184,12184,12184,480,480,480,460,540,500,2940,540,460,80,12184,19.82,49,0,397,405,N/A,
1786727910.599,2026-08-14T19:18:30,1155.468,12192,12184,12192,12184,12184,12184,480,480,480,460,540,500,2940,540,460,80,12184,23.41,49,4,390,405,N/A,
1786727911.101,2026-08-14T19:18:31,1155.968,12192,12184,12192,12184,12184,12184,460,480,480,440,540,480,2880,540,440,100,12184,20.41,49,4,307,405,N/A,
1786727911.599,2026-08-14T19:18:31,1156.468,12192,12184,12192,12184,12184,12184,460,480,480,440,540,480,2880,540,440,100,12184,20.68,49,3,300,405,N/A,
1786727912.101,2026-08-14T19:18:32,1156.968,12192,12184,12192,12184,12184,12184,460,460,460,440,520,480,2820,520,440,80,12184,19.69,49,0,390,405,N/A,
1786727912.599,2026-08-14T19:18:32,1157.469,12192,12184,12192,12184,12184,12184,440,460,460,420,500,460,2740,500,420,80,12184,16.82,49,0,382,405,N/A,
1786727913.102,2026-08-14T19:18:33,1157.969,12192,12184,12192,12184,12184,12184,440,460,460,420,500,480,2760,500,420,80,12184,17.45,49,0,360,405,N/A,
1786727913.599,2026-08-14T19:18:33,1158.469,12192,12184,12192,12184,12184,12184,440,460,440,420,500,460,2720,500,420,80,12184,19.20,49,4,315,405,N/A,
1786727914.103,2026-08-14T19:18:34,1158.969,12192,12184,12192,12184,12184,12184,440,460,440,420,500,460,2720,500,420,80,12184,16.77,49,4,225,405,N/A,
1786727914.600,2026-08-14T19:18:34,1159.469,12192,12184,12192,12184,12184,12184,440,460,460,440,500,460,2760,500,440,60,12184,19.27,49,4,442,405,N/A,
1786727915.102,2026-08-14T19:18:35,1159.969,12192,12184,12192,12184,12184,12184,440,460,460,440,500,480,2780,500,440,60,12184,21.02,49,2,412,405,N/A,
1786727915.600,2026-08-14T19:18:35,1160.469,12192,12184,12192,12184,12184,12184,440,460,460,440,500,480,2780,500,440,60,12184,20.07,49,0,450,405,N/A,
1786727916.103,2026-08-14T19:18:36,1160.969,12192,12184,12192,12184,12184,12184,460,480,460,440,520,480,2840,520,440,80,12184,21.09,49,0,502,405,N/A,
1786727916.603,2026-08-14T19:18:36,1161.469,12192,12184,12192,12184,12184,12184,460,480,460,440,520,480,2840,520,440,80,12184,21.16,49,4,315,405,N/A,
1786727917.099,2026-08-14T19:18:37,1161.969,12192,12184,12192,12184,12184,12184,460,480,460,440,520,480,2840,520,440,80,12184,21.55,49,4,412,405,N/A,
1786727917.600,2026-08-14T19:18:37,1162.469,12192,12184,12192,12184,12184,12184,440,460,440,440,500,460,2740,500,440,60,12184,18.00,48,0,225,405,N/A,
1786727918.100,2026-08-14T19:18:38,1162.969,12192,12184,12192,12184,12184,12184,440,440,440,420,480,460,2680,480,420,60,12184,15.17,48,0,225,405,N/A,
1786727918.600,2026-08-14T19:18:38,1163.469,12192,12184,12192,12184,12184,12184,420,440,420,400,480,440,2600,480,400,80,12184,14.79,48,0,300,405,N/A,
1786727919.103,2026-08-14T19:18:39,1163.969,12192,12184,12192,12184,12184,12184,420,420,420,400,480,440,2580,480,400,80,12184,14.35,48,0,292,405,N/A,
1786727919.599,2026-08-14T19:18:39,1164.469,12192,12184,12192,12184,12184,12184,400,420,400,400,460,420,2500,460,400,60,12184,14.89,48,3,307,405,N/A,
1786727920.100,2026-08-14T19:18:40,1164.970,12192,12184,12192,12184,12184,12192,400,420,400,380,460,420,2480,460,380,80,12184,14.01,48,0,225,405,N/A,
1786727920.600,2026-08-14T19:18:40,1165.470,12192,12184,12192,12184,12184,12192,400,420,400,380,460,420,2480,460,380,80,12184,13.27,48,0,225,405,N/A,
1786727921.100,2026-08-14T19:18:41,1165.970,12192,12184,12192,12184,12184,12192,400,400,400,380,440,420,2440,440,380,60,12184,13.66,48,0,225,405,N/A,
1786727921.600,2026-08-14T19:18:41,1166.470,12192,12184,12192,12184,12184,12192,400,400,400,380,440,420,2440,440,380,60,12184,14.22,48,0,300,405,N/A,
1786727922.102,2026-08-14T19:18:42,1166.970,12192,12184,12192,12184,12184,12192,400,400,400,380,440,420,2440,440,380,60,12184,14.42,48,0,352,405,N/A,
1786727922.601,2026-08-14T19:18:42,1167.470,12192,12184,12192,12184,12184,12192,400,400,380,360,440,400,2380,440,360,80,12184,14.19,48,0,292,405,N/A,
1786727923.103,2026-08-14T19:18:43,1167.970,12192,12184,12192,12184,12184,12192,400,400,380,360,440,400,2380,440,360,80,12184,13.57,48,3,307,405,N/A,
1786727923.601,2026-08-14T19:18:43,1168.470,12192,12184,12192,12184,12184,12184,400,400,400,380,440,420,2440,440,380,60,12184,12.89,48,0,247,405,N/A,
1786727924.103,2026-08-14T19:18:44,1168.970,12192,12184,12192,12184,12184,12192,400,400,380,360,440,420,2400,440,360,80,12184,14.27,48,0,405,405,N/A,
1786727924.601,2026-08-14T19:18:44,1169.470,12192,12184,12192,12184,12184,12184,400,400,400,380,440,420,2440,440,380,60,12184,15.19,48,4,352,405,N/A,
1786727925.104,2026-08-14T19:18:45,1169.970,12192,12184,12192,12184,12184,12184,400,420,400,380,460,420,2480,460,380,80,12184,15.18,48,0,330,405,N/A,
1786727925.600,2026-08-14T19:18:45,1170.470,12192,12184,12192,12184,12184,12184,400,420,400,380,460,420,2480,460,380,80,12184,16.05,48,4,367,405,N/A,
1786727926.105,2026-08-14T19:18:46,1170.970,12192,12184,12192,12184,12184,12192,400,400,400,380,460,420,2460,460,380,80,12184,14.43,48,0,225,405,N/A,
1786727926.601,2026-08-14T19:18:46,1171.470,12192,12184,12192,12184,12184,12192,400,400,400,380,440,420,2440,440,380,60,12184,13.61,48,6,307,405,N/A,
1786727927.104,2026-08-14T19:18:47,1171.971,12192,12184,12192,12184,12184,12184,420,420,400,380,460,420,2500,460,380,80,12184,15.46,48,7,292,405,N/A,
1786727927.601,2026-08-14T19:18:47,1172.471,12192,12184,12192,12184,12184,12184,420,420,420,400,460,440,2560,460,400,60,12184,19.26,48,1,405,405,N/A,
1786727928.104,2026-08-14T19:18:48,1172.971,12192,12184,12192,12184,12184,12184,420,420,420,400,480,440,2580,480,400,80,12184,18.71,48,0,277,405,N/A,
1786727928.601,2026-08-14T19:18:48,1173.471,12192,12184,12192,12184,12184,12184,420,420,420,400,480,440,2580,480,400,80,12184,17.32,48,3,352,405,N/A,
1786727929.101,2026-08-14T19:18:49,1173.971,12192,12184,12192,12184,12184,12184,420,420,440,400,480,440,2600,480,400,80,12184,18.42,48,3,360,405,N/A,
1786727929.602,2026-08-14T19:18:49,1174.471,12192,12184,12192,12184,12184,12184,440,440,440,420,480,440,2660,480,420,60,12184,18.02,48,0,472,405,N/A,
1786727930.104,2026-08-14T19:18:50,1174.971,12192,12184,12192,12184,12184,12184,440,440,440,420,480,460,2680,480,420,60,12184,19.29,48,4,360,405,N/A,
1786727930.604,2026-08-14T19:18:50,1175.471,12192,12184,12192,12184,12184,12184,440,440,440,420,480,460,2680,480,420,60,12184,18.56,48,0,420,405,N/A,
1786727931.104,2026-08-14T19:18:51,1175.971,12192,12184,12192,12184,12184,12184,440,440,440,420,500,460,2700,500,420,80,12184,18.91,47,7,420,405,N/A,
1786727931.603,2026-08-14T19:18:51,1176.471,12192,12184,12192,12184,12184,12184,440,440,440,420,500,460,2700,500,420,80,12184,18.88,47,4,480,405,N/A,
1786727932.106,2026-08-14T19:18:52,1176.971,12192,12184,12192,12184,12184,12184,440,460,440,420,500,460,2720,500,420,80,12184,19.39,48,3,450,405,N/A,
1786727932.604,2026-08-14T19:18:52,1177.471,12192,12184,12192,12184,12184,12184,460,460,460,440,520,480,2820,520,440,80,12184,20.77,48,4,570,405,N/A,
1786727933.104,2026-08-14T19:18:53,1177.971,12192,12184,12192,12184,12184,12184,480,480,460,460,520,500,2900,520,460,60,12184,23.13,47,3,547,405,N/A,
1786727933.602,2026-08-14T19:18:53,1178.471,12192,12176,12192,12184,12184,12184,500,500,480,460,540,500,2980,540,460,80,12176,23.69,48,7,510,405,N/A,
1786727934.104,2026-08-14T19:18:54,1178.972,12192,12184,12192,12184,12184,12184,500,500,500,480,540,500,3020,540,480,60,12184,23.55,47,4,637,405,N/A,
1786727934.603,2026-08-14T19:18:54,1179.472,12192,12184,12192,12184,12184,12184,480,500,480,480,540,500,2980,540,480,60,12184,25.83,47,6,637,405,N/A,
1786727935.104,2026-08-14T19:18:55,1179.972,12192,12184,12192,12184,12184,12184,480,500,480,480,540,500,2980,540,480,60,12184,22.48,48,8,352,405,N/A,
1786727935.602,2026-08-14T19:18:55,1180.472,12192,12184,12192,12184,12184,12184,480,480,480,460,520,500,2920,520,460,60,12184,19.58,47,3,352,405,N/A,
1786727936.105,2026-08-14T19:18:56,1180.972,12192,12184,12192,12184,12184,12184,480,500,500,480,540,500,3000,540,480,60,12184,20.92,47,7,562,405,N/A,
1786727936.604,2026-08-14T19:18:56,1181.472,12192,12184,12192,12184,12184,12184,480,480,480,460,520,500,2920,520,460,60,12184,20.64,47,3,397,405,N/A,
1786727937.105,2026-08-14T19:18:57,1181.972,12192,12184,12192,12184,12184,12184,480,480,480,460,520,500,2920,520,460,60,12184,18.48,47,7,360,405,N/A,
1786727937.602,2026-08-14T19:18:57,1182.472,12192,12184,12192,12184,12184,12184,480,480,500,480,540,500,2980,540,480,60,12184,20.83,48,8,615,405,N/A,
1786727938.106,2026-08-14T19:18:58,1182.972,12192,12184,12192,12184,12184,12184,480,500,500,480,540,520,3020,540,480,60,12184,24.28,47,11,615,405,N/A,
1786727938.603,2026-08-14T19:18:58,1183.472,12192,12184,12192,12184,12184,12184,480,480,480,460,540,520,2960,540,460,80,12184,21.86,47,3,360,405,N/A,
1786727939.106,2026-08-14T19:18:59,1183.972,12192,12184,12192,12184,12184,12184,480,480,500,460,540,500,2960,540,460,80,12184,21.03,47,3,472,405,N/A,
1786727939.603,2026-08-14T19:18:59,1184.472,12192,12184,12192,12184,12184,12184,480,480,500,460,540,500,2960,540,460,80,12184,20.96,47,3,540,405,N/A,
1786727940.105,2026-08-14T19:19:00,1184.972,12192,12184,12192,12184,12184,12184,480,480,500,460,540,500,2960,540,460,80,12184,20.17,47,1,555,405,N/A,
1786727940.605,2026-08-14T19:19:00,1185.472,12192,12184,12192,12184,12184,12184,480,480,500,480,540,500,2980,540,480,60,12184,21.41,47,12,547,405,N/A,
1786727941.106,2026-08-14T19:19:01,1185.972,12192,12184,12192,12184,12184,12184,500,500,520,480,540,520,3060,540,480,60,12184,25.08,47,4,720,405,N/A,
1786727941.604,2026-08-14T19:19:01,1186.473,12184,12176,12192,12184,12176,12184,520,520,540,520,580,540,3220,580,520,60,12176,28.13,47,6,682,405,N/A,
1786727942.107,2026-08-14T19:19:02,1186.973,12184,12176,12192,12184,12176,12184,520,540,560,520,600,560,3300,600,520,80,12176,31.18,47,3,525,405,N/A,
1786727942.604,2026-08-14T19:19:02,1187.473,12184,12176,12192,12184,12176,12184,540,540,560,520,600,560,3320,600,520,80,12176,29.38,47,7,495,405,N/A,
1786727943.106,2026-08-14T19:19:03,1187.973,12184,12176,12192,12184,12184,12184,540,540,560,520,600,560,3320,600,520,80,12176,27.39,47,3,517,405,N/A,
1786727943.604,2026-08-14T19:19:03,1188.473,12184,12176,12192,12184,12184,12184,540,520,540,500,600,540,3240,600,500,100,12176,27.15,47,4,487,405,N/A,
1786727944.106,2026-08-14T19:19:04,1188.973,12184,12176,12192,12184,12176,12184,520,520,540,500,580,540,3200,580,500,80,12176,25.27,47,4,367,405,N/A,
1786727944.606,2026-08-14T19:19:04,1189.473,12192,12176,12192,12184,12184,12184,520,520,540,500,580,540,3200,580,500,80,12176,24.92,47,4,427,405,N/A,
1786727945.106,2026-08-14T19:19:05,1189.973,12192,12176,12192,12184,12184,12184,520,520,540,500,580,540,3200,580,500,80,12176,26.16,47,4,427,405,N/A,
1786727945.606,2026-08-14T19:19:05,1190.473,12192,12176,12192,12184,12184,12184,520,520,520,500,580,540,3180,580,500,80,12176,26.11,47,4,382,405,N/A,
1786727946.103,2026-08-14T19:19:06,1190.973,12192,12176,12192,12184,12184,12184,540,540,540,520,600,560,3300,600,520,80,12176,27.54,47,5,547,405,N/A,
1786727946.606,2026-08-14T19:19:06,1191.473,12184,12176,12184,12176,12176,12184,560,560,560,540,620,580,3420,620,540,80,12176,29.90,47,3,532,405,N/A,
1786727947.104,2026-08-14T19:19:07,1191.973,12184,12176,12184,12176,12176,12184,560,560,560,540,620,580,3420,620,540,80,12176,31.69,47,3,585,405,N/A,
1786727947.607,2026-08-14T19:19:07,1192.473,12184,12176,12184,12176,12176,12184,560,560,560,520,600,580,3380,600,520,80,12176,30.41,47,4,525,405,N/A,
1786727948.112,2026-08-14T19:19:08,1192.973,12184,12176,12192,12184,12184,12184,520,540,540,500,580,560,3240,580,500,80,12176,25.96,47,4,480,405,N/A,
1786727948.604,2026-08-14T19:19:08,1193.474,12184,12176,12192,12184,12176,12184,540,540,540,500,580,560,3260,580,500,80,12176,23.46,47,7,435,405,N/A,
1786727949.107,2026-08-14T19:19:09,1193.974,12192,12176,12192,12184,12184,12184,520,520,520,500,580,540,3180,580,500,80,12176,23.12,47,4,547,405,N/A,
1786727949.605,2026-08-14T19:19:09,1194.474,12192,12184,12192,12184,12184,12184,500,500,500,480,560,520,3060,560,480,80,12184,22.96,47,6,450,405,N/A,
1786727950.109,2026-08-14T19:19:10,1194.974,12192,12184,12192,12184,12184,12184,500,500,500,480,560,520,3060,560,480,80,12184,18.09,46,2,360,405,N/A,
1786727950.605,2026-08-14T19:19:10,1195.474,12192,12184,12192,12184,12184,12184,480,500,500,480,540,520,3020,540,480,60,12184,17.54,47,8,495,405,N/A,
1786727951.107,2026-08-14T19:19:11,1195.974,12192,12184,12192,12184,12184,12184,480,500,480,480,540,520,3000,540,480,60,12184,20.75,47,8,645,405,N/A,
1786727951.611,2026-08-14T19:19:11,1196.474,12192,12184,12192,12184,12184,12184,480,520,480,480,540,520,3020,540,480,60,12184,23.36,46,13,555,405,N/A,
1786727952.108,2026-08-14T19:19:12,1196.974,12192,12184,12192,12184,12184,12184,500,520,500,480,540,520,3060,540,480,60,12184,21.19,46,3,472,405,N/A,
1786727952.605,2026-08-14T19:19:12,1197.474,12192,12184,12192,12184,12184,12184,480,520,500,480,540,520,3040,540,480,60,12184,22.44,47,7,480,405,N/A,
1786727953.110,2026-08-14T19:19:13,1197.974,12192,12176,12192,12184,12184,12184,500,520,520,500,560,540,3140,560,500,60,12176,25.45,47,11,682,405,N/A,
1786727953.607,2026-08-14T19:19:13,1198.474,12192,12184,12192,12184,12184,12184,500,520,520,500,560,540,3140,560,500,60,12184,26.75,46,4,547,405,N/A,
1786727954.107,2026-08-14T19:19:14,1198.974,12192,12184,12192,12184,12184,12184,500,520,520,500,560,540,3140,560,500,60,12184,25.48,46,8,510,405,N/A,
1786727954.607,2026-08-14T19:19:14,1199.474,12192,12184,12192,12184,12184,12184,500,520,520,500,580,540,3160,580,500,80,12184,23.80,46,11,480,405,N/A,
1786727955.109,2026-08-14T19:19:15,1199.974,12192,12184,12192,12184,12184,12184,500,520,520,500,580,540,3160,580,500,80,12184,26.50,47,7,450,405,N/A,
1786727955.605,2026-08-14T19:19:15,1200.475,12184,12176,12192,12184,12176,12184,540,560,560,520,600,560,3340,600,520,80,12176,31.15,46,6,682,405,N/A,
1786727956.108,2026-08-14T19:19:16,1200.975,12184,12176,12184,12184,12176,12184,540,560,560,540,600,580,3380,600,540,60,12176,33.32,46,7,660,405,N/A,
1786727956.610,2026-08-14T19:19:16,1201.475,12184,12176,12184,12176,12176,12184,540,560,580,540,620,580,3420,620,540,80,12176,30.12,46,8,502,405,N/A,
1786727957.108,2026-08-14T19:19:17,1201.975,12184,12176,12184,12176,12176,12184,560,580,580,540,620,600,3480,620,540,80,12176,31.22,46,9,607,405,N/A,
1786727957.606,2026-08-14T19:19:17,1202.475,12184,12176,12184,12176,12176,12184,560,580,600,560,640,600,3540,640,560,80,12176,32.39,47,9,570,405,N/A,
1786727958.108,2026-08-14T19:19:18,1202.975,12184,12176,12184,12176,12176,12184,560,580,580,560,620,600,3500,620,560,60,12176,31.87,46,6,427,405,N/A,
1786727958.605,2026-08-14T19:19:18,1203.475,12184,12176,12192,12184,12176,12184,540,560,560,540,620,580,3400,620,540,80,12176,31.32,46,10,480,405,N/A,
1786727959.108,2026-08-14T19:19:19,1203.975,12184,12176,12192,12184,12176,12184,540,560,560,540,600,560,3360,600,540,60,12176,25.55,46,0,277,405,N/A,
1786727959.606,2026-08-14T19:19:19,1204.475,12184,12176,12192,12184,12176,12184,540,560,560,540,600,560,3360,600,540,60,12176,24.43,46,4,420,405,N/A,
1786727960.109,2026-08-14T19:19:20,1204.975,12184,12176,12192,12184,12176,12184,520,540,540,520,580,540,3240,580,520,60,12176,24.58,46,1,307,405,N/A,
1786727960.608,2026-08-14T19:19:20,1205.475,12192,12176,12192,12184,12184,12184,500,520,520,500,560,540,3140,560,500,60,12176,21.21,46,4,390,405,N/A,
1786727961.106,2026-08-14T19:19:21,1205.975,12192,12184,12192,12184,12184,12184,500,500,500,480,560,520,3060,560,480,80,12184,20.90,46,3,300,405,N/A,
1786727961.609,2026-08-14T19:19:21,1206.475,12192,12184,12192,12184,12184,12184,480,500,480,460,540,500,2960,540,460,80,12184,18.51,46,0,315,405,N/A,
1786727962.109,2026-08-14T19:19:22,1206.976,12192,12184,12192,12184,12184,12184,480,480,480,460,520,500,2920,520,460,60,12184,17.71,46,8,427,405,N/A,
1786727962.606,2026-08-14T19:19:22,1207.476,12192,12184,12192,12184,12184,12184,480,480,480,460,540,500,2940,540,460,80,12184,20.62,46,7,442,405,N/A,
1786727963.108,2026-08-14T19:19:23,1207.976,12192,12184,12192,12184,12184,12184,500,500,500,480,540,520,3040,540,480,60,12184,24.88,46,3,510,405,N/A,
1786727963.606,2026-08-14T19:19:23,1208.476,12192,12184,12192,12184,12184,12184,480,480,480,460,540,500,2940,540,460,80,12184,24.73,46,3,450,405,N/A,
1786727964.109,2026-08-14T19:19:24,1208.976,12192,12184,12192,12184,12184,12184,480,480,480,460,520,500,2920,520,460,60,12184,19.62,46,0,292,405,N/A,
1786727964.607,2026-08-14T19:19:24,1209.476,12192,12184,12192,12184,12184,12184,480,480,480,460,520,500,2920,520,460,60,12184,20.13,46,4,367,405,N/A,
1786727965.111,2026-08-14T19:19:25,1209.976,12192,12184,12192,12184,12184,12184,460,480,480,460,520,480,2880,520,460,60,12184,21.20,46,4,435,405,N/A,
1786727965.607,2026-08-14T19:19:25,1210.476,12192,12184,12192,12184,12184,12184,480,500,500,460,540,500,2980,540,460,80,12184,22.61,46,5,502,405,N/A,
1786727966.109,2026-08-14T19:19:26,1210.976,12192,12184,12192,12184,12184,12184,500,500,520,480,560,520,3080,560,480,80,12184,25.50,46,4,502,405,N/A,
1786727966.607,2026-08-14T19:19:26,1211.476,12192,12184,12192,12184,12184,12184,500,500,520,480,560,520,3080,560,480,80,12184,25.92,45,4,427,405,N/A,
1786727967.110,2026-08-14T19:19:27,1211.976,12192,12184,12192,12184,12184,12184,500,500,500,480,560,520,3060,560,480,80,12184,24.07,45,0,420,405,N/A,
1786727967.608,2026-08-14T19:19:27,1212.476,12184,12176,12192,12184,12176,12184,500,520,520,500,580,520,3140,580,500,80,12176,23.38,45,6,412,405,N/A,
1786727968.104,2026-08-14T19:19:28,1212.976,12184,12176,12184,12176,12176,12184,580,580,600,560,640,600,3560,640,560,80,12176,28.48,46,33,1290,13801,N/A,
1786727968.604,2026-08-14T19:19:28,1213.477,12184,12176,12184,12176,12176,12176,660,660,680,640,740,700,4080,740,640,100,12176,48.30,47,2,2055,13801,N/A,
1786727969.104,2026-08-14T19:19:29,1213.977,12184,12176,12184,12176,12176,12176,680,700,700,660,760,720,4220,760,660,100,12176,62.91,46,1,1942,13801,N/A,
1786727969.605,2026-08-14T19:19:29,1214.477,12184,12176,12184,12176,12176,12176,680,700,700,660,760,720,4220,760,660,100,12176,57.06,46,1,1785,13801,N/A,
1786727970.105,2026-08-14T19:19:30,1214.977,12184,12176,12184,12176,12176,12176,660,680,680,640,740,700,4100,740,640,100,12176,48.44,46,0,772,7001,N/A,
1786727970.605,2026-08-14T19:19:30,1215.477,12184,12176,12184,12176,12176,12176,640,660,660,620,720,680,3980,720,620,100,12176,39.70,46,1,630,7001,N/A,
1786727971.107,2026-08-14T19:19:31,1215.977,12184,12176,12184,12176,12176,12184,620,640,640,600,700,660,3860,700,600,100,12176,34.32,46,0,480,7001,N/A,
1786727971.607,2026-08-14T19:19:31,1216.477,12184,12176,12184,12176,12176,12184,600,620,620,600,680,640,3760,680,600,80,12176,31.41,46,4,525,810,N/A,
1786727972.108,2026-08-14T19:19:32,1216.977,12184,12176,12184,12176,12176,12184,580,600,600,580,660,620,3640,660,580,80,12176,28.96,46,2,397,810,N/A,
1786727972.610,2026-08-14T19:19:32,1217.477,12184,12176,12184,12176,12176,12184,580,600,580,560,640,600,3560,640,560,80,12176,28.51,45,7,435,810,N/A,
1786727973.110,2026-08-14T19:19:33,1217.977,12184,12176,12184,12184,12176,12184,560,580,580,540,620,580,3460,620,540,80,12176,27.01,45,4,315,405,N/A,
1786727973.611,2026-08-14T19:19:33,1218.477,12184,12176,12184,12184,12176,12184,540,560,560,540,620,580,3400,620,540,80,12176,27.39,46,17,465,405,N/A,
1786727974.111,2026-08-14T19:19:34,1218.977,12192,12176,12192,12184,12184,12184,540,540,540,520,600,540,3280,600,520,80,12176,25.93,45,3,412,405,N/A,
1786727974.612,2026-08-14T19:19:34,1219.477,12192,12176,12192,12184,12184,12184,540,540,540,520,600,540,3280,600,520,80,12176,24.62,45,13,487,405,N/A,
1786727975.111,2026-08-14T19:19:35,1219.978,12192,12184,12192,12184,12184,12184,520,540,520,500,580,540,3200,580,500,80,12184,21.71,45,4,360,405,N/A,
1786727975.610,2026-08-14T19:19:35,1220.478,12192,12184,12192,12184,12184,12184,500,520,520,500,580,540,3160,580,500,80,12184,23.46,45,7,480,405,N/A,
1786727976.111,2026-08-14T19:19:36,1220.978,12192,12184,12192,12184,12184,12184,500,520,520,500,560,520,3120,560,500,60,12184,22.51,45,2,412,405,N/A,
1786727976.610,2026-08-14T19:19:36,1221.478,12192,12184,12192,12184,12184,12184,500,500,500,480,560,520,3060,560,480,80,12184,23.12,45,4,427,405,N/A,
1786727977.111,2026-08-14T19:19:37,1221.978,12192,12184,12192,12184,12184,12184,480,500,500,480,540,500,3000,540,480,60,12184,22.20,45,4,435,405,N/A,
1786727977.608,2026-08-14T19:19:37,1222.478,12192,12184,12192,12184,12184,12184,480,500,500,480,540,520,3020,540,480,60,12184,22.29,45,8,435,405,N/A,
1786727978.107,2026-08-14T19:19:38,1222.978,12192,12184,12192,12184,12184,12184,480,500,500,480,540,520,3020,540,480,60,12184,20.61,45,0,300,405,N/A,
1786727978.610,2026-08-14T19:19:38,1223.478,12192,12184,12192,12184,12184,12184,480,500,500,480,540,520,3020,540,480,60,12184,23.53,45,3,465,405,N/A,
1786727979.111,2026-08-14T19:19:39,1223.978,12192,12184,12192,12184,12184,12184,480,520,500,480,540,520,3040,540,480,60,12184,24.87,45,6,450,405,N/A,
1786727979.612,2026-08-14T19:19:39,1224.478,12192,12184,12192,12184,12184,12184,480,520,500,480,540,520,3040,540,480,60,12184,24.93,45,4,412,405,N/A,
1786727980.113,2026-08-14T19:19:40,1224.978,12192,12184,12192,12184,12184,12184,480,500,500,480,560,500,3020,560,480,80,12184,24.00,45,5,405,405,N/A,
1786727980.609,2026-08-14T19:19:40,1225.478,12192,12184,12192,12184,12184,12184,480,500,500,480,540,500,3000,540,480,60,12184,21.10,45,4,367,405,N/A,
1786727981.112,2026-08-14T19:19:41,1225.978,12192,12184,12192,12184,12184,12184,480,500,500,480,540,500,3000,540,480,60,12184,21.58,45,3,412,405,N/A,
1786727981.610,2026-08-14T19:19:41,1226.478,12192,12184,12192,12184,12184,12184,500,500,500,480,560,500,3040,560,480,80,12184,24.28,45,1,352,405,N/A,
1786727982.112,2026-08-14T19:19:42,1226.979,12192,12184,12192,12184,12184,12184,480,500,500,480,540,500,3000,540,480,60,12184,23.10,45,0,367,405,N/A,
1786727982.610,2026-08-14T19:19:42,1227.479,12192,12184,12192,12184,12184,12184,480,480,480,460,540,500,2940,540,460,80,12184,21.88,45,3,367,405,N/A,
1786727983.113,2026-08-14T19:19:43,1227.979,12192,12184,12192,12184,12184,12184,460,460,460,440,520,480,2820,520,440,80,12184,19.93,45,1,367,405,N/A,
1786727983.610,2026-08-14T19:19:43,1228.479,12192,12184,12192,12184,12184,12184,460,460,460,440,500,460,2780,500,440,60,12184,17.35,45,3,285,405,N/A,
1786727984.112,2026-08-14T19:19:44,1228.979,12192,12184,12192,12184,12184,12184,460,460,460,440,500,460,2780,500,440,60,12184,15.99,45,4,405,405,N/A,
1786727984.613,2026-08-14T19:19:44,1229.479,12192,12184,12192,12184,12184,12184,460,460,440,440,500,460,2760,500,440,60,12184,17.30,45,2,442,405,N/A,
1786727985.112,2026-08-14T19:19:45,1229.979,12192,12184,12192,12184,12184,12184,460,460,440,420,500,460,2740,500,420,80,12184,17.82,45,7,420,405,N/A,
1786727985.610,2026-08-14T19:19:45,1230.479,12192,12184,12192,12184,12184,12184,440,440,440,420,500,460,2700,500,420,80,12184,16.87,45,6,420,405,N/A,
1786727986.112,2026-08-14T19:19:46,1230.979,12192,12184,12192,12184,12184,12192,440,440,440,420,500,460,2700,500,420,80,12184,17.22,45,6,405,405,N/A,
1786727986.613,2026-08-14T19:19:46,1231.479,12192,12184,12192,12184,12184,12192,440,440,440,420,480,440,2660,480,420,60,12184,16.74,45,1,360,405,N/A,
1786727987.113,2026-08-14T19:19:47,1231.979,12192,12184,12192,12184,12184,12184,440,460,440,440,500,460,2740,500,440,60,12184,17.27,45,3,457,405,N/A,
1786727987.613,2026-08-14T19:19:47,1232.479,12192,12184,12192,12184,12184,12184,440,440,440,420,480,440,2660,480,420,60,12184,18.34,45,3,547,405,N/A,
1786727988.112,2026-08-14T19:19:48,1232.979,12192,12184,12192,12184,12184,12184,420,440,420,420,480,440,2620,480,420,60,12184,17.45,45,4,412,405,N/A,
1786727988.613,2026-08-14T19:19:48,1233.479,12192,12184,12192,12184,12184,12184,420,440,420,420,480,440,2620,480,420,60,12184,16.45,45,7,435,405,N/A,
1786727989.112,2026-08-14T19:19:49,1233.980,12192,12184,12192,12184,12184,12184,420,440,420,420,480,440,2620,480,420,60,12184,16.34,44,3,427,405,N/A,
1786727989.613,2026-08-14T19:19:49,1234.480,12192,12184,12192,12184,12184,12184,420,440,420,400,480,440,2600,480,400,80,12184,16.70,44,4,420,405,N/A,
1786727990.113,2026-08-14T19:19:50,1234.980,12192,12184,12192,12184,12184,12192,420,440,420,400,480,440,2600,480,400,80,12184,16.15,44,1,442,405,N/A,
1786727990.612,2026-08-14T19:19:50,1235.480,12192,12184,12192,12184,12184,12192,420,440,420,400,480,440,2600,480,400,80,12184,16.70,44,3,360,405,N/A,
1786727991.112,2026-08-14T19:19:51,1235.980,12192,12184,12192,12184,12184,12184,420,440,420,420,480,440,2620,480,420,60,12184,16.44,44,1,502,405,N/A,
1786727991.611,2026-08-14T19:19:51,1236.480,12192,12184,12192,12184,12184,12184,440,440,440,420,480,440,2660,480,420,60,12184,17.83,44,3,352,405,N/A,
1786727992.114,2026-08-14T19:19:52,1236.980,12192,12184,12192,12184,12184,12184,440,440,440,420,480,440,2660,480,420,60,12184,19.00,44,1,442,405,N/A,
1786727992.611,2026-08-14T19:19:52,1237.480,12192,12184,12192,12184,12184,12184,440,440,440,420,500,460,2700,500,420,80,12184,19.01,45,3,367,405,N/A,
1786727993.113,2026-08-14T19:19:53,1237.980,12192,12184,12192,12184,12184,12184,440,460,440,420,500,460,2720,500,420,80,12184,19.56,44,2,435,405,N/A,
1786727993.611,2026-08-14T19:19:53,1238.480,12192,12184,12192,12184,12184,12192,420,440,440,420,480,460,2660,480,420,60,12184,21.19,44,1,480,405,N/A,
1786727994.114,2026-08-14T19:19:54,1238.980,12192,12184,12192,12184,12184,12192,420,440,440,420,480,460,2660,480,420,60,12184,17.92,44,0,255,405,N/A,
1786727994.612,2026-08-14T19:19:54,1239.480,12192,12184,12192,12184,12184,12184,440,440,440,420,500,460,2700,500,420,80,12184,18.40,44,4,292,405,N/A,
1786727995.113,2026-08-14T19:19:55,1239.980,12192,12184,12192,12184,12184,12192,420,440,440,420,480,460,2660,480,420,60,12184,18.48,44,4,412,405,N/A,
1786727995.611,2026-08-14T19:19:55,1240.480,12192,12184,12192,12184,12184,12192,420,440,440,420,480,460,2660,480,420,60,12184,16.83,44,3,412,405,N/A,
1786727996.114,2026-08-14T19:19:56,1240.981,12192,12184,12192,12184,12184,12192,420,420,420,400,460,440,2560,460,400,60,12184,15.02,44,0,225,405,N/A,
1786727996.612,2026-08-14T19:19:56,1241.481,12192,12184,12192,12184,12184,12192,400,420,400,380,460,420,2480,460,380,80,12184,13.26,44,1,292,405,N/A,
1786727997.111,2026-08-14T19:19:57,1241.981,12192,12184,12192,12184,12184,12192,400,400,400,380,440,420,2440,440,380,60,12184,12.43,44,0,285,405,N/A,
1786727997.611,2026-08-14T19:19:57,1242.481,12192,12184,12192,12184,12184,12192,380,400,400,380,440,420,2420,440,380,60,12184,13.59,44,3,360,405,N/A,
1786727998.114,2026-08-14T19:19:58,1242.981,12192,12184,12192,12184,12184,12192,380,400,380,380,440,400,2380,440,380,60,12184,13.00,44,0,225,405,N/A,
1786727998.612,2026-08-14T19:19:58,1243.481,12192,12184,12192,12184,12184,12192,380,400,380,360,420,400,2340,420,360,60,12184,12.45,44,4,367,405,N/A,
1786727999.118,2026-08-14T19:19:59,1243.981,12192,12184,12192,12184,12184,12192,380,400,380,360,420,400,2340,420,360,60,12184,12.53,44,3,270,405,N/A,
1786727999.612,2026-08-14T19:19:59,1244.481,12192,12184,12192,12184,12184,12192,380,400,380,360,420,400,2340,420,360,60,12184,12.17,44,0,300,405,N/A,
1786728000.115,2026-08-14T19:20:00,1244.981,12192,12184,12192,12184,12184,12192,380,380,380,360,420,400,2320,420,360,60,12184,12.52,44,0,292,405,N/A,
1786728000.612,2026-08-14T19:20:00,1245.481,12192,12184,12192,12184,12184,12192,380,380,380,360,420,400,2320,420,360,60,12184,12.83,44,3,315,405,N/A,
1786728001.114,2026-08-14T19:20:01,1245.981,12192,12184,12192,12184,12184,12192,380,380,380,360,420,400,2320,420,360,60,12184,12.26,44,4,300,405,N/A,
1786728001.613,2026-08-14T19:20:01,1246.481,12192,12184,12192,12184,12184,12192,380,380,360,360,420,380,2280,420,360,60,12184,12.00,44,0,285,405,N/A,
1786728002.115,2026-08-14T19:20:02,1246.981,12192,12184,12192,12184,12184,12192,380,380,360,360,420,380,2280,420,360,60,12184,12.95,44,0,390,405,N/A,
1786728002.612,2026-08-14T19:20:02,1247.482,12192,12184,12192,12184,12184,12192,380,380,360,360,420,400,2300,420,360,60,12184,13.94,44,3,382,405,N/A,
1786728003.115,2026-08-14T19:20:03,1247.982,12192,12184,12192,12184,12184,12192,380,380,360,360,440,380,2300,440,360,80,12184,12.60,44,0,225,405,N/A,
1786728003.617,2026-08-14T19:20:03,1248.482,12192,12184,12192,12184,12184,12192,380,380,360,340,420,380,2260,420,340,80,12184,13.56,44,0,285,405,N/A,
1786728004.113,2026-08-14T19:20:04,1248.982,12192,12184,12192,12184,12184,12192,380,380,360,340,420,380,2260,420,340,80,12184,13.58,44,4,292,405,N/A,
1786728004.615,2026-08-14T19:20:04,1249.482,12192,12184,12192,12184,12184,12192,360,380,360,340,420,380,2240,420,340,80,12184,12.20,44,0,225,405,N/A,
1786728005.115,2026-08-14T19:20:05,1249.982,12192,12184,12192,12184,12184,12192,380,400,380,360,440,400,2360,440,360,80,12184,12.89,44,7,225,405,N/A,
1786728005.616,2026-08-14T19:20:05,1250.482,12192,12184,12192,12184,12184,12192,400,400,400,380,440,420,2440,440,380,60,12184,17.46,44,2,367,405,N/A,
1786728006.115,2026-08-14T19:20:06,1250.982,12192,12184,12192,12184,12184,12192,420,420,400,380,460,420,2500,460,380,80,12184,19.74,44,3,292,405,N/A,
1786728006.614,2026-08-14T19:20:06,1251.482,12192,12184,12192,12184,12184,12192,420,420,420,400,480,420,2560,480,400,80,12184,19.67,44,6,285,405,N/A,
1786728007.116,2026-08-14T19:20:07,1251.982,12192,12184,12192,12184,12184,12184,420,440,440,400,480,440,2620,480,400,80,12184,20.00,44,4,345,405,N/A,
1786728007.612,2026-08-14T19:20:07,1252.482,12192,12184,12192,12184,12184,12192,420,440,440,400,480,440,2620,480,400,80,12184,19.80,44,1,405,405,N/A,
1786728008.115,2026-08-14T19:20:08,1252.982,12192,12184,12192,12184,12184,12184,440,440,440,420,500,460,2700,500,420,80,12184,20.60,44,3,352,405,N/A,
1786728008.614,2026-08-14T19:20:08,1253.482,12192,12184,12192,12184,12184,12192,420,420,420,400,480,440,2580,480,400,80,12184,19.30,43,0,525,405,N/A,
1786728009.115,2026-08-14T19:20:09,1253.982,12192,12184,12192,12184,12184,12192,420,420,420,400,480,440,2580,480,400,80,12184,17.15,43,4,285,405,N/A,
1786728009.613,2026-08-14T19:20:09,1254.483,12192,12184,12192,12184,12184,12192,420,420,420,400,460,440,2560,460,400,60,12184,12.94,43,0,285,405,N/A,
1786728010.114,2026-08-14T19:20:10,1254.983,12192,12184,12192,12184,12184,12192,400,400,400,380,440,420,2440,440,380,60,12184,13.72,43,0,225,405,N/A,
1786728010.614,2026-08-14T19:20:10,1255.483,12192,12184,12192,12184,12184,12192,400,400,400,380,440,420,2440,440,380,60,12184,12.55,43,0,225,405,N/A,
1786728011.116,2026-08-14T19:20:11,1255.983,12192,12184,12192,12184,12184,12192,380,380,380,360,420,400,2320,420,360,60,12184,12.74,43,0,300,405,N/A,
1786728011.614,2026-08-14T19:20:11,1256.483,12192,12184,12192,12184,12184,12192,380,380,380,360,420,400,2320,420,360,60,12184,12.14,43,0,292,405,N/A,
1786728012.116,2026-08-14T19:20:12,1256.983,12192,12184,12192,12184,12184,12192,380,380,380,360,420,400,2320,420,360,60,12184,12.23,43,0,292,405,N/A,
1786728012.612,2026-08-14T19:20:12,1257.483,12192,12184,12192,12184,12184,12192,380,380,380,360,420,400,2320,420,360,60,12184,13.69,43,3,315,405,N/A,
1786728013.114,2026-08-14T19:20:13,1257.983,12192,12184,12192,12184,12184,12192,380,380,360,360,420,380,2280,420,360,60,12184,13.22,43,0,225,405,N/A,
1786728013.614,2026-08-14T19:20:13,1258.483,12192,12184,12192,12184,12184,12192,380,380,360,360,420,380,2280,420,360,60,12184,10.90,43,0,217,405,N/A,
1786728014.115,2026-08-14T19:20:14,1258.983,12192,12184,12192,12184,12184,12192,360,380,360,360,420,380,2260,420,360,60,12184,12.53,43,0,232,405,N/A,
1786728014.614,2026-08-14T19:20:14,1259.483,12192,12184,12192,12184,12184,12192,360,380,360,360,420,380,2260,420,360,60,12184,12.56,43,0,300,405,N/A,
1786728015.116,2026-08-14T19:20:15,1259.983,12192,12184,12192,12184,12184,12192,360,380,380,360,420,380,2280,420,360,60,12184,12.10,43,0,300,405,N/A,
1786728015.613,2026-08-14T19:20:15,1260.483,12192,12184,12192,12184,12184,12192,360,380,360,360,420,380,2260,420,360,60,12184,12.34,43,3,225,405,N/A,
1786728016.113,2026-08-14T19:20:16,1260.983,12192,12184,12192,12184,12184,12192,360,380,360,340,420,380,2240,420,340,80,12184,11.98,43,0,225,405,N/A,
1786728016.615,2026-08-14T19:20:16,1261.484,12192,12184,12192,12184,12184,12192,360,380,360,340,420,380,2240,420,340,80,12184,11.19,43,0,225,405,N/A,
1786728017.117,2026-08-14T19:20:17,1261.984,12192,12184,12192,12184,12184,12192,360,380,360,340,400,380,2220,400,340,60,12184,12.55,43,0,232,405,N/A,
1786728017.615,2026-08-14T19:20:17,1262.484,12192,12184,12192,12184,12184,12192,360,380,360,340,420,380,2240,420,340,80,12184,12.97,43,0,307,405,N/A,
1786728018.117,2026-08-14T19:20:18,1262.984,12192,12184,12192,12184,12184,12192,360,360,360,340,400,380,2200,400,340,60,12184,12.33,43,0,292,405,N/A,
1786728018.613,2026-08-14T19:20:18,1263.484,12192,12184,12192,12184,12184,12192,360,360,360,340,400,380,2200,400,340,60,12184,12.49,43,4,225,405,N/A,
1786728019.114,2026-08-14T19:20:19,1263.984,12192,12184,12192,12192,12184,12192,360,360,360,340,400,380,2200,400,340,60,12184,11.73,43,0,225,405,N/A,
1786728019.615,2026-08-14T19:20:19,1264.484,12192,12184,12192,12192,12184,12192,360,360,360,340,400,380,2200,400,340,60,12184,11.78,43,0,225,405,N/A,
1786728020.115,2026-08-14T19:20:20,1264.984,12192,12184,12192,12192,12184,12192,360,360,360,340,400,380,2200,400,340,60,12184,12.99,43,0,232,405,N/A,
1786728020.618,2026-08-14T19:20:20,1265.484,12192,12184,12192,12184,12184,12192,380,400,380,360,440,400,2360,440,360,80,12184,15.69,43,0,442,405,N/A,
1786728021.117,2026-08-14T19:20:21,1265.984,12192,12184,12192,12184,12184,12192,380,400,400,380,440,400,2400,440,380,60,12184,17.41,43,5,232,405,N/A,
1786728021.614,2026-08-14T19:20:21,1266.484,12192,12184,12192,12184,12184,12192,380,400,400,380,440,400,2400,440,380,60,12184,16.60,43,0,367,405,N/A,
1786728022.117,2026-08-14T19:20:22,1266.984,12192,12184,12192,12184,12184,12192,380,400,400,380,440,400,2400,440,380,60,12184,15.84,43,0,232,405,N/A,
1786728022.617,2026-08-14T19:20:22,1267.484,12192,12184,12192,12184,12184,12192,400,400,400,380,440,420,2440,440,380,60,12184,14.92,43,3,367,405,N/A,
1786728023.118,2026-08-14T19:20:23,1267.985,12192,12184,12192,12184,12184,12192,380,400,400,380,440,400,2400,440,380,60,12184,17.34,43,4,420,405,N/A,
1786728023.616,2026-08-14T19:20:23,1268.485,12192,12184,12192,12184,12184,12192,380,400,400,380,440,400,2400,440,380,60,12184,16.81,43,0,285,405,N/A,
1786728024.115,2026-08-14T19:20:24,1268.985,12192,12184,12192,12184,12184,12192,380,400,380,380,440,400,2380,440,380,60,12184,12.81,43,4,270,405,N/A,
1786728024.616,2026-08-14T19:20:24,1269.485,12192,12184,12192,12184,12184,12192,380,400,400,380,440,400,2400,440,380,60,12184,12.20,43,0,225,405,N/A,
1786728025.116,2026-08-14T19:20:25,1269.985,12192,12184,12192,12184,12184,12192,400,420,400,380,440,420,2460,440,380,60,12184,16.24,43,0,412,405,N/A,
1786728025.618,2026-08-14T19:20:25,1270.485,12192,12184,12192,12184,12184,12192,400,420,400,400,440,420,2480,440,400,40,12184,19.51,43,8,465,405,N/A,
1786728026.118,2026-08-14T19:20:26,1270.985,12192,12184,12192,12184,12184,12192,400,420,400,400,460,420,2500,460,400,60,12184,16.95,43,3,517,405,N/A,
1786728026.618,2026-08-14T19:20:26,1271.485,12192,12184,12192,12184,12184,12192,400,420,400,380,440,420,2460,440,380,60,12184,14.77,43,4,225,405,N/A,
1786728027.118,2026-08-14T19:20:27,1271.985,12192,12184,12192,12184,12184,12192,420,420,400,400,460,420,2520,460,400,60,12184,15.16,43,4,405,405,N/A,
1786728027.618,2026-08-14T19:20:27,1272.485,12192,12184,12192,12184,12184,12192,420,420,420,400,460,420,2540,460,400,60,12184,16.92,43,0,472,405,N/A,
1786728028.118,2026-08-14T19:20:28,1272.985,12192,12184,12192,12184,12184,12192,420,420,420,400,460,420,2540,460,400,60,12184,17.01,43,4,397,405,N/A,
1786728028.621,2026-08-14T19:20:28,1273.485,12192,12184,12192,12184,12184,12192,420,420,420,400,460,420,2540,460,400,60,12184,15.32,43,0,405,405,N/A,
1786728029.118,2026-08-14T19:20:29,1273.985,12192,12184,12192,12184,12184,12192,420,420,420,400,460,420,2540,460,400,60,12184,15.72,43,1,345,405,N/A,
1786728029.616,2026-08-14T19:20:29,1274.485,12192,12184,12192,12184,12184,12192,400,420,400,400,460,420,2500,460,400,60,12184,15.87,43,0,390,405,N/A,
1786728030.118,2026-08-14T19:20:30,1274.986,12192,12184,12192,12184,12184,12192,400,420,400,400,460,420,2500,460,400,60,12184,15.64,43,3,300,405,N/A,
1786728030.619,2026-08-14T19:20:30,1275.486,12192,12184,12192,12184,12184,12192,400,400,400,380,440,420,2440,440,380,60,12184,12.65,43,4,300,405,N/A,
1786728031.117,2026-08-14T19:20:31,1275.986,12192,12184,12192,12184,12184,12192,400,400,380,380,440,400,2400,440,380,60,12184,11.73,43,0,225,405,N/A,
1786728031.617,2026-08-14T19:20:31,1276.486,12192,12184,12192,12184,12184,12192,380,380,380,360,420,400,2320,420,360,60,12184,11.51,43,0,225,405,N/A,
1786728032.118,2026-08-14T19:20:32,1276.986,12192,12184,12192,12184,12184,12192,380,380,360,360,420,380,2280,420,360,60,12184,10.24,43,0,225,405,N/A,
1786728032.617,2026-08-14T19:20:32,1277.486,12192,12184,12192,12184,12184,12192,360,380,360,360,400,380,2240,400,360,40,12184,10.41,43,0,315,405,N/A,
1786728033.119,2026-08-14T19:20:33,1277.986,12192,12184,12192,12184,12184,12192,380,380,360,360,400,380,2260,400,360,40,12184,10.86,43,0,285,405,N/A,
1786728033.618,2026-08-14T19:20:33,1278.486,12192,12184,12192,12184,12184,12192,380,380,360,360,400,380,2260,400,360,40,12184,11.08,43,4,330,405,N/A,
1786728034.117,2026-08-14T19:20:34,1278.986,12192,12184,12192,12184,12184,12192,380,360,360,340,400,380,2220,400,340,60,12184,11.49,43,0,247,405,N/A,
1786728034.617,2026-08-14T19:20:34,1279.486,12192,12184,12192,12192,12184,12192,360,360,360,340,400,380,2200,400,340,60,12184,10.06,43,0,225,405,N/A,
1786728035.116,2026-08-14T19:20:35,1279.986,12192,12184,12192,12192,12184,12192,360,360,360,340,400,380,2200,400,340,60,12184,9.84,43,0,225,405,N/A,
1786728035.617,2026-08-14T19:20:35,1280.486,12192,12184,12192,12192,12184,12192,360,360,360,340,400,360,2180,400,340,60,12184,10.61,43,0,300,405,N/A,
1786728036.119,2026-08-14T19:20:36,1280.986,12192,12184,12192,12192,12184,12192,360,360,340,340,400,360,2160,400,340,60,12184,10.61,43,0,292,405,N/A,
1786728036.617,2026-08-14T19:20:36,1281.487,12192,12184,12192,12184,12184,12192,360,360,360,340,400,380,2200,400,340,60,12184,10.89,43,4,300,405,N/A,
1786728037.120,2026-08-14T19:20:37,1281.987,12192,12184,12192,12184,12184,12192,400,400,380,380,420,400,2380,420,380,40,12184,10.66,43,0,225,405,N/A,
1786728037.620,2026-08-14T19:20:37,1282.487,12192,12184,12192,12184,12184,12192,460,460,460,440,500,460,2780,500,440,60,12184,21.75,43,12,727,405,N/A,
1786728038.118,2026-08-14T19:20:38,1282.987,12192,12184,12192,12184,12184,12184,480,480,480,460,520,480,2900,520,460,60,12184,33.76,43,12,810,405,N/A,
1786728038.616,2026-08-14T19:20:38,1283.487,12192,12184,12192,12184,12184,12184,480,480,480,460,520,480,2900,520,460,60,12184,30.08,43,0,480,405,N/A,
1786728039.117,2026-08-14T19:20:39,1283.987,12192,12184,12192,12184,12184,12184,460,460,460,440,520,480,2820,520,440,80,12184,21.16,43,0,345,405,N/A,
1786728039.618,2026-08-14T19:20:39,1284.487,12192,12184,12192,12184,12184,12184,440,460,440,420,500,480,2740,500,420,80,12184,15.21,43,1,375,405,N/A,
1786728040.120,2026-08-14T19:20:40,1284.987,12192,12184,12192,12184,12184,12192,420,440,420,400,480,440,2600,480,400,80,12184,12.60,43,3,277,405,N/A,
1786728040.618,2026-08-14T19:20:40,1285.487,12192,12184,12192,12184,12184,12192,420,420,420,400,460,440,2560,460,400,60,12184,10.90,43,4,225,405,N/A,
1786728041.123,2026-08-14T19:20:41,1285.987,12192,12184,12192,12184,12184,12192,420,420,420,400,460,440,2560,460,400,60,12184,13.34,43,4,442,405,N/A,
1786728041.618,2026-08-14T19:20:41,1286.487,12192,12184,12192,12184,12184,12192,420,420,420,400,460,440,2560,460,400,60,12184,15.66,43,6,382,405,N/A,
1786728042.120,2026-08-14T19:20:42,1286.987,12192,12184,12192,12184,12184,12192,400,420,400,380,460,420,2480,460,380,80,12184,15.40,43,1,360,405,N/A,
1786728042.621,2026-08-14T19:20:42,1287.487,12192,12184,12192,12184,12184,12192,400,400,400,380,440,420,2440,440,380,60,12184,13.35,43,0,292,405,N/A,
1786728043.121,2026-08-14T19:20:43,1287.987,12192,12184,12192,12184,12184,12192,400,400,400,380,440,420,2440,440,380,60,12184,12.57,43,4,367,405,N/A,
1786728043.620,2026-08-14T19:20:43,1288.487,12192,12184,12192,12184,12184,12192,400,420,400,380,440,420,2460,440,380,60,12184,13.86,43,1,397,405,N/A,
1786728044.121,2026-08-14T19:20:44,1288.988,12192,12184,12192,12184,12184,12192,400,400,400,380,440,420,2440,440,380,60,12184,14.51,43,3,390,405,N/A,
1786728044.618,2026-08-14T19:20:44,1289.488,12192,12184,12192,12184,12184,12192,400,400,400,380,440,420,2440,440,380,60,12184,14.05,43,0,382,405,N/A,
1786728045.121,2026-08-14T19:20:45,1289.988,12192,12184,12192,12184,12184,12192,380,400,400,380,440,420,2420,440,380,60,12184,13.41,43,8,225,405,N/A,
1786728045.618,2026-08-14T19:20:45,1290.488,12192,12184,12192,12184,12184,12192,400,400,400,380,440,420,2440,440,380,60,12184,13.03,43,3,375,405,N/A,
1786728046.120,2026-08-14T19:20:46,1290.988,12192,12184,12192,12184,12184,12192,400,400,400,380,440,420,2440,440,380,60,12184,15.56,43,6,345,405,N/A,
1786728046.621,2026-08-14T19:20:46,1291.488,12192,12184,12192,12184,12184,12192,380,400,400,380,440,400,2400,440,380,60,12184,14.48,43,1,412,405,N/A,
1786728047.121,2026-08-14T19:20:47,1291.988,12192,12184,12192,12184,12184,12192,400,400,400,380,440,400,2420,440,380,60,12184,14.07,43,11,292,405,N/A,
1786728047.619,2026-08-14T19:20:47,1292.488,12192,12184,12192,12184,12184,12192,400,400,400,380,440,420,2440,440,380,60,12184,14.67,43,3,397,405,N/A,
1786728048.121,2026-08-14T19:20:48,1292.988,12192,12184,12192,12184,12184,12192,400,400,400,380,440,420,2440,440,380,60,12184,15.57,43,5,382,405,N/A,
1786728048.619,2026-08-14T19:20:48,1293.488,12192,12184,12192,12184,12184,12192,400,420,400,380,440,420,2460,440,380,60,12184,15.06,43,0,315,405,N/A,
1786728049.121,2026-08-14T19:20:49,1293.988,12192,12184,12192,12184,12184,12192,380,400,380,380,440,400,2380,440,380,60,12184,13.68,43,4,225,405,N/A,
1786728049.619,2026-08-14T19:20:49,1294.488,12192,12184,12192,12184,12184,12192,380,400,380,380,440,400,2380,440,380,60,12184,12.13,43,6,352,405,N/A,
1786728050.122,2026-08-14T19:20:50,1294.988,12192,12184,12192,12184,12184,12192,380,400,380,380,440,400,2380,440,380,60,12184,12.72,43,1,307,405,N/A,
1786728050.621,2026-08-14T19:20:50,1295.488,12192,12184,12192,12184,12184,12192,400,400,400,380,440,420,2440,440,380,60,12184,15.34,43,3,285,405,N/A,
1786728051.122,2026-08-14T19:20:51,1295.989,12192,12184,12192,12184,12184,12192,400,420,400,400,440,420,2480,440,400,40,12184,16.55,43,3,397,405,N/A,
1786728051.619,2026-08-14T19:20:51,1296.489,12192,12184,12192,12184,12184,12192,400,420,400,400,440,440,2500,440,400,40,12184,16.44,43,3,420,405,N/A,
1786728052.122,2026-08-14T19:20:52,1296.989,12192,12184,12192,12184,12184,12192,420,420,420,400,460,440,2560,460,400,60,12184,16.24,43,4,472,405,N/A,
1786728052.622,2026-08-14T19:20:52,1297.489,12192,12184,12192,12184,12184,12192,420,420,420,400,460,440,2560,460,400,60,12184,16.93,43,4,517,405,N/A,
1786728053.122,2026-08-14T19:20:53,1297.989,12192,12184,12192,12184,12184,12192,420,420,420,400,460,440,2560,460,400,60,12184,17.66,43,4,360,405,N/A,
1786728053.620,2026-08-14T19:20:53,1298.489,12192,12184,12192,12184,12184,12192,420,440,420,400,480,440,2600,480,400,80,12184,16.58,43,3,375,405,N/A,
1786728054.122,2026-08-14T19:20:54,1298.989,12192,12184,12192,12184,12184,12192,440,440,420,420,480,460,2660,480,420,60,12184,18.39,44,9,480,405,N/A,
1786728054.620,2026-08-14T19:20:54,1299.489,12192,12184,12192,12184,12184,12192,440,460,420,420,500,460,2700,500,420,80,12184,19.10,43,3,502,405,N/A,
1786728055.123,2026-08-14T19:20:55,1299.989,12192,12184,12192,12184,12184,12192,440,460,420,420,480,460,2680,480,420,60,12184,18.74,43,6,420,405,N/A,
1786728055.620,2026-08-14T19:20:55,1300.489,12192,12184,12192,12184,12184,12192,440,460,440,440,500,460,2740,500,440,60,12184,18.25,43,8,562,405,N/A,
1786728056.117,2026-08-14T19:20:56,1300.989,12192,12184,12192,12184,12184,12184,520,560,540,520,600,540,3280,600,520,80,12184,31.30,44,40,1095,405,N/A,
1786728056.617,2026-08-14T19:20:56,1301.489,12192,12176,12192,12184,12176,12184,540,580,560,540,620,580,3420,620,540,80,12176,42.58,44,1,1492,7001,N/A,
1786728057.118,2026-08-14T19:20:57,1301.989,12192,12176,12192,12184,12184,12184,560,580,560,540,620,580,3440,620,540,80,12176,43.49,44,1,1132,7001,N/A,
1786728057.620,2026-08-14T19:20:57,1302.490,12192,12176,12192,12184,12184,12184,560,580,560,540,620,580,3440,620,540,80,12176,34.44,43,3,922,810,N/A,
1786728058.120,2026-08-14T19:20:58,1302.990,12192,12176,12192,12184,12184,12184,560,580,560,540,620,580,3440,620,540,80,12176,30.14,43,3,802,810,N/A,
1786728058.620,2026-08-14T19:20:58,1303.490,12192,12176,12192,12184,12184,12184,560,560,560,540,620,580,3420,620,540,80,12176,28.58,43,4,735,810,N/A,
1786728059.123,2026-08-14T19:20:59,1303.990,12192,12176,12192,12184,12184,12184,560,560,560,540,620,580,3420,620,540,80,12176,28.31,43,2,637,810,N/A,
1786728059.623,2026-08-14T19:20:59,1304.490,12192,12176,12192,12184,12176,12184,560,560,560,540,620,560,3400,620,540,80,12176,27.38,43,4,607,405,N/A,
1786728060.120,2026-08-14T19:21:00,1304.990,12192,12176,12192,12184,12184,12184,540,560,540,540,600,560,3340,600,540,60,12176,27.65,44,5,487,405,N/A,
1786728060.623,2026-08-14T19:21:00,1305.490,12192,12176,12192,12184,12184,12184,540,560,540,520,600,560,3320,600,520,80,12176,27.10,44,8,487,405,N/A,
1786728061.124,2026-08-14T19:21:01,1305.990,12192,12176,12184,12184,12184,12184,560,580,560,540,620,580,3440,620,540,80,12176,26.35,44,9,525,405,N/A,
1786728061.625,2026-08-14T19:21:01,1306.490,12192,12176,12192,12184,12184,12184,560,580,560,540,620,600,3460,620,540,80,12176,31.30,44,8,735,405,N/A,
1786728062.124,2026-08-14T19:21:02,1306.990,12192,12176,12192,12184,12176,12184,560,580,560,540,620,580,3440,620,540,80,12176,31.70,44,6,562,405,N/A,
1786728062.622,2026-08-14T19:21:02,1307.490,12192,12176,12192,12184,12184,12184,560,580,560,540,620,580,3440,620,540,80,12176,27.24,44,6,577,405,N/A,
1786728063.122,2026-08-14T19:21:03,1307.990,12192,12176,12192,12184,12184,12184,560,580,560,540,620,580,3440,620,540,80,12176,28.87,44,5,585,405,N/A,
1786728063.621,2026-08-14T19:21:03,1308.490,12192,12176,12192,12184,12184,12184,560,560,560,540,600,580,3400,600,540,60,12176,28.25,43,8,495,405,N/A,
1786728064.126,2026-08-14T19:21:04,1308.990,12192,12176,12192,12184,12184,12184,540,560,560,540,600,580,3380,600,540,60,12176,27.42,43,6,502,405,N/A,
1786728064.621,2026-08-14T19:21:04,1309.491,12192,12184,12192,12184,12184,12184,540,560,560,540,600,580,3380,600,540,60,12184,26.93,43,7,405,405,N/A,
1786728065.127,2026-08-14T19:21:05,1309.991,12192,12184,12192,12184,12184,12184,540,540,540,520,600,560,3300,600,520,80,12184,24.87,43,7,525,405,N/A,
1786728065.622,2026-08-14T19:21:05,1310.491,12192,12184,12192,12184,12184,12184,520,540,540,520,580,560,3260,580,520,60,12184,24.31,43,8,487,405,N/A,
1786728066.124,2026-08-14T19:21:06,1310.991,12192,12184,12192,12184,12184,12184,520,520,520,520,580,540,3200,580,520,60,12184,22.91,44,5,427,405,N/A,
1786728066.622,2026-08-14T19:21:06,1311.491,12192,12184,12192,12184,12184,12184,500,520,520,500,560,520,3120,560,500,60,12184,21.02,43,4,435,405,N/A,
1786728067.122,2026-08-14T19:21:07,1311.991,12192,12184,12192,12184,12184,12184,500,500,500,480,560,520,3060,560,480,80,12184,20.27,43,4,510,405,N/A,
1786728067.622,2026-08-14T19:21:07,1312.491,12192,12184,12192,12184,12184,12184,480,500,500,480,540,500,3000,540,480,60,12184,20.95,43,3,472,405,N/A,
1786728068.124,2026-08-14T19:21:08,1312.991,12192,12184,12192,12184,12184,12184,480,500,500,480,540,500,3000,540,480,60,12184,19.41,43,3,405,405,N/A,
1786728068.620,2026-08-14T19:21:08,1313.491,12192,12184,12192,12184,12184,12184,480,500,480,460,540,500,2960,540,460,80,12184,17.34,43,0,367,405,N/A,
1786728069.124,2026-08-14T19:21:09,1313.991,12192,12184,12192,12184,12184,12184,480,500,480,460,540,500,2960,540,460,80,12184,20.85,44,6,405,405,N/A,
1786728069.622,2026-08-14T19:21:09,1314.491,12192,12184,12192,12184,12184,12184,480,480,480,460,540,500,2940,540,460,80,12184,20.72,43,3,427,405,N/A,
1786728070.126,2026-08-14T19:21:10,1314.991,12192,12184,12192,12184,12184,12184,460,480,480,460,520,500,2900,520,460,60,12184,20.36,44,3,375,405,N/A,
1786728070.632,2026-08-14T19:21:10,1315.491,12192,12184,12192,12184,12184,12184,460,480,480,460,520,500,2900,520,460,60,12184,20.75,44,8,495,405,N/A,
1786728071.124,2026-08-14T19:21:11,1315.991,12192,12184,12192,12184,12184,12184,460,480,460,440,520,480,2840,520,440,80,12184,17.95,43,3,360,405,N/A,
1786728071.625,2026-08-14T19:21:11,1316.491,12192,12184,12192,12184,12184,12184,460,460,460,440,520,480,2820,520,440,80,12184,17.18,43,7,390,405,N/A,
1786728072.124,2026-08-14T19:21:12,1316.992,12192,12184,12192,12184,12184,12192,440,460,460,440,500,460,2760,500,440,60,12184,17.26,43,1,412,405,N/A,
1786728072.625,2026-08-14T19:21:12,1317.492,12192,12184,12192,12184,12184,12192,440,440,440,440,500,460,2720,500,440,60,12184,17.50,44,7,525,405,N/A,
1786728073.125,2026-08-14T19:21:13,1317.992,12192,12184,12192,12184,12184,12192,440,440,440,440,500,460,2720,500,440,60,12184,15.38,43,0,352,405,N/A,
1786728073.625,2026-08-14T19:21:13,1318.492,12192,12184,12192,12184,12184,12192,440,460,440,440,480,460,2720,480,440,40,12184,16.87,43,8,472,405,N/A,
1786728074.124,2026-08-14T19:21:14,1318.992,12192,12184,12192,12184,12184,12192,440,440,440,440,480,460,2700,480,440,40,12184,16.88,43,2,375,405,N/A,
1786728074.620,2026-08-14T19:21:14,1319.492,12192,12184,12192,12184,12184,12192,420,440,440,420,480,460,2660,480,420,60,12184,16.06,44,4,450,405,N/A,
1786728075.122,2026-08-14T19:21:15,1319.992,12192,12184,12192,12184,12184,12184,500,520,520,500,560,540,3140,560,500,60,12184,29.50,44,1,1500,810,N/A,
1786728075.623,2026-08-14T19:21:15,1320.492,12192,12176,12192,12184,12184,12184,540,560,560,540,600,560,3360,600,540,60,12176,39.69,44,2,1530,810,N/A,
1786728076.122,2026-08-14T19:21:16,1320.992,12184,12176,12184,12184,12176,12184,560,580,580,560,640,600,3520,640,560,80,12176,38.14,44,4,1305,810,N/A,
1786728076.627,2026-08-14T19:21:16,1321.492,12184,12176,12184,12176,12176,12184,580,580,600,560,640,600,3560,640,560,80,12176,38.24,44,12,1125,810,N/A,
1786728077.125,2026-08-14T19:21:17,1321.992,12184,12176,12184,12176,12176,12184,620,620,640,600,680,640,3800,680,600,80,12176,36.84,44,13,832,405,N/A,
1786728077.622,2026-08-14T19:21:17,1322.492,12184,12176,12184,12176,12176,12184,620,620,640,600,680,640,3800,680,600,80,12176,41.01,45,39,1222,405,N/A,
1786728078.122,2026-08-14T19:21:18,1322.992,12184,12176,12184,12176,12176,12176,680,680,680,660,740,700,4140,740,660,80,12176,48.12,44,3,1620,810,N/A,
1786728078.622,2026-08-14T19:21:18,1323.492,12184,12176,12184,12176,12176,12176,680,700,700,680,760,700,4220,760,680,80,12176,48.60,44,3,1492,810,N/A,
1786728079.122,2026-08-14T19:21:19,1323.993,12184,12176,12184,12176,12176,12176,720,740,740,720,800,740,4460,800,720,80,12176,48.42,44,5,1560,810,N/A,
1786728079.623,2026-08-14T19:21:19,1324.493,12184,12176,12184,12176,12176,12176,720,740,760,720,820,760,4520,820,720,100,12176,48.17,45,7,1230,810,N/A,
1786728080.122,2026-08-14T19:21:20,1324.993,12184,12168,12176,12176,12168,12176,780,800,800,760,860,800,4800,860,760,100,12168,51.62,45,13,1882,810,N/A,
1786728080.623,2026-08-14T19:21:20,1325.493,12184,12176,12184,12176,12176,12176,700,720,720,700,780,740,4360,780,700,80,12176,43.84,44,11,1237,810,N/A,
1786728081.124,2026-08-14T19:21:21,1325.993,12184,12176,12184,12176,12176,12176,660,680,660,640,720,700,4060,720,640,80,12176,25.18,44,1,990,405,N/A,
1786728081.623,2026-08-14T19:21:21,1326.493,12184,12176,12184,12176,12176,12176,640,660,640,620,700,680,3940,700,620,80,12176,27.49,44,6,1140,405,N/A,
1786728082.122,2026-08-14T19:21:22,1326.993,12184,12176,12184,12176,12176,12184,580,600,580,560,640,620,3580,640,560,80,12176,26.40,44,0,675,405,N/A,
1786728082.623,2026-08-14T19:21:22,1327.493,12184,12176,12184,12176,12176,12184,580,600,580,560,640,620,3580,640,560,80,12176,18.69,44,0,465,405,N/A,
1786728083.122,2026-08-14T19:21:23,1327.993,12184,12176,12184,12176,12176,12184,540,540,540,500,580,560,3260,580,500,80,12176,12.05,43,0,367,405,N/A,
1786728083.623,2026-08-14T19:21:23,1328.493,12192,12176,12192,12184,12184,12184,500,500,480,480,540,520,3020,540,480,60,12176,11.18,44,2,277,405,N/A,
1786728084.129,2026-08-14T19:21:24,1328.993,12192,12184,12192,12184,12184,12184,480,480,480,460,540,500,2940,540,460,80,12184,14.08,44,9,502,405,N/A,
1786728084.627,2026-08-14T19:21:24,1329.493,12192,12184,12192,12184,12184,12184,460,460,460,440,500,480,2800,500,440,60,12184,15.20,44,3,225,405,N/A,
1786728085.127,2026-08-14T19:21:25,1329.993,12192,12184,12192,12184,12184,12184,440,440,440,420,480,460,2680,480,420,60,12184,13.65,44,1,225,405,N/A,
1786728085.624,2026-08-14T19:21:25,1330.494,12192,12184,12192,12184,12184,12184,440,440,420,420,480,460,2660,480,420,60,12184,13.77,44,1,487,405,N/A,
1786728086.127,2026-08-14T19:21:26,1330.994,12192,12184,12192,12184,12184,12192,420,420,400,400,460,440,2540,460,400,60,12184,14.62,44,4,352,405,N/A,
1786728086.625,2026-08-14T19:21:26,1331.494,12192,12184,12192,12184,12184,12192,420,420,400,400,460,440,2540,460,400,60,12184,13.47,44,0,360,405,N/A,
1786728087.127,2026-08-14T19:21:27,1331.994,12192,12184,12192,12184,12184,12192,400,420,400,380,440,420,2460,440,380,60,12184,12.86,44,2,285,405,N/A,
1786728087.623,2026-08-14T19:21:27,1332.494,12192,12184,12192,12184,12184,12192,400,420,400,380,440,420,2460,440,380,60,12184,13.02,44,2,285,405,N/A,
1786728088.124,2026-08-14T19:21:28,1332.994,12192,12184,12192,12184,12184,12192,400,400,400,380,440,420,2440,440,380,60,12184,12.86,43,0,315,405,N/A,
1786728088.625,2026-08-14T19:21:28,1333.494,12192,12184,12192,12184,12184,12192,380,400,400,380,440,400,2400,440,380,60,12184,11.83,43,0,247,405,N/A,
1786728089.125,2026-08-14T19:21:29,1333.994,12192,12184,12192,12184,12184,12192,380,380,380,360,440,400,2340,440,360,80,12184,11.51,44,0,330,405,N/A,
1786728089.628,2026-08-14T19:21:29,1334.494,12192,12184,12192,12184,12184,12192,380,380,380,360,420,400,2320,420,360,60,12184,11.10,43,1,225,405,N/A,
1786728090.127,2026-08-14T19:21:30,1334.994,12192,12184,12192,12184,12184,12192,380,380,380,360,420,400,2320,420,360,60,12184,10.59,44,5,225,405,N/A,
1786728090.623,2026-08-14T19:21:30,1335.494,12192,12184,12192,12184,12184,12192,420,440,420,400,480,440,2600,480,400,80,12184,17.82,45,29,225,405,N/A,
1786728091.124,2026-08-14T19:21:31,1335.994,12184,12176,12192,12184,12184,12184,500,520,520,480,580,540,3140,580,480,100,12176,32.17,44,15,1402,810,N/A,
1786728091.624,2026-08-14T19:21:31,1336.494,12184,12176,12184,12176,12176,12184,580,580,560,540,640,600,3500,640,540,100,12176,45.18,45,14,1342,810,N/A,
1786728092.124,2026-08-14T19:21:32,1336.994,12184,12176,12184,12176,12176,12176,620,640,620,580,700,640,3800,700,580,120,12176,45.43,45,3,1297,405,N/A,
1786728092.629,2026-08-14T19:21:32,1337.494,12184,12176,12184,12176,12176,12176,620,640,620,580,700,640,3800,700,580,120,12176,45.81,44,3,1275,810,N/A,
1786728093.124,2026-08-14T19:21:33,1337.995,12184,12176,12184,12176,12176,12176,620,640,620,580,700,640,3800,700,580,120,12176,39.88,44,11,720,405,N/A,
1786728093.623,2026-08-14T19:21:33,1338.495,12184,12176,12184,12176,12176,12176,580,600,580,540,640,600,3540,640,540,100,12176,25.65,44,0,592,405,N/A,
1786728094.131,2026-08-14T19:21:34,1338.995,12184,12176,12184,12176,12176,12184,520,540,520,500,600,560,3240,600,500,100,12176,14.52,44,0,442,405,N/A,
1786728094.624,2026-08-14T19:21:34,1339.495,12184,12176,12184,12176,12176,12184,580,600,600,560,660,620,3620,660,560,100,12176,24.50,45,24,795,810,N/A,
1786728095.126,2026-08-14T19:21:35,1339.995,12184,12176,12184,12176,12176,12184,580,600,580,560,640,600,3560,640,560,80,12176,33.77,44,0,1425,810,N/A,
1786728095.624,2026-08-14T19:21:35,1340.495,12184,12176,12184,12176,12176,12184,640,660,640,620,720,660,3940,720,620,100,12176,42.29,45,11,1642,810,N/A,
1786728096.124,2026-08-14T19:21:36,1340.995,12184,12176,12184,12176,12176,12184,620,640,640,600,700,660,3860,700,600,100,12176,42.20,44,2,1395,810,N/A,
1786728096.637,2026-08-14T19:21:36,1341.495,12184,12176,12184,12176,12176,12184,600,600,600,580,660,620,3660,660,580,80,12176,32.73,44,0,825,405,N/A,
1786728097.123,2026-08-14T19:21:37,1341.995,12184,12168,12184,12176,12176,12176,760,780,780,740,840,780,4680,840,740,100,12168,34.22,46,58,945,13801,N/A,
1786728097.623,2026-08-14T19:21:37,1342.495,12184,12168,12184,12176,12176,12176,760,780,780,740,840,780,4680,840,740,100,12168,63.60,46,0,2947,13801,N/A,
1786728098.123,2026-08-14T19:21:38,1342.995,12176,12168,12176,12168,12168,12176,880,880,900,860,980,900,5400,980,860,120,12168,90.50,46,3,2947,13801,N/A,
1786728098.623,2026-08-14T19:21:38,1343.495,12176,12168,12176,12168,12168,12168,960,980,1000,960,1060,1000,5960,1060,960,100,12168,89.51,46,0,2947,13801,N/A,
1786728099.123,2026-08-14T19:21:39,1343.995,12176,12168,12176,12168,12168,12168,940,960,980,940,1040,980,5840,1040,940,100,12168,78.01,45,0,2640,7001,N/A,
1786728099.623,2026-08-14T19:21:39,1344.496,12176,12168,12176,12168,12168,12176,840,860,880,840,940,880,5240,940,840,100,12168,52.53,44,0,600,7001,N/A,
1786728100.124,2026-08-14T19:21:40,1344.996,12184,12176,12184,12176,12176,12176,760,780,780,760,860,800,4740,860,760,100,12176,30.51,44,0,495,810,N/A,
1786728100.625,2026-08-14T19:21:40,1345.496,12184,12176,12184,12176,12176,12176,680,700,700,680,780,720,4260,780,680,100,12176,25.18,44,0,382,810,N/A,
1786728101.124,2026-08-14T19:21:41,1345.996,12184,12176,12184,12176,12176,12184,620,640,640,620,700,660,3880,700,620,80,12176,18.90,44,0,292,810,N/A,
1786728101.625,2026-08-14T19:21:41,1346.496,12184,12176,12192,12184,12184,12184,560,580,580,560,640,600,3520,640,560,80,12176,16.92,44,1,225,810,N/A,
1786728102.129,2026-08-14T19:21:42,1346.996,12184,12176,12184,12176,12176,12176,680,700,700,660,760,700,4200,760,660,100,12176,13.42,44,6,232,405,N/A,
1786728102.624,2026-08-14T19:21:42,1347.496,12184,12176,12184,12176,12176,12176,680,700,700,660,760,700,4200,760,660,100,12176,45.66,46,8,2490,13801,N/A,
1786728103.124,2026-08-14T19:21:43,1347.996,12184,12168,12184,12176,12176,12176,760,780,780,740,860,780,4700,860,740,120,12168,72.32,45,0,2505,13801,N/A,
1786728103.624,2026-08-14T19:21:43,1348.496,12176,12168,12176,12176,12168,12176,800,820,840,800,900,840,5000,900,800,100,12168,69.96,46,3,2512,13801,N/A,
1786728104.125,2026-08-14T19:21:44,1348.996,12176,12168,12184,12176,12168,12176,800,820,820,780,900,820,4940,900,780,120,12168,62.15,45,0,2310,7001,N/A,
1786728104.624,2026-08-14T19:21:44,1349.496,12184,12176,12184,12176,12176,12176,740,760,760,740,840,780,4620,840,740,100,12176,46.10,44,1,622,7001,N/A,
1786728105.124,2026-08-14T19:21:45,1349.996,12184,12176,12184,12176,12176,12176,700,720,720,680,780,720,4320,780,680,100,12176,35.27,44,0,660,7001,N/A,
1786728105.624,2026-08-14T19:21:45,1350.496,12184,12176,12184,12176,12176,12184,660,680,680,640,740,680,4080,740,640,100,12176,32.80,44,0,405,7001,N/A,
1786728106.125,2026-08-14T19:21:46,1350.996,12184,12176,12184,12176,12176,12184,620,640,640,600,700,660,3860,700,600,100,12176,30.80,44,0,315,7001,N/A,
1786728106.627,2026-08-14T19:21:46,1351.497,12184,12176,12184,12176,12176,12184,640,660,660,620,720,660,3960,720,620,100,12176,34.88,45,5,345,7001,N/A,
1786728107.125,2026-08-14T19:21:47,1351.997,12184,12176,12184,12176,12176,12184,640,660,660,620,720,660,3960,720,620,100,12176,37.20,44,0,660,810,N/A,
1786728107.627,2026-08-14T19:21:47,1352.497,12184,12176,12184,12184,12176,12184,600,620,600,580,660,620,3680,660,580,80,12176,29.72,44,0,247,810,N/A,
1786728108.127,2026-08-14T19:21:48,1352.997,12184,12176,12184,12176,12176,12184,620,640,620,600,680,640,3800,680,600,80,12176,30.07,45,1,1147,810,N/A,
1786728108.630,2026-08-14T19:21:48,1353.497,12192,12176,12192,12184,12184,12184,560,580,560,540,620,580,3440,620,540,80,12176,27.75,44,0,525,405,N/A,
1786728109.127,2026-08-14T19:21:49,1353.997,12192,12176,12192,12184,12184,12184,560,580,560,540,620,580,3440,620,540,80,12176,20.26,45,7,705,405,N/A,
1786728109.631,2026-08-14T19:21:49,1354.497,12192,12176,12192,12184,12184,12184,560,560,560,540,600,580,3400,600,540,60,12176,24.60,44,3,697,405,N/A,
1786728110.128,2026-08-14T19:21:50,1354.997,12192,12176,12192,12184,12184,12184,540,560,540,540,600,560,3340,600,540,60,12176,27.65,45,5,660,405,N/A,
1786728110.636,2026-08-14T19:21:50,1355.497,12192,12176,12192,12184,12184,12184,560,560,560,540,620,580,3420,620,540,80,12176,30.25,44,1,645,405,N/A,
1786728111.126,2026-08-14T19:21:51,1355.997,12184,12176,12184,12184,12176,12184,580,600,600,580,660,600,3620,660,580,80,12176,35.70,45,24,1125,810,N/A,
1786728111.632,2026-08-14T19:21:51,1356.497,12192,12176,12192,12184,12184,12184,540,560,560,520,620,560,3360,620,520,100,12176,33.67,44,0,1110,810,N/A,
1786728112.128,2026-08-14T19:21:52,1356.997,12192,12176,12192,12184,12184,12184,540,560,560,520,620,560,3360,620,520,100,12176,23.23,44,7,802,405,N/A,
1786728112.631,2026-08-14T19:21:52,1357.497,12192,12184,12192,12184,12184,12184,520,520,520,500,580,540,3180,580,500,80,12184,15.39,44,1,645,405,N/A,
1786728113.129,2026-08-14T19:21:53,1357.997,12192,12184,12192,12184,12184,12184,500,520,520,500,580,520,3140,580,500,80,12184,19.70,45,26,540,405,N/A,
1786728113.628,2026-08-14T19:21:53,1358.498,12192,12184,12192,12184,12184,12184,520,540,540,520,580,540,3240,580,520,60,12184,27.04,44,3,915,405,N/A,
1786728114.129,2026-08-14T19:21:54,1358.998,12192,12184,12192,12184,12184,12184,500,500,500,480,540,500,3020,540,480,60,12184,25.29,44,2,585,405,N/A,
1786728114.628,2026-08-14T19:21:54,1359.498,12192,12184,12192,12184,12184,12184,460,480,460,460,520,480,2860,520,460,60,12184,13.41,44,0,457,405,N/A,
1786728115.133,2026-08-14T19:21:55,1359.998,12192,12184,12192,12184,12184,12192,440,460,440,440,500,460,2740,500,440,60,12184,11.93,44,0,367,405,N/A,
1786728115.628,2026-08-14T19:21:55,1360.498,12192,12184,12192,12184,12184,12184,480,480,480,480,540,500,2960,540,480,60,12184,21.25,45,32,465,405,N/A,
1786728116.129,2026-08-14T19:21:56,1360.998,12192,12184,12192,12184,12184,12184,460,460,460,440,520,480,2820,520,440,80,12184,22.24,44,0,727,405,N/A,
1786728116.628,2026-08-14T19:21:56,1361.498,12192,12184,12192,12184,12184,12192,460,460,460,440,500,460,2780,500,440,60,12184,20.59,44,4,682,405,N/A,
1786728117.129,2026-08-14T19:21:57,1361.998,12192,12184,12192,12184,12184,12192,460,460,460,440,500,460,2780,500,440,60,12184,16.26,44,1,667,405,N/A,
1786728117.634,2026-08-14T19:21:57,1362.498,12192,12184,12192,12184,12184,12192,440,440,440,420,480,440,2660,480,420,60,12184,14.67,44,0,390,405,N/A,
1786728118.128,2026-08-14T19:21:58,1362.998,12192,12184,12192,12184,12184,12184,500,500,500,480,560,520,3060,560,480,80,12184,26.08,45,23,1027,810,N/A,
1786728118.628,2026-08-14T19:21:58,1363.498,12192,12184,12192,12184,12184,12184,520,540,540,520,600,540,3260,600,520,80,12184,38.28,45,19,1492,810,N/A,
1786728119.129,2026-08-14T19:21:59,1363.998,12192,12184,12192,12184,12184,12184,500,520,500,480,560,520,3080,560,480,80,12184,28.79,44,0,1140,810,N/A,
1786728119.635,2026-08-14T19:21:59,1364.498,12192,12184,12192,12184,12184,12184,460,480,480,460,540,480,2900,540,460,80,12184,18.12,44,0,832,405,N/A,
1786728120.126,2026-08-14T19:22:00,1364.998,12192,12176,12192,12184,12176,12184,560,560,560,540,620,580,3420,620,540,80,12176,27.35,46,46,1020,13801,N/A,
1786728120.626,2026-08-14T19:22:00,1365.499,12184,12176,12184,12176,12176,12184,600,620,620,580,680,620,3720,680,580,100,12176,44.13,45,1,2055,13801,N/A,
1786728121.126,2026-08-14T19:22:01,1365.999,12184,12176,12184,12176,12176,12184,640,640,640,620,700,660,3900,700,620,80,12176,55.46,45,0,2017,13801,N/A,
1786728121.627,2026-08-14T19:22:01,1366.499,12184,12176,12184,12176,12176,12184,660,660,660,640,720,680,4020,720,640,80,12176,51.91,45,0,2017,13801,N/A,
1786728122.127,2026-08-14T19:22:02,1366.999,12184,12176,12184,12176,12176,12184,660,660,660,640,720,680,4020,720,640,80,12176,47.66,45,0,1822,7001,N/A,
1786728122.627,2026-08-14T19:22:02,1367.499,12184,12176,12184,12176,12176,12184,640,640,660,620,720,660,3940,720,620,100,12176,40.86,45,1,720,7001,N/A,
1786728123.127,2026-08-14T19:22:03,1367.999,12184,12176,12184,12176,12176,12184,620,620,640,600,680,640,3800,680,600,80,12176,34.00,45,0,337,7001,N/A,
1786728123.627,2026-08-14T19:22:03,1368.499,12184,12176,12184,12184,12176,12184,600,600,600,580,660,620,3660,660,580,80,12176,31.65,45,0,390,7001,N/A,
1786728124.127,2026-08-14T19:22:04,1368.999,12184,12176,12192,12184,12184,12184,580,600,600,560,660,600,3600,660,560,100,12176,31.44,45,1,225,7001,N/A,
1786728124.627,2026-08-14T19:22:04,1369.499,12184,12176,12184,12184,12176,12184,580,600,600,580,660,620,3640,660,580,80,12176,35.10,45,1,622,7001,N/A,
1786728125.130,2026-08-14T19:22:05,1369.999,12192,12176,12192,12184,12184,12184,560,580,580,560,640,600,3520,640,560,80,12176,35.95,45,0,375,7001,N/A,
1786728125.629,2026-08-14T19:22:05,1370.499,12192,12176,12192,12184,12176,12184,580,600,600,580,640,600,3600,640,580,60,12176,33.57,45,18,232,810,N/A,
1786728126.129,2026-08-14T19:22:06,1370.999,12192,12176,12192,12184,12184,12184,560,580,580,560,640,600,3520,640,560,80,12176,32.34,45,1,540,810,N/A,
1786728126.631,2026-08-14T19:22:06,1371.499,12192,12184,12192,12184,12184,12184,540,560,560,520,600,560,3340,600,520,80,12184,27.21,45,8,435,810,N/A,
1786728127.130,2026-08-14T19:22:07,1371.999,12192,12184,12192,12184,12184,12184,540,560,560,520,600,560,3340,600,520,80,12184,20.47,44,0,450,405,N/A,
1786728127.630,2026-08-14T19:22:07,1372.500,12192,12184,12192,12184,12184,12184,540,560,540,520,600,560,3320,600,520,80,12184,25.20,45,33,712,405,N/A,
1786728128.130,2026-08-14T19:22:08,1373.000,12192,12176,12184,12184,12184,12184,560,560,580,540,620,580,3440,620,540,80,12176,30.32,45,13,1042,810,N/A,
1786728128.630,2026-08-14T19:22:08,1373.500,12192,12184,12192,12184,12184,12184,540,540,560,520,600,560,3320,600,520,80,12184,31.32,45,0,885,405,N/A,
1786728129.130,2026-08-14T19:22:09,1374.000,12192,12184,12192,12184,12184,12184,500,520,520,480,560,520,3100,560,480,80,12184,19.02,44,1,645,405,N/A,
1786728129.633,2026-08-14T19:22:09,1374.500,12192,12184,12192,12184,12184,12184,520,520,520,500,580,540,3180,580,500,80,12184,17.68,45,4,592,405,N/A,
1786728130.130,2026-08-14T19:22:10,1375.000,12192,12184,12192,12184,12184,12184,500,520,520,500,580,520,3140,580,500,80,12184,26.98,45,0,877,405,N/A,
1786728130.630,2026-08-14T19:22:10,1375.500,12192,12184,12192,12184,12184,12184,480,500,500,480,560,500,3020,560,480,80,12184,26.95,45,5,577,405,N/A,
1786728131.130,2026-08-14T19:22:11,1376.000,12192,12184,12192,12184,12184,12184,460,480,460,440,520,480,2840,520,440,80,12184,15.81,44,0,255,405,N/A,
1786728131.634,2026-08-14T19:22:11,1376.500,12192,12184,12192,12184,12184,12192,440,460,440,420,500,460,2720,500,420,80,12184,12.24,44,0,255,405,N/A,
1786728132.134,2026-08-14T19:22:12,1377.000,12192,12184,12192,12184,12184,12192,440,460,440,420,500,460,2720,500,420,80,12184,12.55,44,2,300,405,N/A,
1786728132.634,2026-08-14T19:22:12,1377.500,12192,12184,12192,12184,12184,12192,420,440,420,400,480,440,2600,480,400,80,12184,11.94,44,0,292,405,N/A,
1786728133.130,2026-08-14T19:22:13,1378.000,12192,12184,12192,12184,12184,12192,400,420,400,400,460,420,2500,460,400,60,12184,10.53,44,0,225,405,N/A,
1786728133.631,2026-08-14T19:22:13,1378.501,12192,12184,12192,12184,12184,12192,400,400,400,380,440,420,2440,440,380,60,12184,10.73,44,4,225,405,N/A,
1786728134.134,2026-08-14T19:22:14,1379.001,12192,12184,12192,12184,12184,12192,400,400,400,380,440,400,2420,440,380,60,12184,10.96,44,1,225,405,N/A,
1786728134.632,2026-08-14T19:22:14,1379.501,12192,12184,12192,12184,12184,12192,380,400,380,360,440,400,2360,440,360,80,12184,11.13,44,0,255,405,N/A,
1786728135.134,2026-08-14T19:22:15,1380.001,12192,12184,12192,12184,12184,12192,380,380,380,360,420,400,2320,420,360,60,12184,12.22,44,2,292,405,N/A,
1786728135.643,2026-08-14T19:22:15,1380.501,12192,12184,12192,12184,12184,12192,420,440,440,420,480,440,2640,480,420,60,12184,14.74,45,25,315,405,N/A,
1786728136.131,2026-08-14T19:22:16,1381.001,12192,12184,12192,12184,12184,12184,480,500,500,480,540,520,3020,540,480,60,12184,29.28,45,21,952,810,N/A,
1786728136.631,2026-08-14T19:22:16,1381.501,12192,12184,12192,12184,12184,12184,480,500,500,480,540,520,3020,540,480,60,12184,39.79,46,23,1297,810,N/A,
1786728137.134,2026-08-14T19:22:17,1382.001,12184,12176,12184,12176,12176,12184,580,580,600,560,640,600,3560,640,560,80,12176,41.75,45,0,1695,810,N/A,
1786728137.629,2026-08-14T19:22:17,1382.501,12184,12176,12184,12176,12176,12184,600,620,620,600,660,620,3720,660,600,60,12176,46.49,46,47,922,810,N/A,
1786728138.129,2026-08-14T19:22:18,1383.001,12184,12176,12184,12176,12176,12184,620,640,660,620,700,660,3900,700,620,80,12176,44.02,45,0,1620,7001,N/A,
1786728138.629,2026-08-14T19:22:18,1383.501,12184,12176,12184,12176,12176,12184,620,640,640,620,700,660,3880,700,620,80,12176,48.97,45,0,1372,7001,N/A,
1786728139.129,2026-08-14T19:22:19,1384.001,12184,12176,12184,12176,12176,12184,620,620,640,600,680,640,3800,680,600,80,12176,39.02,45,0,1065,7001,N/A,
1786728139.630,2026-08-14T19:22:19,1384.501,12184,12176,12184,12176,12176,12184,620,640,640,620,700,660,3880,700,620,80,12176,38.12,45,5,847,7001,N/A,
1786728140.129,2026-08-14T19:22:20,1385.001,12184,12176,12184,12176,12176,12176,680,700,700,680,760,720,4240,760,680,80,12176,44.99,46,9,847,7001,N/A,
1786728140.629,2026-08-14T19:22:20,1385.502,12184,12176,12184,12176,12176,12176,700,720,740,720,780,740,4400,780,700,80,12176,50.93,45,1,1207,7001,N/A,
1786728141.131,2026-08-14T19:22:21,1386.002,12184,12176,12184,12176,12176,12184,660,680,700,660,740,700,4140,740,660,80,12176,52.17,45,0,1350,7001,N/A,
1786728141.631,2026-08-14T19:22:21,1386.502,12184,12176,12184,12176,12176,12184,660,680,700,660,740,700,4140,740,660,80,12176,42.32,45,9,510,810,N/A,
1786728142.130,2026-08-14T19:22:22,1387.002,12184,12176,12184,12176,12176,12176,660,680,700,660,740,700,4140,740,660,80,12176,36.87,45,1,930,810,N/A,
1786728142.631,2026-08-14T19:22:22,1387.502,12184,12176,12184,12176,12176,12184,660,680,680,660,740,700,4120,740,660,80,12176,36.24,45,1,750,810,N/A,
1786728143.130,2026-08-14T19:22:23,1388.002,12184,12176,12184,12176,12176,12184,640,660,660,640,720,680,4000,720,640,80,12176,34.00,45,1,712,810,N/A,
1786728143.632,2026-08-14T19:22:23,1388.502,12184,12176,12184,12176,12176,12184,600,620,620,580,660,620,3700,660,580,80,12176,28.06,45,5,277,810,N/A,
1786728144.131,2026-08-14T19:22:24,1389.002,12192,12176,12192,12184,12184,12184,560,580,580,560,620,600,3500,620,560,60,12176,21.54,45,0,225,405,N/A,
1786728144.630,2026-08-14T19:22:24,1389.502,12192,12176,12192,12184,12184,12184,540,540,540,520,600,560,3300,600,520,80,12176,18.47,45,0,225,405,N/A,
1786728145.131,2026-08-14T19:22:25,1390.002,12192,12184,12192,12184,12184,12184,500,520,520,480,560,520,3100,560,480,80,12184,16.99,45,0,300,405,N/A,
1786728145.631,2026-08-14T19:22:25,1390.502,12192,12184,12192,12184,12184,12184,460,480,480,460,520,500,2900,520,460,60,12184,15.76,45,0,225,405,N/A,
1786728146.131,2026-08-14T19:22:26,1391.002,12192,12184,12192,12184,12184,12184,440,460,460,440,500,480,2780,500,440,60,12184,12.81,45,0,225,405,N/A,
1786728146.633,2026-08-14T19:22:26,1391.502,12192,12184,12192,12184,12184,12184,440,460,460,440,500,480,2780,500,440,60,12184,13.11,45,0,255,405,N/A,
1786728147.131,2026-08-14T19:22:27,1392.003,12192,12184,12192,12184,12184,12192,440,440,440,420,480,460,2680,480,420,60,12184,13.82,45,0,262,405,N/A,
1786728147.633,2026-08-14T19:22:27,1392.503,12192,12184,12192,12184,12184,12192,420,440,420,400,480,440,2600,480,400,80,12184,13.72,45,0,277,405,N/A,
1786728148.132,2026-08-14T19:22:28,1393.003,12192,12184,12192,12184,12184,12184,440,460,440,420,500,460,2720,500,420,80,12184,17.76,45,0,847,405,N/A,
1786728148.633,2026-08-14T19:22:28,1393.503,12192,12176,12192,12184,12184,12184,480,480,460,440,520,500,2880,520,440,80,12176,23.96,45,5,825,405,N/A,
1786728149.135,2026-08-14T19:22:29,1394.003,12192,12176,12192,12184,12184,12184,460,460,440,420,520,480,2780,520,420,100,12176,23.18,45,0,442,405,N/A,
1786728149.631,2026-08-14T19:22:29,1394.503,12192,12176,12192,12184,12184,12184,440,460,420,400,500,480,2700,500,400,100,12176,19.30,45,0,225,405,N/A,
1786728150.135,2026-08-14T19:22:30,1395.003,12184,12176,12184,12184,12176,12184,440,440,400,380,480,460,2600,480,380,100,12176,13.58,45,1,225,405,N/A,
1786728150.632,2026-08-14T19:22:30,1395.503,12184,12176,12184,12184,12176,12184,420,420,380,360,480,440,2500,480,360,120,12176,12.05,45,1,255,405,N/A,
1786728151.132,2026-08-14T19:22:31,1396.003,12192,12176,12192,12184,12184,12184,420,420,380,360,460,440,2480,460,360,100,12176,13.36,45,0,240,405,N/A,
1786728151.633,2026-08-14T19:22:31,1396.503,12192,12176,12192,12184,12184,12184,420,420,380,360,460,440,2480,460,360,100,12176,15.04,45,5,225,405,N/A,
1786728152.132,2026-08-14T19:22:32,1397.003,12192,12176,12192,12184,12184,12184,440,440,420,380,480,460,2620,480,380,100,12176,19.34,45,0,862,405,N/A,
1786728152.632,2026-08-14T19:22:32,1397.503,12192,12184,12192,12184,12184,12184,420,440,400,380,480,440,2560,480,380,100,12184,18.84,45,0,345,405,N/A,
1786728153.136,2026-08-14T19:22:33,1398.003,12192,12184,12192,12184,12184,12184,420,420,400,380,460,440,2520,460,380,80,12184,13.84,45,0,240,405,N/A,
1786728153.633,2026-08-14T19:22:33,1398.503,12192,12184,12192,12184,12184,12184,400,420,400,380,460,440,2500,460,380,80,12184,13.72,44,0,360,405,N/A,
1786728154.136,2026-08-14T19:22:34,1399.003,12192,12184,12192,12184,12184,12184,400,400,380,360,440,420,2400,440,360,80,12184,12.84,44,0,225,405,N/A,
1786728154.637,2026-08-14T19:22:34,1399.503,12192,12184,12192,12184,12184,12184,400,400,360,340,440,420,2360,440,340,100,12184,11.43,45,1,225,405,N/A,
1786728155.133,2026-08-14T19:22:35,1400.004,12192,12176,12192,12184,12184,12184,380,400,360,340,440,420,2340,440,340,100,12176,12.51,45,6,225,405,N/A,
1786728155.636,2026-08-14T19:22:35,1400.504,12184,12176,12192,12184,12184,12184,380,400,340,340,440,400,2300,440,340,100,12176,12.18,44,0,225,405,N/A,
1786728156.134,2026-08-14T19:22:36,1401.004,12192,12176,12192,12184,12184,12184,380,400,340,320,420,400,2260,420,320,100,12176,11.44,45,2,240,405,N/A,
1786728156.635,2026-08-14T19:22:36,1401.504,12192,12176,12192,12184,12184,12184,380,400,340,320,420,400,2260,420,320,100,12176,11.58,44,0,225,405,N/A,
1786728157.133,2026-08-14T19:22:37,1402.004,12192,12176,12192,12184,12184,12184,380,400,360,340,440,400,2320,440,340,100,12176,14.45,45,5,225,405,N/A,
1786728157.634,2026-08-14T19:22:37,1402.504,12192,12184,12192,12184,12184,12184,400,400,380,360,440,420,2400,440,360,80,12184,16.39,45,0,232,405,N/A,
1786728158.132,2026-08-14T19:22:38,1403.004,12192,12184,12192,12184,12184,12184,420,420,400,380,480,420,2520,480,380,100,12184,21.42,45,0,945,405,N/A,
1786728158.633,2026-08-14T19:22:38,1403.504,12192,12184,12192,12184,12184,12184,420,440,420,400,480,440,2600,480,400,80,12184,21.02,45,5,360,405,N/A,
1786728159.133,2026-08-14T19:22:39,1404.004,12192,12184,12192,12184,12184,12184,420,440,400,400,480,440,2580,480,400,80,12184,18.22,45,0,247,405,N/A,
1786728159.637,2026-08-14T19:22:39,1404.504,12192,12184,12192,12184,12184,12192,400,420,400,380,460,420,2480,460,380,80,12184,14.88,45,0,225,405,N/A,
1786728160.133,2026-08-14T19:22:40,1405.004,12192,12184,12192,12184,12184,12192,400,420,400,380,460,420,2480,460,380,80,12184,13.26,45,1,225,405,N/A,
1786728160.635,2026-08-14T19:22:40,1405.504,12192,12184,12192,12184,12184,12192,420,420,400,400,460,420,2520,460,400,60,12184,17.99,45,8,600,405,N/A,
1786728161.134,2026-08-14T19:22:41,1406.004,12192,12184,12192,12184,12184,12192,420,440,420,400,480,440,2600,480,400,80,12184,18.03,45,4,225,405,N/A,
1786728161.633,2026-08-14T19:22:41,1406.505,12192,12184,12192,12184,12184,12192,420,440,420,400,480,440,2600,480,400,80,12184,18.26,45,0,502,405,N/A,
1786728162.133,2026-08-14T19:22:42,1407.005,12192,12184,12192,12184,12184,12192,440,440,440,420,480,460,2680,480,420,60,12184,19.93,45,1,607,405,N/A,
1786728162.633,2026-08-14T19:22:42,1407.505,12192,12184,12192,12184,12184,12192,420,420,420,400,480,440,2580,480,400,80,12184,15.86,45,0,247,405,N/A,
1786728163.133,2026-08-14T19:22:43,1408.005,12192,12184,12192,12184,12184,12192,400,420,400,380,460,420,2480,460,380,80,12184,12.83,45,0,240,405,N/A,
1786728163.636,2026-08-14T19:22:43,1408.505,12192,12184,12192,12184,12184,12192,400,400,400,380,460,420,2460,460,380,80,12184,13.10,45,0,240,405,N/A,
1786728164.134,2026-08-14T19:22:44,1409.005,12192,12184,12192,12184,12184,12192,400,400,380,380,440,420,2420,440,380,60,12184,13.81,45,0,262,405,N/A,
1786728164.637,2026-08-14T19:22:44,1409.505,12192,12184,12192,12184,12184,12184,400,420,400,380,460,420,2480,460,380,80,12184,12.70,44,0,225,405,N/A,
1786728165.133,2026-08-14T19:22:45,1410.005,12192,12184,12192,12184,12184,12184,400,420,380,360,460,420,2440,460,360,100,12184,14.73,45,1,652,405,N/A,
1786728165.636,2026-08-14T19:22:45,1410.505,12192,12176,12192,12184,12184,12184,420,420,380,380,460,440,2500,460,380,80,12176,20.04,45,3,300,405,N/A,
1786728166.138,2026-08-14T19:22:46,1411.005,12192,12176,12192,12184,12176,12184,420,420,380,380,480,460,2540,480,380,100,12176,16.76,45,0,225,405,N/A,
1786728166.653,2026-08-14T19:22:46,1411.505,12184,12176,12184,12184,12176,12184,440,440,400,380,480,460,2600,480,380,100,12176,21.53,45,23,840,405,N/A,
1786728167.133,2026-08-14T19:22:47,1412.005,12184,12168,12184,12176,12176,12176,600,620,580,560,660,620,3640,660,560,100,12168,52.55,47,86,1582,13801,N/A,
1786728167.633,2026-08-14T19:22:47,1412.505,12176,12168,12176,12168,12168,12168,780,820,780,760,880,820,4840,880,760,120,12168,85.07,47,8,2947,13801,N/A,
1786728168.133,2026-08-14T19:22:48,1413.005,12168,12160,12168,12168,12160,12168,920,940,920,880,1020,960,5640,1020,880,140,12160,102.01,47,6,2947,13801,N/A,
1786728168.633,2026-08-14T19:22:48,1413.505,12168,12160,12168,12160,12160,12168,1000,1020,1000,960,1120,1040,6140,1120,960,160,12160,95.34,47,0,2947,13801,N/A,
1786728169.133,2026-08-14T19:22:49,1414.005,12168,12160,12168,12168,12160,12168,940,960,940,900,1040,980,5760,1040,900,140,12160,79.19,46,1,2662,7001,N/A,
1786728169.633,2026-08-14T19:22:49,1414.506,12176,12168,12176,12168,12168,12168,840,860,840,800,940,880,5160,940,800,140,12168,51.47,45,0,727,7001,N/A,
1786728170.134,2026-08-14T19:22:50,1415.006,12176,12168,12176,12168,12168,12168,780,800,780,740,880,820,4800,880,740,140,12168,33.84,45,0,652,7001,N/A,
1786728170.634,2026-08-14T19:22:50,1415.506,12176,12168,12176,12168,12168,12176,720,740,700,680,820,760,4420,820,680,140,12168,33.09,45,0,517,7001,N/A,
1786728171.134,2026-08-14T19:22:51,1416.006,12176,12168,12176,12168,12168,12176,720,740,700,680,820,760,4420,820,680,140,12168,32.19,45,1,360,7001,N/A,
1786728171.634,2026-08-14T19:22:51,1416.506,12176,12168,12176,12168,12168,12176,680,700,660,640,760,720,4160,760,640,120,12168,31.45,45,0,292,7001,N/A,
1786728172.135,2026-08-14T19:22:52,1417.006,12176,12168,12176,12168,12168,12176,660,660,620,600,740,680,3960,740,600,140,12168,31.13,45,0,247,810,N/A,
1786728172.635,2026-08-14T19:22:52,1417.506,12176,12168,12176,12176,12168,12176,620,620,580,560,680,640,3700,680,560,120,12168,26.09,45,1,232,810,N/A,
1786728173.135,2026-08-14T19:22:53,1418.006,12184,12168,12184,12176,12176,12176,560,580,540,520,640,600,3440,640,520,120,12168,20.93,45,2,247,810,N/A,
1786728173.635,2026-08-14T19:22:53,1418.506,12184,12176,12184,12176,12176,12176,540,540,500,480,600,560,3220,600,480,120,12176,17.86,45,0,270,810,N/A,
1786728174.136,2026-08-14T19:22:54,1419.006,12184,12176,12184,12176,12176,12176,500,520,460,440,560,520,3000,560,440,120,12176,16.16,45,1,300,405,N/A,
1786728174.635,2026-08-14T19:22:54,1419.506,12184,12176,12184,12176,12176,12176,480,480,440,420,540,500,2860,540,420,120,12176,14.47,45,0,225,405,N/A,
1786728175.135,2026-08-14T19:22:55,1420.006,12184,12176,12184,12176,12176,12176,460,460,420,400,500,480,2720,500,400,100,12176,14.04,45,0,225,405,N/A,
1786728175.635,2026-08-14T19:22:55,1420.506,12184,12176,12184,12176,12176,12184,440,440,400,380,480,460,2600,480,380,100,12176,13.40,45,0,225,405,N/A,
1786728176.138,2026-08-14T19:22:56,1421.006,12184,12176,12184,12176,12176,12184,440,440,400,380,480,460,2600,480,380,100,12176,12.97,45,0,225,405,N/A,
1786728176.637,2026-08-14T19:22:56,1421.507,12184,12176,12184,12176,12176,12184,420,440,380,360,480,440,2520,480,360,120,12176,13.47,45,0,225,405,N/A,
1786728177.136,2026-08-14T19:22:57,1422.007,12184,12176,12184,12176,12176,12184,420,440,380,380,480,460,2560,480,380,100,12176,16.07,45,1,585,405,N/A,
1786728177.635,2026-08-14T19:22:57,1422.507,12184,12176,12184,12176,12176,12184,420,440,380,360,460,440,2500,460,360,100,12176,15.17,45,0,240,405,N/A,
1786728178.135,2026-08-14T19:22:58,1423.007,12184,12176,12184,12176,12176,12184,400,420,360,340,460,420,2400,460,340,120,12176,12.08,45,0,225,405,N/A,
1786728178.635,2026-08-14T19:22:58,1423.507,12184,12176,12184,12176,12176,12184,400,420,360,340,460,420,2400,460,340,120,12176,14.04,45,1,487,405,N/A,
1786728179.135,2026-08-14T19:22:59,1424.007,12184,12176,12184,12176,12176,12184,400,420,360,340,440,420,2380,440,340,100,12176,13.74,45,0,225,405,N/A,
1786728179.635,2026-08-14T19:22:59,1424.507,12184,12176,12184,12176,12176,12184,400,400,360,340,440,420,2360,440,340,100,12176,12.71,45,0,240,405,N/A,
1786728180.140,2026-08-14T19:23:00,1425.007,12184,12176,12184,12176,12176,12184,400,400,340,320,440,420,2320,440,320,120,12176,13.21,45,1,285,405,N/A,
1786728180.637,2026-08-14T19:23:00,1425.507,12184,12176,12184,12176,12176,12176,440,440,400,380,500,460,2620,500,380,120,12176,14.83,45,16,240,405,N/A,
1786728181.136,2026-08-14T19:23:01,1426.007,12184,12176,12184,12176,12176,12176,440,440,400,380,500,460,2620,500,380,120,12176,21.14,45,0,705,405,N/A,
1786728181.636,2026-08-14T19:23:01,1426.507,12184,12176,12184,12176,12176,12176,480,500,440,420,540,500,2880,540,420,120,12176,31.99,45,0,1065,810,N/A,
1786728182.136,2026-08-14T19:23:02,1427.007,12184,12176,12184,12176,12176,12176,480,500,440,420,540,500,2880,540,420,120,12176,27.63,45,0,945,405,N/A,
1786728182.637,2026-08-14T19:23:02,1427.507,12184,12176,12184,12176,12176,12176,460,480,440,400,520,500,2800,520,400,120,12176,17.78,45,0,607,405,N/A,
1786728183.145,2026-08-14T19:23:03,1428.007,12184,12176,12184,12176,12176,12176,480,500,440,420,540,500,2880,540,420,120,12176,18.58,45,3,607,405,N/A,
1786728183.640,2026-08-14T19:23:03,1428.508,12176,12168,12176,12176,12176,12176,540,560,500,480,620,560,3260,620,480,140,12168,31.97,46,18,540,405,N/A,
1786728184.138,2026-08-14T19:23:04,1429.008,12176,12168,12176,12176,12168,12176,560,560,520,500,620,580,3340,620,500,120,12168,37.69,45,24,862,405,N/A,
1786728184.653,2026-08-14T19:23:04,1429.508,12176,12168,12176,12176,12176,12176,540,560,500,480,600,560,3240,600,480,120,12168,30.50,45,3,757,405,N/A,
1786728185.135,2026-08-14T19:23:05,1430.008,12176,12168,12176,12168,12168,12168,700,720,680,660,780,740,4280,780,660,120,12168,37.20,47,57,975,13801,N/A,
1786728185.635,2026-08-14T19:23:05,1430.508,12176,12168,12176,12168,12168,12168,840,860,840,800,920,860,5120,920,800,120,12168,66.02,47,1,2947,13801,N/A,
1786728186.135,2026-08-14T19:23:06,1431.008,12176,12168,12176,12168,12168,12168,840,860,840,800,920,860,5120,920,800,120,12168,89.47,47,0,2947,13801,N/A,
1786728186.636,2026-08-14T19:23:06,1431.508,12168,12160,12168,12160,12160,12168,940,960,940,900,1040,980,5760,1040,900,140,12160,91.07,47,0,2947,13801,N/A,
1786728187.136,2026-08-14T19:23:07,1432.008,12168,12160,12168,12160,12160,12168,960,1000,980,940,1080,1020,5980,1080,940,140,12160,85.65,46,7,2722,7001,N/A,
1786728187.636,2026-08-14T19:23:07,1432.508,12168,12160,12168,12160,12160,12168,940,960,940,900,1040,980,5760,1040,900,140,12160,67.29,46,6,975,7001,N/A,
1786728188.136,2026-08-14T19:23:08,1433.008,12176,12160,12168,12168,12160,12168,860,880,860,820,960,900,5280,960,820,140,12160,49.56,46,0,990,7001,N/A,
1786728188.636,2026-08-14T19:23:08,1433.508,12176,12160,12176,12168,12168,12168,820,860,820,780,920,860,5060,920,780,140,12160,38.68,45,0,480,7001,N/A,
1786728189.136,2026-08-14T19:23:09,1434.008,12168,12160,12168,12160,12160,12168,880,900,860,840,980,920,5380,980,840,140,12160,51.19,47,3,2670,13801,N/A,
1786728189.636,2026-08-14T19:23:09,1434.508,12168,12160,12168,12160,12160,12168,920,960,920,880,1020,980,5680,1020,880,140,12160,65.63,47,0,2610,13801,N/A,
1786728190.136,2026-08-14T19:23:10,1435.008,12168,12160,12168,12160,12160,12160,980,1020,960,920,1080,1040,6000,1080,920,160,12160,76.85,47,15,2760,13801,N/A,
1786728190.636,2026-08-14T19:23:10,1435.508,12160,12160,12160,12152,12152,12160,1020,1060,1000,960,1140,1080,6260,1140,960,180,12152,76.55,47,3,2647,13801,N/A,
1786728191.136,2026-08-14T19:23:11,1436.009,12160,12160,12160,12152,12152,12160,1020,1060,1000,960,1140,1080,6260,1140,960,180,12152,76.11,47,1,2662,13801,N/A,
1786728191.636,2026-08-14T19:23:11,1436.509,12160,12152,12160,12152,12152,12160,1040,1080,1040,980,1180,1100,6420,1180,980,200,12152,78.85,47,8,2655,13801,N/A,
1786728192.136,2026-08-14T19:23:12,1437.009,12160,12152,12160,12152,12152,12160,1100,1120,1080,1020,1220,1160,6700,1220,1020,200,12152,82.82,47,13,2692,13801,N/A,
1786728192.636,2026-08-14T19:23:12,1437.509,12160,12152,12160,12152,12152,12160,1120,1140,1120,1060,1240,1180,6860,1240,1060,180,12152,84.96,47,5,2692,13801,N/A,
1786728193.136,2026-08-14T19:23:13,1438.009,12160,12152,12160,12152,12152,12160,1120,1140,1120,1060,1240,1180,6860,1240,1060,180,12152,84.83,47,1,2745,13801,N/A,
1786728193.636,2026-08-14T19:23:13,1438.509,12160,12152,12160,12152,12152,12160,1100,1120,1100,1060,1240,1160,6780,1240,1060,180,12152,77.80,47,0,2655,13801,N/A,
1786728194.137,2026-08-14T19:23:14,1439.009,12168,12160,12168,12160,12160,12160,1080,1100,1100,1040,1200,1140,6660,1200,1040,160,12160,70.18,47,0,2595,13801,N/A,
1786728194.637,2026-08-14T19:23:14,1439.509,12168,12160,12168,12160,12160,12160,1060,1080,1080,1020,1180,1100,6520,1180,1020,160,12160,69.42,47,0,2640,13801,N/A,
1786728195.137,2026-08-14T19:23:15,1440.009,12168,12160,12168,12160,12160,12168,980,1000,1020,960,1100,1040,6100,1100,960,140,12160,68.54,46,1,2610,7001,N/A,
1786728195.637,2026-08-14T19:23:15,1440.509,12168,12160,12168,12160,12168,12168,980,1000,1020,960,1100,940,6000,1100,940,160,12160,53.83,46,1,1080,7001,N/A,
1786728196.137,2026-08-14T19:23:16,1441.009,12176,12168,12176,12168,12168,12168,900,920,920,880,1000,940,5560,1000,880,120,12168,41.41,46,1,750,7001,N/A,
1786728196.640,2026-08-14T19:23:16,1441.509,12176,12168,12176,12168,12168,12176,820,840,840,800,920,860,5080,920,800,120,12168,34.13,46,0,465,7001,N/A,
1786728197.139,2026-08-14T19:23:17,1442.009,12184,12168,12176,12176,12168,12176,760,780,780,740,860,800,4720,860,740,120,12168,32.72,46,6,570,810,N/A,
1786728197.641,2026-08-14T19:23:17,1442.509,12184,12176,12184,12176,12176,12176,740,740,740,700,820,760,4500,820,700,120,12176,34.00,46,1,675,810,N/A,
1786728198.139,2026-08-14T19:23:18,1443.010,12184,12176,12184,12176,12176,12176,700,700,700,680,780,740,4300,780,680,100,12176,34.62,46,5,525,810,N/A,
1786728198.640,2026-08-14T19:23:18,1443.510,12184,12176,12184,12176,12176,12176,660,680,680,640,740,700,4100,740,640,100,12176,30.75,46,3,270,810,N/A,
1786728199.143,2026-08-14T19:23:19,1444.010,12184,12176,12184,12176,12176,12184,640,640,640,620,720,660,3920,720,620,100,12176,30.36,46,5,435,405,N/A,
1786728199.642,2026-08-14T19:23:19,1444.510,12184,12176,12184,12176,12176,12184,600,620,620,580,680,620,3720,680,580,100,12176,31.03,46,6,397,405,N/A,
1786728200.141,2026-08-14T19:23:20,1445.010,12184,12176,12184,12176,12176,12184,600,620,620,580,680,640,3740,680,580,100,12176,27.43,46,13,270,405,N/A,
1786728200.639,2026-08-14T19:23:20,1445.510,12184,12176,12184,12176,12176,12184,600,620,620,580,680,640,3740,680,580,100,12176,25.97,46,0,517,405,N/A,
1786728201.140,2026-08-14T19:23:21,1446.010,12184,12176,12184,12176,12176,12184,600,600,600,580,680,620,3680,680,580,100,12176,32.48,46,27,720,405,N/A,
1786728201.643,2026-08-14T19:23:21,1446.510,12184,12176,12184,12184,12184,12184,560,580,580,540,640,600,3500,640,540,100,12176,26.12,45,0,450,405,N/A,
1786728202.140,2026-08-14T19:23:22,1447.010,12192,12176,12192,12184,12184,12184,520,540,540,500,600,560,3260,600,500,100,12176,15.31,45,11,345,405,N/A,
1786728202.645,2026-08-14T19:23:22,1447.510,12192,12184,12192,12184,12184,12184,500,520,520,480,560,540,3120,560,480,80,12184,14.77,46,9,262,405,N/A,
1786728203.141,2026-08-14T19:23:23,1448.010,12192,12176,12192,12184,12184,12184,540,560,540,520,600,560,3320,600,520,80,12176,25.65,46,20,720,405,N/A,
1786728203.641,2026-08-14T19:23:23,1448.510,12192,12176,12192,12184,12184,12184,540,560,540,520,600,560,3320,600,520,80,12176,32.84,46,3,675,405,N/A,
1786728204.147,2026-08-14T19:23:24,1449.010,12192,12176,12192,12184,12184,12184,540,540,540,520,600,560,3300,600,520,80,12176,29.78,45,7,577,405,N/A,
1786728204.640,2026-08-14T19:23:24,1449.511,12192,12176,12192,12184,12184,12184,520,520,520,500,580,540,3180,580,500,80,12176,25.48,45,7,442,405,N/A,
1786728205.141,2026-08-14T19:23:25,1450.011,12192,12184,12192,12184,12184,12184,500,500,500,480,540,520,3040,540,480,60,12184,19.39,45,4,390,405,N/A,
1786728205.641,2026-08-14T19:23:25,1450.511,12192,12184,12192,12184,12184,12184,500,500,500,480,540,520,3040,540,480,60,12184,16.80,45,1,270,405,N/A,
1786728206.144,2026-08-14T19:23:26,1451.011,12192,12184,12192,12184,12184,12184,480,480,480,460,520,500,2920,520,460,60,12184,16.68,45,3,315,405,N/A,
1786728206.646,2026-08-14T19:23:26,1451.511,12192,12184,12192,12184,12184,12184,460,480,460,440,520,480,2840,520,440,80,12184,17.63,46,0,412,405,N/A,
1786728207.141,2026-08-14T19:23:27,1452.011,12192,12184,12192,12184,12184,12184,460,480,460,440,520,480,2840,520,440,80,12184,17.95,46,6,352,405,N/A,
1786728207.642,2026-08-14T19:23:27,1452.511,12192,12184,12192,12184,12184,12184,460,460,460,440,500,480,2800,500,440,60,12184,18.90,45,0,375,405,N/A,
1786728208.145,2026-08-14T19:23:28,1453.011,12192,12184,12192,12184,12184,12184,460,460,460,440,500,460,2780,500,440,60,12184,18.61,45,3,412,405,N/A,
1786728208.642,2026-08-14T19:23:28,1453.511,12192,12184,12192,12184,12184,12184,460,460,440,420,500,460,2740,500,420,80,12184,17.86,46,5,367,405,N/A,
1786728209.144,2026-08-14T19:23:29,1454.011,12192,12184,12192,12184,12184,12184,440,460,440,440,500,460,2740,500,440,60,12184,18.24,46,0,397,405,N/A,
1786728209.642,2026-08-14T19:23:29,1454.511,12192,12184,12192,12184,12184,12184,440,440,420,420,480,440,2640,480,420,60,12184,17.74,45,3,307,405,N/A,
1786728210.145,2026-08-14T19:23:30,1455.011,12192,12184,12192,12184,12184,12192,420,440,420,400,480,440,2600,480,400,80,12184,16.39,45,2,345,405,N/A,
1786728210.641,2026-08-14T19:23:30,1455.511,12192,12184,12192,12184,12184,12192,420,440,420,400,480,440,2600,480,400,80,12184,15.94,45,3,307,405,N/A,
1786728211.144,2026-08-14T19:23:31,1456.012,12192,12184,12192,12184,12184,12192,420,420,400,400,460,440,2540,460,400,60,12184,14.08,45,0,225,405,N/A,
1786728211.642,2026-08-14T19:23:31,1456.512,12192,12184,12192,12184,12184,12192,420,420,400,380,460,420,2500,460,380,80,12184,13.98,45,1,315,405,N/A,
1786728212.145,2026-08-14T19:23:32,1457.012,12192,12184,12192,12184,12184,12192,420,420,400,380,460,420,2500,460,380,80,12184,15.71,45,0,322,405,N/A,
1786728212.644,2026-08-14T19:23:32,1457.512,12192,12184,12192,12184,12184,12192,420,420,420,400,460,440,2560,460,400,60,12184,17.48,45,4,532,405,N/A,
1786728213.145,2026-08-14T19:23:33,1458.012,12192,12184,12192,12184,12184,12192,420,440,420,400,480,440,2600,480,400,80,12184,18.95,46,1,397,405,N/A,
1786728213.643,2026-08-14T19:23:33,1458.512,12192,12184,12192,12184,12184,12192,400,420,420,400,460,440,2540,460,400,60,12184,17.70,45,0,292,405,N/A,
1786728214.145,2026-08-14T19:23:34,1459.012,12192,12184,12192,12184,12184,12192,420,420,420,400,460,440,2560,460,400,60,12184,15.61,45,3,300,405,N/A,
1786728214.647,2026-08-14T19:23:34,1459.512,12192,12184,12192,12184,12184,12192,400,400,400,380,460,420,2460,460,380,80,12184,15.40,45,1,307,405,N/A,
1786728215.143,2026-08-14T19:23:35,1460.012,12192,12184,12192,12184,12184,12192,400,420,400,380,460,440,2500,460,380,80,12184,15.05,45,3,225,405,N/A,
1786728215.647,2026-08-14T19:23:35,1460.512,12192,12184,12192,12184,12184,12192,400,420,400,380,460,440,2500,460,380,80,12184,14.84,46,0,285,405,N/A,
1786728216.145,2026-08-14T19:23:36,1461.012,12192,12184,12192,12184,12184,12192,400,420,400,380,460,440,2500,460,380,80,12184,16.92,45,7,225,405,N/A,
1786728216.647,2026-08-14T19:23:36,1461.512,12192,12184,12192,12184,12184,12192,400,420,400,380,460,440,2500,460,380,80,12184,16.25,45,4,300,405,N/A,
1786728217.145,2026-08-14T19:23:37,1462.012,12192,12184,12192,12184,12184,12192,420,420,400,380,460,440,2520,460,380,80,12184,16.88,45,9,307,405,N/A,
1786728217.643,2026-08-14T19:23:37,1462.512,12192,12184,12192,12184,12184,12192,420,440,420,400,480,440,2600,480,400,80,12184,18.11,45,1,367,405,N/A,
1786728218.146,2026-08-14T19:23:38,1463.012,12192,12184,12192,12184,12184,12192,400,420,400,380,460,420,2480,460,380,80,12184,15.57,45,0,345,405,N/A,
1786728218.643,2026-08-14T19:23:38,1463.513,12192,12184,12192,12184,12184,12192,420,420,400,380,460,420,2500,460,380,80,12184,14.62,45,0,360,405,N/A,
1786728219.145,2026-08-14T19:23:39,1464.013,12192,12184,12192,12184,12184,12192,420,440,420,400,480,440,2600,480,400,80,12184,17.87,46,1,502,405,N/A,
1786728219.647,2026-08-14T19:23:39,1464.513,12192,12184,12192,12184,12184,12192,420,440,420,400,460,440,2580,460,400,60,12184,18.90,46,0,397,405,N/A,
1786728220.146,2026-08-14T19:23:40,1465.013,12192,12184,12192,12184,12184,12192,420,420,420,400,460,440,2560,460,400,60,12184,16.46,45,5,435,405,N/A,
1786728220.644,2026-08-14T19:23:40,1465.513,12192,12184,12192,12184,12184,12192,420,420,420,400,460,440,2560,460,400,60,12184,15.97,45,5,330,405,N/A,
1786728221.147,2026-08-14T19:23:41,1466.013,12192,12184,12192,12184,12184,12192,420,420,420,400,480,440,2580,480,400,80,12184,15.81,45,3,375,405,N/A,
1786728221.642,2026-08-14T19:23:41,1466.513,12192,12184,12192,12184,12184,12192,420,420,420,400,480,440,2580,480,400,80,12184,16.42,46,0,405,405,N/A,
1786728222.148,2026-08-14T19:23:42,1467.013,12192,12184,12192,12184,12184,12192,420,440,420,400,480,440,2600,480,400,80,12184,17.95,45,5,360,405,N/A,
1786728222.644,2026-08-14T19:23:42,1467.513,12192,12184,12192,12184,12184,12192,440,440,420,420,480,440,2640,480,420,60,12184,19.00,45,4,487,405,N/A,
1786728223.147,2026-08-14T19:23:43,1468.013,12192,12184,12192,12184,12184,12192,440,440,420,420,480,460,2660,480,420,60,12184,17.76,45,3,352,405,N/A,
1786728223.644,2026-08-14T19:23:43,1468.513,12192,12184,12192,12184,12184,12184,480,500,500,480,540,500,3000,540,480,60,12184,24.90,46,34,1350,405,N/A,
1786728224.144,2026-08-14T19:23:44,1469.013,12184,12176,12192,12184,12184,12184,520,540,540,520,600,560,3280,600,520,80,12176,36.79,46,12,1507,810,N/A,
1786728224.645,2026-08-14T19:23:44,1469.513,12184,12176,12184,12176,12176,12184,560,580,580,540,620,600,3480,620,540,80,12176,39.89,46,9,1417,810,N/A,
1786728225.143,2026-08-14T19:23:45,1470.014,12184,12176,12184,12176,12176,12176,560,580,580,620,720,660,3720,720,560,160,12176,44.64,47,45,1890,810,N/A,
1786728225.642,2026-08-14T19:23:45,1470.514,12184,12176,12184,12176,12176,12176,640,660,640,620,720,660,3940,720,620,100,12176,45.83,46,0,1132,810,N/A,
1786728226.142,2026-08-14T19:23:46,1471.014,12184,12176,12184,12176,12176,12176,700,720,720,680,780,720,4320,780,680,100,12176,52.70,46,8,1987,7001,N/A,
1786728226.644,2026-08-14T19:23:46,1471.514,12184,12176,12184,12176,12176,12176,700,720,720,680,780,740,4340,780,680,100,12176,54.84,46,4,1552,7001,N/A,
1786728227.147,2026-08-14T19:23:47,1472.014,12184,12176,12184,12176,12176,12176,720,740,740,700,800,740,4440,800,700,100,12176,48.59,46,2,1500,810,N/A,
1786728227.643,2026-08-14T19:23:47,1472.514,12176,12168,12176,12168,12168,12176,760,780,800,760,840,800,4740,840,760,80,12168,52.88,47,23,1987,810,N/A,
1786728228.144,2026-08-14T19:23:48,1473.014,12176,12168,12184,12176,12168,12176,720,760,760,720,820,760,4540,820,720,100,12168,48.45,46,1,1132,810,N/A,
1786728228.645,2026-08-14T19:23:48,1473.514,12184,12176,12184,12176,12176,12176,700,720,720,680,780,740,4340,780,680,100,12176,39.39,46,3,1140,810,N/A,
1786728229.145,2026-08-14T19:23:49,1474.014,12176,12168,12176,12168,12168,12176,740,760,740,720,800,780,4540,800,720,80,12168,42.81,47,19,1650,405,N/A,
1786728229.645,2026-08-14T19:23:49,1474.514,12176,12168,12176,12168,12168,12176,780,800,800,760,860,820,4820,860,760,100,12168,45.32,47,15,1440,810,N/A,
1786728230.142,2026-08-14T19:23:50,1475.014,12176,12168,12176,12168,12168,12176,780,800,800,760,860,820,4820,860,760,100,12168,58.30,47,27,1785,7001,N/A,
1786728230.642,2026-08-14T19:23:50,1475.514,12176,12168,12176,12168,12168,12176,800,820,820,780,880,840,4940,880,780,100,12168,57.42,46,2,1320,7001,N/A,
1786728231.142,2026-08-14T19:23:51,1476.014,12184,12176,12184,12168,12168,12176,740,780,760,740,840,780,4640,840,740,100,12168,45.39,46,1,1020,7001,N/A,
1786728231.643,2026-08-14T19:23:51,1476.514,12184,12176,12184,12176,12176,12176,700,740,720,700,780,740,4380,780,700,80,12176,36.55,46,0,862,7001,N/A,
1786728232.144,2026-08-14T19:23:52,1477.015,12184,12176,12184,12176,12176,12176,700,720,720,680,780,740,4340,780,680,100,12176,38.55,46,5,1140,810,N/A,
1786728232.645,2026-08-14T19:23:52,1477.515,12184,12176,12184,12176,12176,12176,680,700,700,680,760,720,4240,760,680,80,12176,39.45,46,4,915,810,N/A,
1786728233.144,2026-08-14T19:23:53,1478.015,12184,12176,12184,12176,12176,12176,680,700,700,680,760,720,4240,760,680,80,12176,40.23,46,6,930,810,N/A,
1786728233.645,2026-08-14T19:23:53,1478.515,12184,12176,12184,12176,12176,12184,640,660,660,620,700,660,3940,700,620,80,12176,32.62,46,2,607,810,N/A,
1786728234.145,2026-08-14T19:23:54,1479.015,12184,12176,12184,12176,12176,12184,620,620,620,600,680,640,3780,680,600,80,12176,23.80,46,4,525,810,N/A,
1786728234.647,2026-08-14T19:23:54,1479.515,12184,12176,12184,12176,12176,12184,600,620,600,600,660,620,3700,660,600,60,12176,25.67,46,6,502,405,N/A,
1786728235.146,2026-08-14T19:23:55,1480.015,12184,12176,12184,12176,12176,12184,600,620,600,600,660,620,3700,660,600,60,12176,27.47,46,4,420,405,N/A,
1786728235.646,2026-08-14T19:23:55,1480.515,12184,12176,12184,12184,12176,12184,580,600,580,560,640,600,3560,640,560,80,12176,28.08,46,14,585,405,N/A,
1786728236.147,2026-08-14T19:23:56,1481.015,12184,12176,12184,12184,12176,12184,560,580,580,560,640,580,3500,640,560,80,12176,26.34,46,6,480,405,N/A,
1786728236.646,2026-08-14T19:23:56,1481.515,12184,12176,12184,12184,12176,12184,560,580,580,540,640,580,3480,640,540,100,12176,28.95,47,6,855,405,N/A,
1786728237.146,2026-08-14T19:23:57,1482.015,12184,12176,12184,12176,12176,12184,620,640,620,600,700,640,3820,700,600,100,12176,38.79,46,12,1387,810,N/A,
1786728237.646,2026-08-14T19:23:57,1482.515,12184,12176,12184,12176,12176,12176,640,660,660,640,720,660,3980,720,640,80,12176,45.80,46,11,1335,810,N/A,
1786728238.144,2026-08-14T19:23:58,1483.015,12184,12176,12184,12176,12176,12176,680,680,700,660,760,700,4180,760,660,100,12176,45.17,47,33,1537,810,N/A,
1786728238.644,2026-08-14T19:23:58,1483.515,12184,12176,12184,12176,12176,12176,640,640,660,620,720,660,3940,720,620,100,12176,40.99,46,0,1177,810,N/A,
1786728239.145,2026-08-14T19:23:59,1484.015,12184,12176,12184,12176,12176,12184,640,640,640,620,720,660,3920,720,620,100,12176,30.59,46,18,1095,810,N/A,
1786728239.648,2026-08-14T19:23:59,1484.515,12184,12176,12184,12176,12176,12184,620,620,640,600,700,640,3820,700,600,100,12176,29.49,46,0,960,405,N/A,
1786728240.146,2026-08-14T19:24:00,1485.016,12184,12176,12184,12176,12176,12184,620,620,640,600,700,640,3820,700,600,100,12176,35.01,46,6,1042,405,N/A,
1786728240.644,2026-08-14T19:24:00,1485.516,12184,12176,12184,12176,12176,12184,600,600,620,580,660,620,3680,660,580,80,12176,26.59,46,0,532,405,N/A,
1786728241.147,2026-08-14T19:24:01,1486.016,12184,12176,12192,12184,12184,12184,540,560,560,540,620,580,3400,620,540,80,12176,19.02,46,5,427,405,N/A,
1786728241.645,2026-08-14T19:24:01,1486.516,12184,12176,12192,12184,12176,12184,560,560,560,540,620,580,3420,620,540,80,12176,21.86,46,33,937,405,N/A,
1786728242.146,2026-08-14T19:24:02,1487.016,12184,12176,12184,12176,12176,12184,580,600,600,560,660,620,3620,660,560,100,12176,34.56,46,8,1192,810,N/A,
1786728242.645,2026-08-14T19:24:02,1487.516,12184,12176,12184,12176,12176,12176,660,660,680,620,740,700,4060,740,620,120,12176,49.85,47,10,1567,810,N/A,
1786728243.145,2026-08-14T19:24:03,1488.016,12184,12176,12184,12176,12176,12176,680,680,700,660,760,720,4200,760,660,100,12176,49.86,47,11,1357,810,N/A,
1786728243.644,2026-08-14T19:24:03,1488.516,12176,12168,12176,12176,12168,12176,700,720,720,680,800,740,4360,800,680,120,12168,45.20,46,13,1230,405,N/A,
1786728244.144,2026-08-14T19:24:04,1489.016,12168,12160,12168,12168,12168,12168,880,900,900,840,980,920,5420,980,840,140,12160,64.45,48,11,2805,13801,N/A,
1786728244.644,2026-08-14T19:24:04,1489.516,12168,12160,12168,12160,12160,12160,1000,1020,1020,980,1120,1040,6180,1120,980,140,12160,90.81,49,9,2940,13801,N/A,
1786728245.144,2026-08-14T19:24:05,1490.016,12168,12160,12168,12160,12160,12160,1000,1020,1020,980,1120,1040,6180,1120,980,140,12160,101.97,48,4,2947,13801,N/A,
1786728245.644,2026-08-14T19:24:05,1490.516,12160,12152,12168,12160,12152,12160,1100,1120,1120,1060,1240,1140,6780,1240,1060,180,12152,101.62,49,13,2947,13801,N/A,
1786728246.144,2026-08-14T19:24:06,1491.016,12160,12152,12160,12152,12152,12160,1180,1200,1200,1140,1320,1220,7260,1320,1140,180,12152,101.06,49,3,2910,13801,N/A,
1786728246.644,2026-08-14T19:24:06,1491.516,12160,12152,12160,12152,12152,12160,1180,1200,1220,1160,1340,1240,7340,1340,1160,180,12152,92.12,48,1,2902,13801,N/A,
1786728247.144,2026-08-14T19:24:07,1492.017,12160,12152,12160,12152,12152,12160,1200,1220,1220,1160,1340,1260,7400,1340,1160,180,12152,88.92,48,2,2902,13801,N/A,
1786728247.644,2026-08-14T19:24:07,1492.517,12160,12152,12160,12152,12152,12160,1180,1200,1200,1140,1320,1220,7260,1320,1140,180,12152,84.30,48,0,2670,13801,N/A,
1786728248.144,2026-08-14T19:24:08,1493.017,12160,12152,12160,12160,12152,12160,1140,1160,1140,1100,1260,1180,6980,1260,1100,160,12152,74.24,48,1,2602,13801,N/A,
1786728248.644,2026-08-14T19:24:08,1493.517,12168,12152,12168,12160,12160,12160,1100,1120,1120,1060,1240,1140,6780,1240,1060,180,12152,66.26,48,1,2602,13801,N/A,
1786728249.144,2026-08-14T19:24:09,1494.017,12160,12152,12160,12160,12152,12160,1120,1140,1120,1080,1260,1180,6900,1260,1080,180,12152,66.62,47,8,2362,7001,N/A,
1786728249.646,2026-08-14T19:24:09,1494.517,12160,12152,12160,12152,12152,12160,1200,1220,1220,1140,1340,1260,7380,1340,1140,200,12152,83.22,49,2,2880,13801,N/A,
1786728250.145,2026-08-14T19:24:10,1495.017,12160,12152,12160,12152,12152,12160,1200,1220,1220,1140,1340,1260,7380,1340,1140,200,12152,95.53,48,2,2670,13801,N/A,
1786728250.645,2026-08-14T19:24:10,1495.517,12160,12152,12160,12152,12152,12152,1200,1220,1220,1160,1340,1260,7400,1340,1160,180,12152,93.28,49,15,2692,13801,N/A,
1786728251.145,2026-08-14T19:24:11,1496.017,12160,12152,12160,12152,12152,12152,1220,1240,1240,1160,1360,1280,7500,1360,1160,200,12152,88.39,49,10,2737,13801,N/A,
1786728251.645,2026-08-14T19:24:11,1496.517,12160,12152,12160,12152,12152,12152,1220,1240,1240,1160,1360,1280,7500,1360,1160,200,12152,87.10,48,8,2670,13801,N/A,
1786728252.145,2026-08-14T19:24:12,1497.017,12160,12152,12160,12152,12152,12152,1200,1240,1220,1160,1360,1260,7440,1360,1160,200,12152,83.81,48,8,2670,13801,N/A,
1786728252.645,2026-08-14T19:24:12,1497.517,12160,12152,12160,12152,12152,12152,1200,1220,1200,1140,1340,1240,7340,1340,1140,200,12152,79.91,48,7,2662,13801,N/A,
1786728253.145,2026-08-14T19:24:13,1498.017,12160,12152,12160,12152,12152,12152,1180,1220,1200,1140,1320,1240,7300,1320,1140,180,12152,79.28,48,7,2670,13801,N/A,
1786728253.645,2026-08-14T19:24:13,1498.517,12160,12152,12160,12152,12152,12152,1180,1220,1200,1140,1340,1240,7320,1340,1140,200,12152,81.34,48,7,2692,13801,N/A,
1786728254.145,2026-08-14T19:24:14,1499.017,12160,12152,12160,12152,12152,12152,1140,1180,1160,1100,1300,1200,7080,1300,1100,200,12152,80.54,48,7,2452,7001,N/A,
1786728254.646,2026-08-14T19:24:14,1499.518,12160,12152,12160,12152,12152,12160,1140,1180,1160,1100,1300,1200,7080,1300,1100,200,12152,70.44,48,6,1620,7001,N/A,
1786728255.145,2026-08-14T19:24:15,1500.018,12160,12152,12160,12152,12152,12160,1060,1100,1060,1020,1200,1120,6560,1200,1020,180,12152,59.35,48,8,1485,7001,N/A,
1786728255.646,2026-08-14T19:24:15,1500.518,12168,12152,12168,12160,12160,12160,1020,1060,1000,960,1140,1080,6260,1140,960,180,12152,55.30,47,8,1357,7001,N/A,
1786728256.146,2026-08-14T19:24:16,1501.018,12168,12160,12168,12160,12160,12160,980,1000,960,920,1100,1020,5980,1100,920,180,12160,54.49,47,8,1222,7001,N/A,
1786728256.646,2026-08-14T19:24:16,1501.518,12168,12160,12168,12160,12160,12160,960,980,920,880,1060,1000,5800,1060,880,180,12160,54.80,48,13,1395,7001,N/A,
1786728257.146,2026-08-14T19:24:17,1502.018,12168,12160,12168,12160,12160,12160,940,960,900,880,1040,980,5700,1040,880,160,12160,58.05,48,9,1350,7001,N/A,
1786728257.646,2026-08-14T19:24:17,1502.518,12168,12160,12168,12160,12160,12168,900,920,860,840,1000,940,5460,1000,840,160,12160,55.68,47,7,1102,7001,N/A,
1786728258.146,2026-08-14T19:24:18,1503.018,12168,12160,12168,12160,12160,12168,880,880,840,800,980,920,5300,980,800,180,12160,50.94,47,7,1050,7001,N/A,
1786728258.646,2026-08-14T19:24:18,1503.518,12168,12160,12168,12160,12160,12168,860,860,820,780,960,880,5160,960,780,180,12160,50.82,47,3,1035,7001,N/A,
1786728259.147,2026-08-14T19:24:19,1504.018,12168,12160,12168,12168,12160,12168,820,820,760,740,900,840,4880,900,740,160,12160,49.19,47,10,967,810,N/A,
1786728259.647,2026-08-14T19:24:19,1504.518,12168,12160,12168,12168,12160,12168,820,820,760,740,900,840,4880,900,740,160,12160,36.96,47,0,382,810,N/A,
1786728260.149,2026-08-14T19:24:20,1505.018,12176,12168,12176,12168,12168,12168,720,740,680,660,820,760,4380,820,660,160,12168,22.49,46,0,292,810,N/A,
1786728260.649,2026-08-14T19:24:20,1505.518,12176,12168,12176,12168,12168,12168,720,740,680,660,800,760,4360,800,660,140,12168,31.18,47,21,1837,810,N/A,
1786728261.150,2026-08-14T19:24:21,1506.018,12168,12160,12168,12168,12160,12168,760,780,740,700,860,800,4640,860,700,160,12160,50.46,48,19,1627,810,N/A,
1786728261.647,2026-08-14T19:24:21,1506.518,12168,12160,12168,12160,12160,12168,800,820,760,740,900,840,4860,900,740,160,12160,58.44,47,8,1605,810,N/A,
1786728262.153,2026-08-14T19:24:22,1507.019,12176,12168,12176,12168,12168,12168,740,740,700,660,820,760,4420,820,660,160,12168,40.82,47,0,825,810,N/A,
1786728262.652,2026-08-14T19:24:22,1507.519,12176,12168,12176,12168,12168,12168,700,700,640,620,760,720,4140,760,620,140,12168,24.79,47,25,975,405,N/A,
1786728263.151,2026-08-14T19:24:23,1508.019,12176,12168,12176,12168,12168,12168,660,660,600,580,720,680,3900,720,580,140,12168,25.37,47,17,817,405,N/A,
1786728263.652,2026-08-14T19:24:23,1508.519,12176,12168,12176,12168,12168,12176,620,620,580,540,680,640,3680,680,540,140,12168,23.35,47,5,757,405,N/A,
1786728264.150,2026-08-14T19:24:24,1509.019,12176,12168,12176,12168,12168,12176,580,580,540,500,640,600,3440,640,500,140,12168,21.27,46,3,547,405,N/A,
1786728264.652,2026-08-14T19:24:24,1509.519,12176,12168,12176,12168,12168,12176,580,580,540,500,640,600,3440,640,500,140,12168,18.06,46,1,345,405,N/A,
1786728265.153,2026-08-14T19:24:25,1510.019,12176,12168,12184,12176,12168,12176,540,540,500,460,600,560,3200,600,460,140,12168,14.91,46,2,292,405,N/A,
1786728265.652,2026-08-14T19:24:25,1510.519,12184,12176,12184,12176,12176,12176,520,520,460,440,560,540,3040,560,440,120,12176,14.72,46,2,285,405,N/A,
1786728266.153,2026-08-14T19:24:26,1511.019,12184,12176,12184,12176,12176,12176,480,500,440,420,540,520,2900,540,420,120,12176,15.14,46,1,307,405,N/A,
1786728266.653,2026-08-14T19:24:26,1511.519,12184,12176,12184,12176,12176,12184,460,480,440,420,520,500,2820,520,420,100,12176,15.84,46,2,307,405,N/A,
1786728267.150,2026-08-14T19:24:27,1512.019,12184,12176,12184,12176,12176,12184,460,460,420,400,500,480,2720,500,400,100,12176,15.57,46,2,285,405,N/A,
1786728267.653,2026-08-14T19:24:27,1512.519,12184,12176,12184,12176,12176,12184,440,460,400,380,500,480,2660,500,380,120,12176,14.88,46,2,300,405,N/A,
1786728268.153,2026-08-14T19:24:28,1513.019,12184,12176,12184,12176,12176,12184,440,440,400,380,480,460,2600,480,380,100,12176,15.10,46,2,285,405,N/A,
1786728268.653,2026-08-14T19:24:28,1513.519,12184,12176,12184,12176,12176,12184,440,440,400,360,480,460,2580,480,360,120,12176,15.14,46,1,285,405,N/A,
1786728269.153,2026-08-14T19:24:29,1514.020,12184,12176,12184,12176,12176,12184,420,440,380,360,480,440,2520,480,360,120,12176,14.93,46,2,277,405,N/A,
1786728269.653,2026-08-14T19:24:29,1514.520,12184,12176,12184,12176,12176,12184,420,440,380,360,480,440,2520,480,360,120,12176,14.44,46,2,285,405,N/A,
1786728270.153,2026-08-14T19:24:30,1515.020,12184,12176,12184,12176,12176,12184,420,440,380,360,460,440,2500,460,360,100,12176,14.58,46,2,292,405,N/A,
1786728270.653,2026-08-14T19:24:30,1515.520,12184,12176,12184,12176,12176,12184,420,440,380,360,480,440,2520,480,360,120,12176,14.84,46,2,300,405,N/A,
1786728271.153,2026-08-14T19:24:31,1516.020,12184,12176,12184,12176,12176,12184,420,420,380,360,480,440,2500,480,360,120,12176,14.66,46,2,292,405,N/A,
1786728271.651,2026-08-14T19:24:31,1516.520,12184,12176,12184,12176,12176,12184,420,420,380,360,460,440,2480,460,360,100,12176,14.38,46,2,300,405,N/A,
1786728272.153,2026-08-14T19:24:32,1517.020,12184,12176,12184,12176,12176,12184,420,420,380,360,480,440,2500,480,360,120,12176,14.61,46,2,367,405,N/A,
1786728272.653,2026-08-14T19:24:32,1517.520,12184,12176,12184,12176,12176,12184,420,420,360,360,460,420,2440,460,360,100,12176,14.64,46,2,322,405,N/A,
1786728273.153,2026-08-14T19:24:33,1518.020,12184,12176,12184,12176,12176,12184,420,420,360,360,460,440,2460,460,360,100,12176,14.41,46,2,315,405,N/A,
1786728273.651,2026-08-14T19:24:33,1518.520,12184,12176,12184,12176,12176,12184,420,420,360,340,460,440,2440,460,340,120,12176,14.74,46,2,307,405,N/A,
1786728274.153,2026-08-14T19:24:34,1519.020,12184,12176,12184,12176,12176,12176,420,420,360,340,460,440,2440,460,340,120,12176,15.16,46,2,360,405,N/A,
1786728274.653,2026-08-14T19:24:34,1519.520,12184,12176,12184,12176,12176,12176,420,420,360,340,460,440,2440,460,340,120,12176,14.93,46,2,337,405,N/A,
1786728275.154,2026-08-14T19:24:35,1520.020,12184,12176,12184,12176,12176,12176,420,420,360,340,460,440,2440,460,340,120,12176,14.73,46,1,330,405,N/A,
1786728275.653,2026-08-14T19:24:35,1520.520,12184,12176,12184,12176,12176,12176,420,420,360,340,480,440,2460,480,340,140,12176,14.82,46,1,307,405,N/A,
1786728276.154,2026-08-14T19:24:36,1521.021,12184,12168,12184,12176,12176,12176,420,440,340,340,480,440,2460,480,340,140,12168,15.08,46,2,352,405,N/A,
1786728276.654,2026-08-14T19:24:36,1521.521,12184,12176,12184,12176,12176,12176,420,420,340,340,480,440,2440,480,340,140,12176,15.02,46,2,315,405,N/A,
1786728277.154,2026-08-14T19:24:37,1522.021,12184,12176,12184,12176,12176,12176,420,420,360,340,480,440,2460,480,340,140,12176,15.79,46,1,307,405,N/A,
1786728277.653,2026-08-14T19:24:37,1522.521,12184,12176,12184,12176,12176,12184,420,420,360,340,460,440,2440,460,340,120,12176,17.77,46,2,322,405,N/A,
1786728278.154,2026-08-14T19:24:38,1523.021,12184,12176,12184,12176,12176,12184,420,420,360,340,460,440,2440,460,340,120,12176,18.56,46,1,307,405,N/A,
1786728278.654,2026-08-14T19:24:38,1523.521,12184,12176,12184,12176,12176,12184,420,420,360,340,460,420,2420,460,340,120,12176,18.66,46,1,307,405,N/A,
1786728279.153,2026-08-14T19:24:39,1524.021,12184,12176,12184,12176,12176,12184,420,420,360,340,460,440,2440,460,340,120,12176,18.52,46,1,307,405,N/A,
1786728279.654,2026-08-14T19:24:39,1524.521,12184,12176,12184,12176,12176,12184,420,420,360,340,460,440,2440,460,340,120,12176,18.39,46,1,307,405,N/A,
1786728280.154,2026-08-14T19:24:40,1525.021,12184,12176,12184,12176,12176,12184,420,420,360,340,460,420,2420,460,340,120,12176,18.48,46,1,307,405,N/A,
1786728280.653,2026-08-14T19:24:40,1525.521,12184,12176,12184,12176,12176,12184,420,420,360,340,460,420,2420,460,340,120,12176,18.58,46,1,307,405,N/A,
1786728281.155,2026-08-14T19:24:41,1526.021,12184,12176,12184,12176,12176,12184,420,420,360,340,460,420,2420,460,340,120,12176,18.69,46,2,307,405,N/A,
1786728281.652,2026-08-14T19:24:41,1526.521,12184,12176,12184,12184,12176,12184,420,420,360,340,460,420,2420,460,340,120,12176,18.74,46,1,315,405,N/A,
1786728282.151,2026-08-14T19:24:42,1527.021,12184,12176,12184,12176,12176,12184,400,420,360,340,460,420,2400,460,340,120,12176,18.94,46,1,315,405,N/A,
1786728282.653,2026-08-14T19:24:42,1527.521,12184,12176,12184,12184,12176,12184,400,420,360,340,460,420,2400,460,340,120,12176,18.87,46,1,300,405,N/A,
1786728283.155,2026-08-14T19:24:43,1528.022,12184,12176,12184,12184,12176,12184,400,420,360,340,460,420,2400,460,340,120,12176,18.53,46,1,307,405,N/A,
1786728283.653,2026-08-14T19:24:43,1528.522,12184,12176,12184,12184,12176,12184,400,420,360,340,460,440,2420,460,340,120,12176,18.29,46,1,307,405,N/A,
1786728284.152,2026-08-14T19:24:44,1529.022,12184,12176,12184,12184,12176,12184,400,420,360,340,460,420,2400,460,340,120,12176,18.38,46,1,322,405,N/A,
1786728284.653,2026-08-14T19:24:44,1529.522,12184,12176,12184,12176,12176,12184,400,420,360,340,460,420,2400,460,340,120,12176,18.86,46,1,307,405,N/A,
1786728285.155,2026-08-14T19:24:45,1530.022,12184,12176,12184,12184,12176,12184,420,420,360,340,460,420,2420,460,340,120,12176,18.94,46,1,322,405,N/A,
1786728285.653,2026-08-14T19:24:45,1530.522,12184,12176,12184,12184,12176,12184,420,420,360,340,460,440,2440,460,340,120,12176,18.46,46,1,307,405,N/A,
1786728286.155,2026-08-14T19:24:46,1531.022,12184,12176,12184,12184,12176,12184,400,420,360,340,460,420,2400,460,340,120,12176,17.95,46,1,307,405,N/A,
1786728286.653,2026-08-14T19:24:46,1531.522,12184,12176,12184,12176,12176,12184,420,420,380,360,480,440,2500,480,360,120,12176,19.34,46,10,390,405,N/A,
1786728287.154,2026-08-14T19:24:47,1532.022,12184,12176,12184,12176,12176,12184,440,440,380,360,500,460,2580,500,360,140,12176,23.07,46,18,510,405,N/A,
1786728287.653,2026-08-14T19:24:47,1532.522,12184,12176,12184,12176,12176,12184,440,460,400,380,500,460,2640,500,380,120,12176,25.32,46,4,450,405,N/A,
1786728288.155,2026-08-14T19:24:48,1533.022,12184,12176,12184,12176,12176,12184,460,460,400,380,500,460,2660,500,380,120,12176,23.18,46,4,405,405,N/A,
1786728288.653,2026-08-14T19:24:48,1533.522,12184,12176,12184,12176,12176,12184,440,460,400,380,500,480,2660,500,380,120,12176,22.45,46,4,427,405,N/A,
1786728289.158,2026-08-14T19:24:49,1534.022,12184,12176,12184,12176,12176,12184,440,460,400,380,500,480,2660,500,380,120,12176,22.70,46,4,412,405,N/A,
1786728289.657,2026-08-14T19:24:49,1534.522,12184,12176,12184,12176,12176,12184,460,460,400,380,500,480,2680,500,380,120,12176,22.56,46,5,397,405,N/A,
1786728290.156,2026-08-14T19:24:50,1535.022,12184,12176,12184,12176,12176,12184,440,460,400,380,500,480,2660,500,380,120,12176,22.33,46,4,360,405,N/A,
1786728290.656,2026-08-14T19:24:50,1535.523,12184,12176,12184,12176,12176,12184,460,460,400,380,500,480,2680,500,380,120,12176,22.42,46,4,337,405,N/A,
1786728291.159,2026-08-14T19:24:51,1536.023,12184,12176,12184,12176,12176,12184,440,460,400,380,500,480,2660,500,380,120,12176,22.56,46,4,337,405,N/A,
1786728291.656,2026-08-14T19:24:51,1536.523,12184,12176,12184,12176,12176,12184,460,460,420,400,520,480,2740,520,400,120,12176,23.93,46,5,465,405,N/A,
1786728292.156,2026-08-14T19:24:52,1537.023,12184,12176,12184,12176,12176,12184,460,480,420,400,520,480,2760,520,400,120,12176,24.10,46,4,382,405,N/A,
1786728292.656,2026-08-14T19:24:52,1537.523,12184,12176,12184,12176,12176,12184,480,480,420,400,520,500,2800,520,400,120,12176,24.67,46,4,397,405,N/A,
1786728293.156,2026-08-14T19:24:53,1538.023,12184,12176,12184,12176,12176,12184,480,480,420,400,520,500,2800,520,400,120,12176,25.66,46,5,367,405,N/A,
1786728293.656,2026-08-14T19:24:53,1538.523,12184,12176,12184,12176,12176,12184,460,480,420,400,520,480,2760,520,400,120,12176,24.25,46,4,330,405,N/A,
1786728294.157,2026-08-14T19:24:54,1539.023,12184,12176,12184,12176,12176,12184,460,480,420,400,520,480,2760,520,400,120,12176,22.76,46,5,345,405,N/A,
1786728294.654,2026-08-14T19:24:54,1539.523,12184,12176,12184,12176,12176,12184,480,480,440,420,540,500,2860,540,420,120,12176,24.93,46,5,450,405,N/A,
1786728295.156,2026-08-14T19:24:55,1540.023,12184,12176,12184,12176,12176,12184,480,480,440,420,540,500,2860,540,420,120,12176,25.60,46,5,352,405,N/A,
1786728295.655,2026-08-14T19:24:55,1540.523,12184,12176,12184,12176,12176,12184,460,480,420,400,520,500,2780,520,400,120,12176,22.95,46,4,337,405,N/A,
1786728296.157,2026-08-14T19:24:56,1541.023,12184,12176,12184,12176,12176,12184,460,480,420,400,520,500,2780,520,400,120,12176,22.57,46,4,375,405,N/A,
1786728296.656,2026-08-14T19:24:56,1541.523,12184,12176,12184,12176,12176,12184,460,480,420,400,520,480,2760,520,400,120,12176,23.19,46,4,360,405,N/A,
1786728297.157,2026-08-14T19:24:57,1542.023,12184,12176,12184,12176,12176,12184,460,480,420,400,520,480,2760,520,400,120,12176,23.39,46,4,345,405,N/A,
1786728297.657,2026-08-14T19:24:57,1542.524,12184,12176,12184,12176,12176,12184,460,460,420,400,520,480,2740,520,400,120,12176,22.93,46,5,345,405,N/A,
1786728298.157,2026-08-14T19:24:58,1543.024,12184,12176,12184,12176,12176,12184,460,460,420,400,520,480,2740,520,400,120,12176,22.34,46,4,330,405,N/A,
1786728298.657,2026-08-14T19:24:58,1543.524,12184,12176,12184,12176,12176,12184,460,460,420,400,520,480,2740,520,400,120,12176,22.41,46,4,345,405,N/A,
1786728299.157,2026-08-14T19:24:59,1544.024,12184,12176,12184,12176,12176,12184,460,460,420,400,520,480,2740,520,400,120,12176,22.80,46,4,352,405,N/A,
1786728299.657,2026-08-14T19:24:59,1544.524,12184,12176,12184,12176,12176,12184,460,460,420,400,520,480,2740,520,400,120,12176,22.86,46,5,360,405,N/A,
1786728300.158,2026-08-14T19:25:00,1545.024,12184,12176,12184,12176,12176,12184,460,460,420,400,520,480,2740,520,400,120,12176,22.49,46,5,352,405,N/A,
1786728300.657,2026-08-14T19:25:00,1545.524,12184,12176,12184,12176,12176,12184,460,460,400,400,500,480,2700,500,400,100,12176,22.36,46,4,337,405,N/A,
1786728301.157,2026-08-14T19:25:01,1546.024,12184,12176,12184,12176,12176,12184,460,460,420,400,500,480,2720,500,400,100,12176,22.24,46,4,337,405,N/A,
1786728301.657,2026-08-14T19:25:01,1546.524,12184,12176,12184,12176,12176,12184,460,460,420,400,500,480,2720,500,400,100,12176,22.23,46,5,337,405,N/A,
1786728302.158,2026-08-14T19:25:02,1547.024,12184,12176,12184,12176,12176,12184,460,460,400,400,500,480,2700,500,400,100,12176,21.95,46,4,337,405,N/A,
1786728302.657,2026-08-14T19:25:02,1547.524,12184,12176,12184,12176,12176,12184,460,460,420,400,500,480,2720,500,400,100,12176,21.68,46,6,345,405,N/A,
1786728303.158,2026-08-14T19:25:03,1548.024,12184,12176,12184,12176,12176,12184,440,460,400,400,500,480,2680,500,400,100,12176,21.76,46,4,337,405,N/A,
1786728303.658,2026-08-14T19:25:03,1548.524,12184,12176,12184,12176,12176,12184,460,460,420,400,500,480,2720,500,400,100,12176,22.18,46,4,345,405,N/A,
1786728304.158,2026-08-14T19:25:04,1549.024,12184,12176,12184,12176,12176,12184,460,460,420,400,500,480,2720,500,400,100,12176,22.37,46,5,360,405,N/A,
1786728304.658,2026-08-14T19:25:04,1549.525,12184,12176,12184,12176,12176,12184,440,460,420,400,500,460,2680,500,400,100,12176,22.92,46,4,352,405,N/A,
1786728305.154,2026-08-14T19:25:05,1550.025,12184,12176,12184,12176,12176,12184,460,460,420,400,500,480,2720,500,400,100,12176,23.37,46,5,345,405,N/A,
1786728305.657,2026-08-14T19:25:05,1550.525,12184,12176,12184,12176,12176,12184,460,460,420,400,500,480,2720,500,400,100,12176,23.22,46,4,337,405,N/A,
1786728306.158,2026-08-14T19:25:06,1551.025,12184,12176,12184,12176,12176,12184,460,460,400,400,500,480,2700,500,400,100,12176,22.85,46,4,330,405,N/A,
1786728306.657,2026-08-14T19:25:06,1551.525,12184,12176,12184,12176,12176,12184,440,460,420,400,500,480,2700,500,400,100,12176,22.31,46,4,352,405,N/A,
1786728307.157,2026-08-14T19:25:07,1552.025,12184,12176,12184,12176,12176,12184,440,460,400,380,500,480,2660,500,380,120,12176,21.98,46,4,367,405,N/A,
1786728307.657,2026-08-14T19:25:07,1552.525,12184,12176,12184,12176,12176,12184,440,460,420,380,500,480,2680,500,380,120,12176,22.17,46,4,397,405,N/A,
1786728308.158,2026-08-14T19:25:08,1553.025,12184,12176,12184,12176,12176,12184,440,460,420,380,500,480,2680,500,380,120,12176,22.62,46,6,412,405,N/A,
1786728308.658,2026-08-14T19:25:08,1553.525,12184,12176,12184,12176,12176,12184,460,460,420,400,500,480,2720,500,400,100,12176,22.34,46,4,390,405,N/A,
1786728309.158,2026-08-14T19:25:09,1554.025,12184,12176,12184,12176,12176,12184,460,460,420,400,500,480,2720,500,400,100,12176,21.96,46,4,405,405,N/A,
1786728309.658,2026-08-14T19:25:09,1554.525,12184,12176,12184,12176,12176,12184,460,460,420,400,500,480,2720,500,400,100,12176,21.97,46,5,397,405,N/A,
1786728310.158,2026-08-14T19:25:10,1555.025,12184,12176,12184,12176,12176,12184,460,460,420,400,520,480,2740,520,400,120,12176,22.95,46,6,450,405,N/A,
1786728310.658,2026-08-14T19:25:10,1555.525,12184,12176,12184,12176,12176,12184,460,460,420,400,520,480,2740,520,400,120,12176,23.40,46,5,442,405,N/A,
1786728311.158,2026-08-14T19:25:11,1556.025,12184,12176,12184,12176,12176,12184,460,460,420,400,520,480,2740,520,400,120,12176,23.38,46,5,472,405,N/A,
1786728311.658,2026-08-14T19:25:11,1556.525,12184,12176,12184,12176,12176,12184,460,480,420,400,520,480,2760,520,400,120,12176,23.44,46,5,442,405,N/A,
1786728312.158,2026-08-14T19:25:12,1557.025,12184,12176,12184,12176,12176,12184,460,480,420,400,520,480,2760,520,400,120,12176,24.47,46,6,480,405,N/A,
1786728312.658,2026-08-14T19:25:12,1557.526,12184,12176,12184,12176,12176,12184,460,480,420,400,520,480,2760,520,400,120,12176,24.50,46,5,450,405,N/A,
1786728313.159,2026-08-14T19:25:13,1558.026,12184,12176,12184,12176,12176,12184,460,480,420,400,520,480,2760,520,400,120,12176,23.10,46,10,427,405,N/A,
1786728313.657,2026-08-14T19:25:13,1558.526,12184,12176,12184,12176,12176,12184,460,480,420,400,520,480,2760,520,400,120,12176,22.72,46,9,420,405,N/A,
1786728314.159,2026-08-14T19:25:14,1559.026,12184,12176,12184,12176,12176,12184,460,480,420,400,520,480,2760,520,400,120,12176,22.86,46,14,450,405,N/A,
1786728314.659,2026-08-14T19:25:14,1559.526,12184,12176,12184,12176,12176,12184,460,480,420,400,520,480,2760,520,400,120,12176,22.20,46,4,382,405,N/A,
1786728315.154,2026-08-14T19:25:15,1560.026,12184,12176,12184,12176,12176,12176,480,480,420,400,520,480,2780,520,400,120,12176,24.32,48,23,727,405,N/A,
1786728315.654,2026-08-14T19:25:15,1560.526,12160,12152,12160,12152,12152,12160,1080,1140,1140,1060,1260,1080,6760,1260,1060,200,12152,122.04,55,73,2835,13801,N/A,
1786728316.154,2026-08-14T19:25:16,1561.026,12136,12128,12144,12128,12128,12128,2000,1860,2060,1860,2180,2000,11960,2180,1860,320,12128,266.90,57,78,2880,13801,N/A,
1786728316.654,2026-08-14T19:25:16,1561.526,12120,12120,12120,12104,12112,12112,2560,2540,2720,2500,2820,2680,15820,2820,2500,320,12104,346.47,56,62,2880,13801,N/A,
1786728317.154,2026-08-14T19:25:17,1562.026,12104,12104,12104,12096,12096,12096,3020,3060,3280,3060,3380,3140,18940,3380,3020,360,12096,341.23,57,75,2880,13801,N/A,
1786728317.654,2026-08-14T19:25:17,1562.526,12096,12088,12088,12088,12080,12080,3340,3540,3700,3460,3880,3520,21440,3880,3340,540,12080,342.91,58,71,2872,13801,N/A,
1786728318.154,2026-08-14T19:25:18,1563.026,12080,12072,12072,12072,12064,12072,3780,3920,4120,3860,4360,3940,23980,4360,3780,580,12064,358.76,58,75,2872,13801,N/A,
1786728318.654,2026-08-14T19:25:18,1563.526,12080,12072,12072,12072,12064,12072,3780,3920,4120,3860,4360,3940,23980,4360,3780,580,12064,374.30,59,84,2865,13801,N/A,
1786728319.154,2026-08-14T19:25:19,1564.026,12072,12064,12064,12064,12056,12056,4120,4320,4500,4240,4760,4280,26220,4760,4120,640,12056,401.53,60,83,2865,13801,N/A,
1786728319.654,2026-08-14T19:25:19,1564.526,12064,12048,12056,12056,12048,12048,4440,4600,4800,4520,5060,4640,28060,5060,4440,620,12048,402.43,60,81,2865,13801,N/A,
1786728320.154,2026-08-14T19:25:20,1565.027,12056,12040,12048,12048,12040,12040,4780,4900,5140,4860,5440,4940,30060,5440,4780,660,12040,422.45,61,78,2850,13801,N/A,
1786728320.654,2026-08-14T19:25:20,1565.527,12048,12040,12048,12040,12040,12040,4940,4980,5260,4960,5560,5080,30780,5560,4940,620,12040,417.43,60,48,2872,13801,N/A,
1786728321.154,2026-08-14T19:25:21,1566.027,12048,12032,12048,12040,12032,12040,5120,5140,5440,5140,5780,5220,31840,5780,5120,660,12032,406.96,62,86,2857,13801,N/A,
1786728321.654,2026-08-14T19:25:21,1566.527,12040,12032,12040,12032,12032,12032,5220,5260,5600,5260,5940,5360,32640,5940,5220,720,12032,420.84,62,85,2857,13801,N/A,
1786728322.155,2026-08-14T19:25:22,1567.027,12064,12048,12056,12048,12048,12056,4600,4620,4920,4600,5200,4720,28660,5200,4600,600,12048,305.88,53,1,2932,13801,N/A,
1786728322.655,2026-08-14T19:25:22,1567.527,12048,12040,12056,12048,12040,12040,4940,4920,5240,4860,5600,5060,30620,5600,4860,740,12040,296.08,62,96,2850,13801,N/A,
1786728323.155,2026-08-14T19:25:23,1568.027,12048,12024,12048,12040,12032,12032,5180,5200,5500,5200,5860,5300,32240,5860,5180,680,12024,384.04,62,96,2842,13801,N/A,
1786728323.655,2026-08-14T19:25:23,1568.527,12048,12024,12048,12040,12032,12032,5180,5200,5500,5200,5860,5300,32240,5860,5180,680,12024,444.38,63,96,2842,13801,N/A,
1786728324.155,2026-08-14T19:25:24,1569.027,12040,12016,12032,12032,12024,12024,5360,5460,5660,5340,6120,5540,33480,6120,5340,780,12016,445.23,63,94,2842,13801,N/A,
1786728324.655,2026-08-14T19:25:24,1569.527,12040,12016,12032,12024,12024,12024,5540,5620,5780,5480,6260,5700,34380,6260,5480,780,12016,447.11,63,95,2842,13801,N/A,
1786728325.155,2026-08-14T19:25:25,1570.027,12032,12016,12024,12024,12016,12024,5680,5700,5880,5700,6320,5820,35100,6320,5680,640,12016,444.84,63,94,2835,13801,N/A,
1786728325.655,2026-08-14T19:25:25,1570.527,12024,12016,12024,12016,12016,12016,5720,5880,6000,5800,6360,6020,35780,6360,5720,640,12016,446.84,63,95,2835,13801,N/A,
1786728326.155,2026-08-14T19:25:26,1571.027,12024,12008,12016,12016,12008,12008,5820,5920,6100,5800,6440,6120,36200,6440,5800,640,12008,448.93,63,95,2835,13801,N/A,
1786728326.655,2026-08-14T19:25:26,1571.527,12024,12008,12016,12016,12008,12008,5860,6020,6220,5900,6560,6160,36720,6560,5860,700,12008,449.86,64,97,2835,13801,N/A,
1786728327.155,2026-08-14T19:25:27,1572.027,12024,12008,12016,12016,12008,12008,5840,6000,6200,5900,6500,6240,36680,6500,5840,660,12008,449.98,64,93,2842,13801,N/A,
1786728327.655,2026-08-14T19:25:27,1572.528,12016,12000,12016,12008,12008,12008,5980,6000,6300,5960,6540,6300,37080,6540,5960,580,12000,444.49,64,93,2842,13801,N/A,
1786728328.155,2026-08-14T19:25:28,1573.028,12016,12000,12016,12008,12008,12008,6080,6020,6240,5940,6680,6300,37260,6680,5940,740,12000,448.95,64,92,2835,13801,N/A,
1786728328.655,2026-08-14T19:25:28,1573.528,12016,12000,12016,12008,12008,12008,6080,6020,6240,5940,6680,6300,37260,6680,5940,740,12000,457.04,64,96,2842,13801,N/A,
1786728329.155,2026-08-14T19:25:29,1574.028,12016,11992,12016,12008,12008,12000,6120,6060,6300,6000,6700,6380,37560,6700,6000,700,11992,456.15,65,96,2835,13801,N/A,
1786728329.656,2026-08-14T19:25:29,1574.528,12016,12000,12008,12000,12008,12000,6120,6160,6360,6040,6760,6440,37880,6760,6040,720,12000,457.35,64,94,2835,13801,N/A,
1786728330.156,2026-08-14T19:25:30,1575.028,12016,12000,12008,12008,12008,12000,6080,6120,6380,6040,6760,6360,37740,6760,6040,720,12000,448.27,65,96,2842,13801,N/A,
1786728330.656,2026-08-14T19:25:30,1575.528,12016,12000,12016,12000,12000,12000,6160,6100,6320,6180,6680,6320,37760,6680,6100,580,12000,445.44,64,94,2842,13801,N/A,
1786728331.156,2026-08-14T19:25:31,1576.028,12016,11992,12016,12000,12000,12000,6120,6180,6400,6200,6720,6380,38000,6720,6120,600,11992,452.48,65,91,2835,13801,N/A,
1786728331.656,2026-08-14T19:25:31,1576.528,12008,12000,12008,12000,12000,12000,6160,6220,6420,6240,6820,6360,38220,6820,6160,660,12000,462.70,65,96,2835,13801,N/A,
1786728332.156,2026-08-14T19:25:32,1577.028,12024,12016,12032,12016,12024,12016,5600,5700,5880,5720,6240,5840,34980,6240,5600,640,12016,434.81,60,30,2857,13801,N/A,
1786728332.656,2026-08-14T19:25:32,1577.528,12024,12016,12024,12016,12016,12016,5600,5720,5960,5760,6240,5840,35120,6240,5600,640,12016,345.14,63,94,2872,13801,N/A,
1786728333.156,2026-08-14T19:25:33,1578.028,12016,12008,12024,12016,12016,12008,5740,5860,6220,5840,6460,6060,36180,6460,5740,720,12008,367.85,65,95,2842,13801,N/A,
1786728333.656,2026-08-14T19:25:33,1578.528,12016,12008,12024,12016,12016,12008,5740,5860,6220,5840,6460,6060,36180,6460,5740,720,12008,476.85,66,98,2835,13801,N/A,
1786728334.156,2026-08-14T19:25:34,1579.028,12008,12008,12016,12008,12008,12008,5800,6040,6340,5980,6560,6220,36940,6560,5800,760,12008,466.11,64,86,2850,13801,N/A,
1786728334.656,2026-08-14T19:25:34,1579.529,12016,12008,12016,12008,12016,12008,5620,5880,6180,5840,6400,6040,35960,6400,5620,780,12008,421.51,63,75,2857,13801,N/A,
1786728335.156,2026-08-14T19:25:35,1580.029,12024,12016,12024,12016,12016,12016,5520,5660,5920,5660,6200,5800,34760,6200,5520,680,12016,371.00,63,89,2857,13801,N/A,
1786728335.657,2026-08-14T19:25:35,1580.529,12016,12008,12024,12008,12008,12016,5720,5760,6140,5880,6420,5880,35800,6420,5720,700,12008,409.88,65,95,2835,13801,N/A,
1786728336.157,2026-08-14T19:25:36,1581.029,12016,12008,12016,12008,12008,12016,5860,5880,6180,6000,6500,6000,36420,6500,5860,640,12008,455.42,65,90,2842,13801,N/A,
1786728336.657,2026-08-14T19:25:36,1581.529,12016,12008,12024,12008,12008,12008,5860,5900,6220,6000,6500,6020,36500,6500,5860,640,12008,452.63,65,90,2842,13801,N/A,
1786728337.157,2026-08-14T19:25:37,1582.029,12016,12008,12024,12008,12008,12016,5760,5860,6140,5940,6420,5980,36100,6420,5760,660,12008,431.85,64,89,2850,13801,N/A,
1786728337.657,2026-08-14T19:25:37,1582.529,12008,12008,12016,12016,12008,12008,5740,5920,6180,5920,6500,6000,36260,6500,5740,760,12008,413.78,64,96,2842,13801,N/A,
1786728338.157,2026-08-14T19:25:38,1583.029,12032,12024,12032,12024,12016,12024,5400,5480,5780,5540,6120,5580,33900,6120,5400,720,12016,427.60,64,86,2842,13801,N/A,
1786728338.657,2026-08-14T19:25:38,1583.529,12032,12024,12032,12024,12016,12024,5400,5480,5780,5540,6120,5580,33900,6120,5400,720,12016,334.18,57,100,2932,13801,N/A,
1786728339.157,2026-08-14T19:25:39,1584.029,12056,12048,12056,12048,12040,12048,4580,4660,4900,4720,5200,4740,28800,5200,4580,620,12040,172.12,56,100,2932,13801,N/A,
1786728339.657,2026-08-14T19:25:39,1584.529,12072,12064,12072,12064,12064,12064,3940,4020,4220,4060,4460,4080,24780,4460,3940,520,12064,134.56,56,100,2932,13801,N/A,
1786728340.157,2026-08-14T19:25:40,1585.029,12088,12080,12088,12080,12080,12080,3460,3520,3700,3560,3920,3600,21760,3920,3460,460,12080,134.55,56,100,2932,13801,N/A,
1786728340.657,2026-08-14T19:25:40,1585.529,12104,12088,12104,12096,12088,12096,3080,3140,3300,3160,3480,3200,19360,3480,3080,400,12088,134.45,56,100,2932,13801,N/A,
1786728341.157,2026-08-14T19:25:41,1586.029,12112,12104,12112,12104,12096,12104,2800,2860,2980,2860,3160,2920,17580,3160,2800,360,12096,134.37,56,100,2932,13801,N/A,
1786728341.657,2026-08-14T19:25:41,1586.530,12120,12104,12120,12112,12104,12112,2580,2620,2740,2640,2900,2680,16160,2900,2580,320,12104,134.35,56,100,2932,13801,N/A,
1786728342.157,2026-08-14T19:25:42,1587.030,12120,12112,12120,12112,12112,12120,2400,2460,2560,2460,2700,2500,15080,2700,2400,300,12112,134.36,55,100,2932,13801,N/A,
1786728342.657,2026-08-14T19:25:42,1587.530,12128,12120,12128,12120,12120,12120,2280,2320,2420,2320,2560,2360,14260,2560,2280,280,12120,134.30,55,100,2932,13801,N/A,
1786728343.157,2026-08-14T19:25:43,1588.030,12128,12120,12128,12120,12120,12120,2280,2320,2420,2220,2440,2260,13940,2440,2220,220,12120,134.27,55,100,2932,13801,N/A,
1786728343.657,2026-08-14T19:25:43,1588.530,12128,12120,12128,12120,12120,12120,2160,2220,2320,2220,2440,2260,13620,2440,2160,280,12120,134.35,55,100,2932,13801,N/A,
1786728344.157,2026-08-14T19:25:44,1589.030,12128,12120,12128,12120,12120,12128,2080,2140,2240,2140,2340,2180,13120,2340,2080,260,12120,134.35,55,100,2932,13801,N/A,
1786728344.657,2026-08-14T19:25:44,1589.530,12136,12120,12136,12128,12120,12128,2020,2080,2160,2080,2280,2120,12740,2280,2020,260,12120,134.31,55,100,2932,13801,N/A,
1786728345.158,2026-08-14T19:25:45,1590.030,12136,12128,12136,12128,12128,12128,1980,2020,2120,2020,2220,2080,12440,2220,1980,240,12128,134.25,55,100,2932,13801,N/A,
1786728345.658,2026-08-14T19:25:45,1590.530,12136,12128,12136,12128,12128,12128,1940,2000,2080,1980,2180,2040,12220,2180,1940,240,12128,134.12,55,100,2932,13801,N/A,
1786728346.158,2026-08-14T19:25:46,1591.030,12136,12128,12136,12128,12128,12128,1920,1960,2040,1960,2160,2000,12040,2160,1920,240,12128,134.06,55,100,2932,13801,N/A,
1786728346.658,2026-08-14T19:25:46,1591.530,12136,12128,12136,12128,12128,12136,1820,1860,1940,1840,2040,1900,11400,2040,1820,220,12128,126.66,54,1,2932,13801,N/A,
1786728347.158,2026-08-14T19:25:47,1592.030,12144,12136,12144,12136,12136,12136,1720,1760,1820,1740,1920,1800,10760,1920,1720,200,12136,111.61,54,1,2932,13801,N/A,
1786728347.658,2026-08-14T19:25:47,1592.530,12144,12136,12144,12136,12136,12136,1620,1660,1720,1640,1820,1700,10160,1820,1620,200,12136,97.71,53,0,2932,13801,N/A,
1786728348.159,2026-08-14T19:25:48,1593.031,12144,12136,12144,12136,12136,12136,1620,1660,1720,1640,1820,1700,10160,1820,1620,200,12136,95.71,53,0,2932,13801,N/A,
1786728348.659,2026-08-14T19:25:48,1593.531,12152,12144,12152,12144,12144,12144,1460,1500,1560,1480,1640,1540,9180,1640,1460,180,12144,72.25,51,0,592,7001,N/A,
1786728349.161,2026-08-14T19:25:49,1594.031,12160,12144,12160,12152,12152,12152,1260,1300,1340,1280,1420,1320,7920,1420,1260,160,12144,48.37,51,1,630,810,N/A,
1786728349.660,2026-08-14T19:25:49,1594.531,12160,12152,12160,12152,12152,12160,1100,1120,1160,1100,1240,1160,6880,1240,1100,140,12152,33.40,51,4,540,810,N/A,
1786728350.160,2026-08-14T19:25:50,1595.031,12168,12160,12168,12160,12160,12160,960,980,1000,960,1080,1000,5980,1080,960,120,12160,26.18,50,0,315,810,N/A,
1786728350.662,2026-08-14T19:25:50,1595.531,12168,12160,12168,12160,12160,12168,840,860,860,840,940,880,5220,940,840,100,12160,21.61,50,0,240,810,N/A,
1786728351.162,2026-08-14T19:25:51,1596.031,12176,12160,12176,12168,12168,12168,760,780,780,760,860,800,4740,860,760,100,12160,20.41,50,0,337,405,N/A,
1786728351.660,2026-08-14T19:25:51,1596.531,12176,12168,12176,12168,12168,12168,680,700,700,680,760,720,4240,760,680,80,12168,22.05,50,0,225,405,N/A,
1786728352.160,2026-08-14T19:25:52,1597.031,12176,12168,12176,12168,12168,12176,620,640,620,600,700,640,3820,700,600,100,12168,20.07,50,0,225,405,N/A,
1786728352.660,2026-08-14T19:25:52,1597.531,12176,12168,12176,12176,12168,12176,560,580,580,560,640,600,3520,640,560,80,12168,15.58,50,0,225,405,N/A,
1786728353.163,2026-08-14T19:25:53,1598.031,12176,12168,12176,12176,12168,12176,560,580,580,560,640,600,3520,640,560,80,12168,16.17,50,5,225,405,N/A,
1786728353.661,2026-08-14T19:25:53,1598.531,12176,12168,12176,12176,12168,12176,560,580,580,540,640,580,3480,640,540,100,12168,23.02,50,0,570,405,N/A,
1786728354.165,2026-08-14T19:25:54,1599.031,12184,12168,12184,12176,12176,12176,540,540,540,520,600,560,3300,600,520,80,12168,24.10,50,4,337,405,N/A,
1786728354.665,2026-08-14T19:25:54,1599.531,12184,12168,12184,12176,12176,12176,520,520,520,500,580,540,3180,580,500,80,12168,20.03,49,0,420,405,N/A,
1786728355.162,2026-08-14T19:25:55,1600.032,12184,12176,12184,12176,12176,12176,500,500,500,480,560,520,3060,560,480,80,12176,19.53,49,3,367,405,N/A,
1786728355.664,2026-08-14T19:25:55,1600.532,12184,12176,12184,12176,12176,12176,480,500,500,480,540,520,3020,540,480,60,12176,17.40,49,1,450,405,N/A,
1786728356.164,2026-08-14T19:25:56,1601.032,12184,12176,12184,12176,12176,12176,480,480,480,460,520,500,2920,520,460,60,12176,19.09,49,0,307,405,N/A,
1786728356.663,2026-08-14T19:25:56,1601.532,12184,12176,12184,12176,12176,12176,460,460,460,440,500,480,2800,500,440,60,12176,16.89,49,0,240,405,N/A,
1786728357.163,2026-08-14T19:25:57,1602.032,12184,12176,12184,12176,12176,12176,440,460,460,420,500,480,2760,500,420,80,12176,14.17,49,0,277,405,N/A,
1786728357.664,2026-08-14T19:25:57,1602.532,12184,12176,12184,12176,12176,12176,440,460,440,420,500,460,2720,500,420,80,12176,15.41,49,0,375,405,N/A,
1786728358.165,2026-08-14T19:25:58,1603.032,12184,12176,12184,12176,12176,12176,440,460,440,420,500,460,2720,500,420,80,12176,16.97,49,0,367,405,N/A,
1786728358.665,2026-08-14T19:25:58,1603.532,12184,12176,12184,12176,12176,12176,440,440,440,420,500,460,2700,500,420,80,12176,16.22,49,3,337,405,N/A,
1786728359.166,2026-08-14T19:25:59,1604.032,12184,12176,12184,12176,12176,12176,460,460,440,440,500,480,2780,500,440,60,12176,21.59,49,5,495,405,N/A,
1786728359.667,2026-08-14T19:25:59,1604.532,12184,12176,12184,12176,12176,12176,480,500,480,460,540,500,2960,540,460,80,12176,29.00,49,6,450,405,N/A,
1786728360.166,2026-08-14T19:26:00,1605.032,12176,12168,12184,12176,12176,12176,520,520,520,500,580,540,3180,580,500,80,12168,31.98,49,7,517,405,N/A,
1786728360.665,2026-08-14T19:26:00,1605.532,12176,12168,12176,12176,12168,12176,540,560,540,520,600,560,3320,600,520,80,12168,33.60,49,4,615,405,N/A,
1786728361.163,2026-08-14T19:26:01,1606.032,12176,12168,12176,12176,12168,12176,540,560,560,540,620,580,3400,620,540,80,12168,32.42,49,10,450,405,N/A,
1786728361.666,2026-08-14T19:26:01,1606.532,12176,12168,12176,12168,12168,12176,560,560,560,540,620,580,3420,620,540,80,12168,32.42,49,6,495,405,N/A,
1786728362.165,2026-08-14T19:26:02,1607.032,12176,12168,12176,12168,12168,12176,580,600,580,560,640,600,3560,640,560,80,12168,33.87,49,13,630,405,N/A,
1786728362.668,2026-08-14T19:26:02,1607.533,12176,12168,12176,12168,12168,12176,580,600,580,560,660,600,3580,660,560,100,12168,33.60,49,2,652,405,N/A,
1786728363.165,2026-08-14T19:26:03,1608.033,12176,12168,12176,12168,12168,12176,580,600,580,560,660,600,3580,660,560,100,12168,33.23,49,7,562,405,N/A,
1786728363.666,2026-08-14T19:26:03,1608.533,12176,12168,12176,12168,12168,12176,600,600,600,580,680,620,3680,680,580,100,12168,34.65,49,18,750,405,N/A,
1786728364.166,2026-08-14T19:26:04,1609.033,12176,12168,12176,12168,12168,12168,600,620,620,580,680,640,3740,680,580,100,12168,36.34,49,8,607,405,N/A,
1786728364.666,2026-08-14T19:26:04,1609.533,12176,12168,12176,12168,12168,12168,600,620,620,600,680,640,3760,680,600,80,12168,35.56,49,4,555,405,N/A,
1786728365.166,2026-08-14T19:26:05,1610.033,12176,12168,12176,12168,12168,12176,600,620,620,600,680,640,3760,680,600,80,12168,33.86,48,8,517,405,N/A,
1786728365.665,2026-08-14T19:26:05,1610.533,12176,12168,12176,12168,12168,12176,600,620,600,580,680,620,3700,680,580,100,12168,31.54,48,6,457,405,N/A,
1786728366.166,2026-08-14T19:26:06,1611.033,12176,12168,12176,12168,12168,12176,600,620,620,580,680,640,3740,680,580,100,12168,31.35,48,11,682,405,N/A,
1786728366.666,2026-08-14T19:26:06,1611.533,12176,12168,12176,12168,12168,12176,600,620,620,580,680,640,3740,680,580,100,12168,32.82,49,10,555,405,N/A,
1786728367.168,2026-08-14T19:26:07,1612.033,12176,12168,12176,12168,12168,12176,600,620,620,600,680,640,3760,680,600,80,12168,32.38,49,7,622,405,N/A,
1786728367.666,2026-08-14T19:26:07,1612.533,12176,12168,12176,12168,12168,12168,620,640,620,600,700,640,3820,700,600,100,12168,34.75,48,7,577,405,N/A,
1786728368.166,2026-08-14T19:26:08,1613.033,12176,12168,12176,12168,12168,12168,620,640,620,600,700,640,3820,700,600,100,12168,35.84,49,6,607,405,N/A,
1786728368.667,2026-08-14T19:26:08,1613.533,12176,12168,12176,12168,12168,12168,620,640,640,600,700,640,3840,700,600,100,12168,34.39,48,3,585,405,N/A,
1786728369.166,2026-08-14T19:26:09,1614.033,12176,12168,12176,12168,12168,12168,620,620,640,600,700,640,3820,700,600,100,12168,32.74,48,5,577,405,N/A,
1786728369.667,2026-08-14T19:26:09,1614.534,12176,12168,12176,12168,12168,12168,600,620,620,600,680,640,3760,680,600,80,12168,31.09,48,10,577,405,N/A,
1786728370.167,2026-08-14T19:26:10,1615.034,12176,12168,12176,12168,12168,12168,620,620,620,600,700,640,3800,700,600,100,12168,33.17,48,6,675,405,N/A,
1786728370.664,2026-08-14T19:26:10,1615.534,12176,12168,12176,12168,12168,12168,600,620,620,580,680,640,3740,680,580,100,12168,35.14,48,0,915,405,N/A,
1786728371.163,2026-08-14T19:26:11,1616.034,12176,12168,12176,12168,12168,12176,560,580,580,540,640,600,3500,640,540,100,12168,26.36,48,0,292,405,N/A,
1786728371.663,2026-08-14T19:26:11,1616.534,12176,12168,12176,12168,12168,12176,520,540,540,520,600,560,3280,600,520,80,12168,17.89,47,0,225,405,N/A,
1786728372.162,2026-08-14T19:26:12,1617.034,12176,12168,12184,12176,12168,12176,500,500,500,480,560,520,3060,560,480,80,12168,17.61,47,0,225,405,N/A,
1786728372.663,2026-08-14T19:26:12,1617.534,12176,12168,12184,12176,12176,12176,500,500,500,460,520,480,2960,520,460,60,12168,17.61,47,0,225,405,N/A,
1786728373.163,2026-08-14T19:26:13,1618.034,12184,12168,12184,12176,12176,12176,460,480,480,460,520,480,2880,520,460,60,12168,14.52,47,0,217,405,N/A,
1786728373.665,2026-08-14T19:26:13,1618.534,12184,12168,12184,12176,12176,12176,440,460,460,440,500,480,2780,500,440,60,12168,14.48,47,0,270,405,N/A,
1786728374.164,2026-08-14T19:26:14,1619.034,12184,12176,12184,12176,12176,12176,440,440,440,420,500,460,2700,500,420,80,12176,14.56,47,0,225,405,N/A,
1786728374.663,2026-08-14T19:26:14,1619.534,12184,12176,12184,12176,12176,12176,420,440,420,400,480,440,2600,480,400,80,12176,14.61,47,0,225,405,N/A,
1786728375.163,2026-08-14T19:26:15,1620.034,12184,12176,12184,12176,12176,12176,420,420,420,400,460,440,2560,460,400,60,12176,14.61,47,0,225,405,N/A,
1786728375.663,2026-08-14T19:26:15,1620.534,12184,12176,12184,12176,12176,12176,400,420,400,380,460,420,2480,460,380,80,12176,13.21,47,0,225,405,N/A,
1786728376.163,2026-08-14T19:26:16,1621.034,12184,12176,12184,12176,12176,12176,400,400,400,380,440,420,2440,440,380,60,12176,13.21,47,0,225,405,N/A,
1786728376.664,2026-08-14T19:26:16,1621.535,12184,12176,12184,12176,12176,12176,400,400,380,380,440,420,2420,440,380,60,12176,13.17,47,0,225,405,N/A,
1786728377.163,2026-08-14T19:26:17,1622.035,12184,12176,12184,12176,12176,12176,380,400,380,360,440,400,2360,440,360,80,12176,13.17,47,0,225,405,N/A,
1786728377.665,2026-08-14T19:26:17,1622.535,12184,12176,12184,12176,12176,12176,380,400,380,360,440,400,2360,440,360,80,12176,13.29,47,0,225,405,N/A,
1786728378.164,2026-08-14T19:26:18,1623.035,12184,12176,12184,12176,12176,12176,380,400,380,360,440,400,2360,440,360,80,12176,13.47,47,0,247,405,N/A,
1786728378.668,2026-08-14T19:26:18,1623.535,12184,12176,12184,12176,12176,12176,380,400,380,360,440,400,2360,440,360,80,12176,14.16,47,0,225,405,N/A,
1786728379.169,2026-08-14T19:26:19,1624.035,12184,12176,12184,12176,12176,12176,400,400,380,360,440,400,2380,440,360,80,12176,14.31,47,0,225,405,N/A,
1786728379.665,2026-08-14T19:26:19,1624.535,12184,12176,12184,12176,12176,12176,380,400,380,360,440,400,2360,440,360,80,12176,14.31,47,0,225,405,N/A,
1786728380.163,2026-08-14T19:26:20,1625.035,12184,12176,12184,12176,12176,12176,400,400,400,380,440,420,2440,440,380,60,12176,14.23,47,0,225,405,N/A,
1786728380.663,2026-08-14T19:26:20,1625.535,12184,12176,12184,12176,12176,12176,400,400,400,380,440,420,2440,440,380,60,12176,14.60,47,0,225,405,N/A,
1786728381.164,2026-08-14T19:26:21,1626.035,12184,12176,12184,12176,12176,12176,400,400,400,380,440,420,2440,440,380,60,12176,15.08,47,0,225,405,N/A,
1786728381.664,2026-08-14T19:26:21,1626.535,12184,12176,12184,12176,12176,12176,380,400,380,360,440,400,2360,440,360,80,12176,14.99,47,0,225,405,N/A,
1786728382.164,2026-08-14T19:26:22,1627.035,12184,12176,12184,12176,12176,12176,380,400,380,360,440,400,2360,440,360,80,12176,14.99,47,0,225,405,N/A,
1786728382.663,2026-08-14T19:26:22,1627.535,12184,12176,12184,12176,12176,12176,380,400,380,360,440,400,2360,440,360,80,12176,12.52,46,0,225,405,N/A,
1786728383.164,2026-08-14T19:26:23,1628.035,12184,12176,12184,12176,12176,12176,380,400,380,360,440,400,2360,440,360,80,12176,12.52,46,0,225,405,N/A,
1786728383.664,2026-08-14T19:26:23,1628.535,12184,12176,12184,12176,12176,12176,380,400,380,360,420,400,2340,420,360,60,12176,12.57,46,0,225,405,N/A,
1786728384.164,2026-08-14T19:26:24,1629.036,12184,12176,12184,12176,12176,12176,380,380,380,360,420,400,2320,420,360,60,12176,12.57,46,0,225,405,N/A,
1786728384.664,2026-08-14T19:26:24,1629.536,12184,12176,12184,12176,12176,12176,380,380,380,360,420,400,2320,420,360,60,12176,12.40,46,0,225,405,N/A,
1786728385.164,2026-08-14T19:26:25,1630.036,12184,12176,12184,12176,12176,12176,380,380,380,360,420,400,2320,420,360,60,12176,12.49,46,0,225,405,N/A,
1786728385.664,2026-08-14T19:26:25,1630.536,12184,12176,12184,12176,12176,12176,380,400,380,360,420,400,2340,420,360,60,12176,13.31,46,0,225,405,N/A,
1786728386.169,2026-08-14T19:26:26,1631.036,12184,12176,12184,12176,12176,12176,380,380,380,360,420,400,2320,420,360,60,12176,13.49,46,0,225,405,N/A,
1786728386.669,2026-08-14T19:26:26,1631.536,12184,12176,12184,12176,12176,12176,380,380,380,360,420,400,2320,420,360,60,12176,13.49,46,0,225,405,N/A,
1786728387.169,2026-08-14T19:26:27,1632.036,12184,12176,12184,12176,12176,12176,380,380,380,360,420,400,2320,420,360,60,12176,12.93,46,0,225,405,N/A,
1786728387.669,2026-08-14T19:26:27,1632.536,12184,12176,12184,12176,12176,12176,380,380,380,360,420,400,2320,420,360,60,12176,12.93,46,0,225,405,N/A,
1786728388.170,2026-08-14T19:26:28,1633.036,12184,12176,12184,12176,12176,12176,380,380,380,360,420,400,2320,420,360,60,12176,13.19,46,0,225,405,N/A,
1786728388.667,2026-08-14T19:26:28,1633.536,12184,12176,12184,12176,12176,12176,380,380,380,360,420,400,2320,420,360,60,12176,13.19,46,0,225,405,N/A,
1786728389.165,2026-08-14T19:26:29,1634.036,12184,12176,12184,12176,12176,12176,380,380,380,360,420,400,2320,420,360,60,12176,13.01,46,0,225,405,N/A,
1786728389.665,2026-08-14T19:26:29,1634.536,12184,12176,12184,12176,12176,12176,380,400,380,360,440,400,2360,440,360,80,12176,13.28,46,0,225,405,N/A,
1786728390.165,2026-08-14T19:26:30,1635.036,12184,12176,12184,12176,12176,12176,380,380,380,360,420,400,2320,420,360,60,12176,13.37,46,0,225,405,N/A,
1786728390.665,2026-08-14T19:26:30,1635.536,12184,12176,12184,12176,12176,12176,380,380,380,360,420,400,2320,420,360,60,12176,13.37,46,0,225,405,N/A,
1786728391.165,2026-08-14T19:26:31,1636.037,12184,12176,12184,12176,12176,12176,380,380,380,360,420,400,2320,420,360,60,12176,12.61,46,0,225,405,N/A,
1786728391.665,2026-08-14T19:26:31,1636.537,12184,12176,12184,12176,12176,12176,380,380,360,360,420,400,2300,420,360,60,12176,12.61,46,0,225,405,N/A,
1786728392.165,2026-08-14T19:26:32,1637.037,12184,12176,12184,12176,12176,12176,380,380,380,360,420,400,2320,420,360,60,12176,12.51,46,0,225,405,N/A,
1786728392.665,2026-08-14T19:26:32,1637.537,12184,12176,12184,12176,12176,12176,380,380,380,360,420,400,2320,420,360,60,12176,12.73,46,0,225,405,N/A,
1786728393.170,2026-08-14T19:26:33,1638.037,12184,12176,12184,12176,12176,12176,380,380,380,360,420,400,2320,420,360,60,12176,13.28,46,0,225,405,N/A,
1786728393.670,2026-08-14T19:26:33,1638.537,12184,12176,12184,12176,12176,12176,380,380,380,360,420,400,2320,420,360,60,12176,13.30,46,0,225,405,N/A,
1786728394.170,2026-08-14T19:26:34,1639.037,12184,12176,12184,12176,12176,12176,380,380,380,360,420,400,2320,420,360,60,12176,13.30,46,0,225,405,N/A,
1786728394.670,2026-08-14T19:26:34,1639.537,12184,12176,12184,12176,12176,12176,380,380,380,360,420,400,2320,420,360,60,12176,12.64,46,0,225,405,N/A,
1786728395.513,2026-08-14T19:26:35,1640.037,12176,12168,12176,12168,12168,12176,460,460,440,420,500,480,2760,500,420,80,12168,22.09,46,73,720,810,N/A,
1786728395.660,2026-08-14T19:26:35,1640.537,12176,12168,12176,12168,12168,12176,460,460,440,420,500,480,2760,500,420,80,12168,22.09,46,73,720,810,N/A,
1786728396.169,2026-08-14T19:26:36,1641.037,12176,12168,12176,12168,12168,12168,520,540,500,500,560,540,3160,560,500,60,12168,25.94,46,11,1410,810,N/A,
1786728396.668,2026-08-14T19:26:36,1641.537,12176,12168,12176,12168,12168,12168,500,540,500,480,580,520,3120,580,480,100,12168,35.23,46,6,1290,810,N/A,
1786728397.168,2026-08-14T19:26:37,1642.037,12176,12168,12176,12168,12168,12168,500,520,480,460,560,520,3040,560,460,100,12168,26.70,46,3,922,810,N/A,
1786728397.669,2026-08-14T19:26:37,1642.538,12176,12168,12176,12168,12168,12168,500,520,480,460,560,520,3040,560,460,100,12168,19.40,46,7,592,405,N/A,
1786728398.171,2026-08-14T19:26:38,1643.038,12176,12168,12176,12168,12168,12176,480,500,480,460,540,500,2960,540,460,80,12168,18.62,46,5,367,405,N/A,
1786728398.672,2026-08-14T19:26:38,1643.538,12176,12168,12176,12168,12168,12176,480,500,480,460,540,500,2960,540,460,80,12168,19.23,46,4,337,405,N/A,
1786728399.172,2026-08-14T19:26:39,1644.038,12176,12168,12176,12168,12168,12176,480,500,460,460,520,500,2920,520,460,60,12168,20.08,46,4,450,405,N/A,
1786728399.672,2026-08-14T19:26:39,1644.538,12176,12168,12176,12168,12168,12176,460,480,460,460,520,480,2860,520,460,60,12168,18.84,46,3,465,405,N/A,
1786728400.172,2026-08-14T19:26:40,1645.038,12176,12168,12176,12168,12168,12176,460,480,460,440,520,480,2840,520,440,80,12168,18.23,46,3,465,405,N/A,
1786728400.672,2026-08-14T19:26:40,1645.538,12176,12168,12176,12168,12168,12176,460,460,460,440,520,480,2820,520,440,80,12168,17.12,45,2,367,405,N/A,
1786728401.172,2026-08-14T19:26:41,1646.038,12176,12168,12176,12168,12168,12176,460,460,460,440,520,480,2820,520,440,80,12168,16.65,45,3,390,405,N/A,
1786728401.671,2026-08-14T19:26:41,1646.538,12176,12168,12176,12168,12168,12176,440,480,460,440,520,480,2820,520,440,80,12168,16.97,45,3,337,405,N/A,
1786728402.172,2026-08-14T19:26:42,1647.038,12176,12168,12176,12168,12168,12176,440,480,460,440,520,480,2820,520,440,80,12168,20.01,46,3,472,405,N/A,
1786728402.672,2026-08-14T19:26:42,1647.538,12176,12168,12176,12168,12168,12176,460,480,460,460,520,480,2860,520,460,60,12168,21.87,45,0,427,405,N/A,
1786728403.172,2026-08-14T19:26:43,1648.038,12176,12168,12176,12168,12168,12176,460,480,460,460,520,480,2860,520,460,60,12168,22.48,45,6,412,405,N/A,
1786728403.671,2026-08-14T19:26:43,1648.539,12176,12168,12176,12168,12168,12176,460,480,480,460,520,480,2880,520,460,60,12168,22.14,45,4,405,405,N/A,
1786728404.169,2026-08-14T19:26:44,1649.039,12176,12168,12176,12168,12168,12176,460,460,460,440,520,480,2820,520,440,80,12168,18.45,45,3,367,405,N/A,
1786728404.671,2026-08-14T19:26:44,1649.539,12176,12168,12176,12168,12168,12176,440,460,440,440,500,460,2740,500,440,60,12168,16.27,45,4,367,405,N/A,
1786728405.172,2026-08-14T19:26:45,1650.039,12176,12168,12176,12176,12168,12176,440,460,440,420,500,460,2720,500,420,80,12168,16.61,45,4,412,405,N/A,
1786728405.672,2026-08-14T19:26:45,1650.539,12184,12168,12176,12176,12168,12176,420,440,420,420,480,440,2620,480,420,60,12168,15.24,45,0,225,405,N/A,
1786728406.169,2026-08-14T19:26:46,1651.039,12184,12168,12184,12176,12176,12176,420,420,420,400,460,420,2540,460,400,60,12168,13.14,45,3,352,405,N/A,
1786728406.670,2026-08-14T19:26:46,1651.539,12184,12168,12184,12176,12176,12176,400,420,400,400,460,420,2500,460,400,60,12168,12.47,45,3,270,405,N/A,
1786728407.172,2026-08-14T19:26:47,1652.039,12184,12168,12184,12176,12176,12176,400,420,400,400,460,420,2500,460,400,60,12168,12.83,45,0,292,405,N/A,
1786728407.669,2026-08-14T19:26:47,1652.539,12184,12168,12184,12176,12176,12176,400,420,400,380,460,420,2480,460,380,80,12168,13.63,45,0,292,405,N/A,
1786728408.169,2026-08-14T19:26:48,1653.039,12184,12168,12184,12176,12176,12176,400,420,400,380,460,420,2480,460,380,80,12168,14.54,45,7,397,405,N/A,
1786728408.670,2026-08-14T19:26:48,1653.539,12184,12168,12184,12176,12176,12176,400,400,380,380,440,400,2400,440,380,60,12168,13.53,45,4,255,405,N/A,
1786728409.173,2026-08-14T19:26:49,1654.039,12184,12168,12184,12176,12176,12176,380,400,380,360,440,400,2360,440,360,80,12168,11.78,45,0,225,405,N/A,
1786728409.670,2026-08-14T19:26:49,1654.539,12184,12168,12184,12176,12176,12176,380,400,380,380,440,400,2380,440,380,60,12168,13.85,45,8,457,405,N/A,
1786728410.171,2026-08-14T19:26:50,1655.040,12184,12168,12184,12176,12176,12176,380,400,380,360,440,400,2360,440,360,80,12168,13.14,45,4,292,405,N/A,
1786728410.670,2026-08-14T19:26:50,1655.540,12184,12168,12184,12176,12176,12176,380,400,380,360,440,400,2360,440,360,80,12168,13.67,45,2,315,405,N/A,
1786728411.171,2026-08-14T19:26:51,1656.040,12184,12168,12184,12176,12176,12176,380,380,380,360,420,400,2320,420,360,60,12168,13.95,45,0,330,405,N/A,
1786728411.670,2026-08-14T19:26:51,1656.540,12184,12176,12184,12176,12176,12176,380,380,380,360,420,400,2320,420,360,60,12176,13.01,45,3,300,405,N/A,
1786728412.173,2026-08-14T19:26:52,1657.040,12184,12176,12184,12176,12176,12176,380,380,380,360,420,400,2320,420,360,60,12176,12.51,45,3,285,405,N/A,
1786728412.672,2026-08-14T19:26:52,1657.540,12184,12168,12184,12176,12176,12176,380,380,380,360,420,400,2320,420,360,60,12168,12.89,45,0,315,405,N/A,
1786728413.172,2026-08-14T19:26:53,1658.040,12184,12168,12184,12176,12176,12176,380,400,380,380,440,400,2380,440,380,60,12168,14.15,45,3,472,405,N/A,
1786728413.674,2026-08-14T19:26:53,1658.540,12184,12176,12184,12176,12176,12176,380,380,380,360,420,400,2320,420,360,60,12176,12.70,45,0,225,405,N/A,
1786728414.171,2026-08-14T19:26:54,1659.040,12184,12176,12184,12176,12176,12176,380,380,380,360,420,380,2300,420,360,60,12176,11.83,45,0,345,405,N/A,
1786728414.671,2026-08-14T19:26:54,1659.540,12184,12176,12184,12176,12176,12176,380,380,360,360,420,380,2280,420,360,60,12176,12.24,45,0,225,405,N/A,
1786728415.174,2026-08-14T19:26:55,1660.040,12184,12176,12184,12176,12176,12176,360,380,360,360,420,380,2260,420,360,60,12176,11.63,44,0,225,405,N/A,
1786728415.671,2026-08-14T19:26:55,1660.540,12184,12176,12184,12176,12176,12176,360,380,360,340,420,380,2240,420,340,80,12176,11.76,44,0,315,405,N/A,
1786728416.173,2026-08-14T19:26:56,1661.040,12184,12176,12184,12176,12176,12176,360,360,360,340,400,380,2200,400,340,60,12176,11.35,44,4,292,405,N/A,
1786728416.671,2026-08-14T19:26:56,1661.540,12184,12176,12184,12176,12176,12176,360,360,360,340,400,380,2200,400,340,60,12176,10.61,45,0,225,405,N/A,
1786728417.173,2026-08-14T19:26:57,1662.041,12184,12176,12184,12176,12176,12176,360,360,360,340,400,380,2200,400,340,60,12176,11.17,44,0,270,405,N/A,
1786728417.672,2026-08-14T19:26:57,1662.541,12184,12176,12184,12176,12176,12176,360,360,360,340,400,380,2200,400,340,60,12176,11.56,44,0,225,405,N/A,
1786728418.174,2026-08-14T19:26:58,1663.041,12184,12176,12184,12176,12176,12176,360,360,360,340,400,380,2200,400,340,60,12176,11.03,44,0,277,405,N/A,
1786728418.671,2026-08-14T19:26:58,1663.541,12184,12176,12184,12176,12176,12176,360,360,360,340,400,380,2200,400,340,60,12176,11.28,44,0,307,405,N/A,
1786728419.172,2026-08-14T19:26:59,1664.041,12184,12176,12184,12176,12176,12176,360,360,360,340,400,380,2200,400,340,60,12176,11.79,44,4,292,405,N/A,
1786728419.671,2026-08-14T19:26:59,1664.541,12184,12176,12184,12176,12176,12176,360,360,360,340,400,380,2200,400,340,60,12176,11.48,44,0,225,405,N/A,
1786728420.174,2026-08-14T19:27:00,1665.041,12184,12176,12184,12176,12176,12176,360,360,360,340,400,380,2200,400,340,60,12176,10.97,44,0,270,405,N/A,
1786728420.674,2026-08-14T19:27:00,1665.541,12184,12176,12184,12176,12176,12176,360,360,360,340,400,380,2200,400,340,60,12176,10.95,44,0,225,405,N/A,
1786728421.171,2026-08-14T19:27:01,1666.041,12184,12176,12184,12176,12176,12176,360,360,360,340,400,380,2200,400,340,60,12176,11.96,44,0,307,405,N/A,
1786728421.675,2026-08-14T19:27:01,1666.541,12184,12176,12184,12176,12176,12176,360,360,360,340,400,380,2200,400,340,60,12176,12.40,44,4,315,405,N/A,
1786728422.172,2026-08-14T19:27:02,1667.041,12184,12176,12184,12176,12176,12176,360,360,360,340,400,380,2200,400,340,60,12176,11.93,44,0,300,405,N/A,
1786728422.672,2026-08-14T19:27:02,1667.541,12184,12176,12184,12176,12176,12176,360,360,360,340,400,380,2200,400,340,60,12176,11.18,44,0,225,405,N/A,
1786728423.175,2026-08-14T19:27:03,1668.041,12184,12176,12184,12176,12176,12176,360,360,360,340,400,380,2200,400,340,60,12176,11.72,44,0,277,405,N/A,
1786728423.675,2026-08-14T19:27:03,1668.542,12184,12176,12184,12176,12176,12176,360,360,360,340,400,380,2200,400,340,60,12176,11.74,44,0,225,405,N/A,
1786728424.171,2026-08-14T19:27:04,1669.042,12184,12176,12184,12176,12176,12176,360,360,360,340,400,380,2200,400,340,60,12176,11.08,44,0,285,405,N/A,
1786728424.673,2026-08-14T19:27:04,1669.542,12184,12168,12184,12176,12176,12176,360,360,360,340,400,380,2200,400,340,60,12168,11.30,44,3,307,405,N/A,
1786728425.175,2026-08-14T19:27:05,1670.042,12184,12176,12184,12176,12176,12176,360,360,360,340,400,380,2200,400,340,60,12176,11.31,44,3,225,405,N/A,
1786728425.673,2026-08-14T19:27:05,1670.542,12184,12176,12184,12176,12176,12176,360,360,360,340,400,380,2200,400,340,60,12176,10.90,44,0,225,405,N/A,
1786728426.175,2026-08-14T19:27:06,1671.042,12184,12176,12184,12176,12176,12176,360,360,360,340,400,380,2200,400,340,60,12176,11.05,44,0,247,405,N/A,
1786728426.675,2026-08-14T19:27:06,1671.542,12184,12176,12184,12176,12176,12176,360,360,360,340,400,360,2180,400,340,60,12176,11.33,44,0,225,405,N/A,
1786728427.175,2026-08-14T19:27:07,1672.042,12184,12176,12184,12176,12176,12176,360,360,360,340,400,360,2180,400,340,60,12176,11.07,44,0,292,405,N/A,
1786728427.673,2026-08-14T19:27:07,1672.542,12184,12168,12184,12176,12176,12176,360,360,360,340,400,380,2200,400,340,60,12168,11.50,44,0,337,405,N/A,
1786728428.175,2026-08-14T19:27:08,1673.042,12184,12168,12184,12176,12176,12176,360,360,360,340,400,380,2200,400,340,60,12168,11.66,44,3,240,405,N/A,
1786728428.673,2026-08-14T19:27:08,1673.542,12184,12168,12184,12176,12176,12176,360,360,360,340,400,380,2200,400,340,60,12168,10.62,44,0,225,405,N/A,
1786728429.174,2026-08-14T19:27:09,1674.042,12184,12168,12184,12176,12176,12176,360,360,360,340,400,360,2180,400,340,60,12168,11.24,44,0,247,405,N/A,
1786728429.676,2026-08-14T19:27:09,1674.542,12184,12168,12184,12176,12176,12176,360,360,360,340,400,360,2180,400,340,60,12168,11.19,44,0,225,405,N/A,
1786728430.172,2026-08-14T19:27:10,1675.043,12184,12168,12184,12176,12176,12176,360,360,360,340,400,360,2180,400,340,60,12168,11.02,44,0,292,405,N/A,
1786728430.673,2026-08-14T19:27:10,1675.543,12184,12176,12184,12176,12176,12176,360,360,340,340,400,360,2160,400,340,60,12176,11.13,44,0,322,405,N/A,
1786728431.175,2026-08-14T19:27:11,1676.043,12184,12176,12184,12176,12176,12176,340,360,340,340,400,360,2140,400,340,60,12176,11.05,44,4,225,405,N/A,
1786728431.674,2026-08-14T19:27:11,1676.543,12184,12176,12184,12176,12176,12176,340,360,340,340,400,360,2140,400,340,60,12176,10.52,44,1,225,405,N/A,
1786728432.176,2026-08-14T19:27:12,1677.043,12184,12168,12184,12176,12176,12176,360,360,360,340,400,360,2180,400,340,60,12168,11.46,44,0,277,405,N/A,
1786728432.675,2026-08-14T19:27:12,1677.543,12184,12176,12184,12176,12176,12176,360,360,360,340,400,360,2180,400,340,60,12176,11.32,44,0,225,405,N/A,
1786728433.172,2026-08-14T19:27:13,1678.043,12176,12168,12184,12176,12176,12176,360,360,340,340,400,360,2160,400,340,60,12168,11.05,43,0,292,405,N/A,
1786728433.674,2026-08-14T19:27:13,1678.543,12184,12168,12184,12176,12176,12176,360,360,340,340,400,380,2180,400,340,60,12168,11.33,44,1,315,405,N/A,
1786728434.175,2026-08-14T19:27:14,1679.043,12184,12168,12184,12176,12176,12176,360,360,360,340,400,380,2200,400,340,60,12168,11.27,44,3,225,405,N/A,
1786728434.674,2026-08-14T19:27:14,1679.543,12184,12168,12184,12176,12176,12176,360,360,360,340,400,380,2200,400,340,60,12168,10.82,43,0,225,405,N/A,
1786728435.176,2026-08-14T19:27:15,1680.043,12184,12168,12184,12176,12176,12176,360,360,340,340,400,360,2160,400,340,60,12168,11.33,43,0,247,405,N/A,
1786728435.675,2026-08-14T19:27:15,1680.543,12184,12168,12184,12176,12176,12176,360,360,340,340,400,360,2160,400,340,60,12168,11.54,43,0,225,405,N/A,
1786728436.172,2026-08-14T19:27:16,1681.043,12184,12168,12184,12176,12176,12176,360,360,340,340,400,360,2160,400,340,60,12168,11.63,43,0,292,405,N/A,
1786728436.674,2026-08-14T19:27:16,1681.544,12184,12168,12184,12176,12176,12176,360,360,340,340,400,360,2160,400,340,60,12168,11.73,43,0,322,405,N/A,
1786728437.176,2026-08-14T19:27:17,1682.044,12184,12176,12184,12176,12176,12176,360,360,340,340,400,360,2160,400,340,60,12176,11.15,43,3,225,405,N/A,
1786728437.673,2026-08-14T19:27:17,1682.544,12184,12168,12184,12176,12176,12176,360,360,340,340,400,360,2160,400,340,60,12168,10.25,43,0,225,405,N/A,
1786728438.177,2026-08-14T19:27:18,1683.044,12184,12168,12184,12176,12176,12176,360,360,340,340,400,360,2160,400,340,60,12168,11.19,43,0,247,405,N/A,
1786728438.676,2026-08-14T19:27:18,1683.544,12184,12168,12184,12176,12176,12176,360,360,340,340,400,360,2160,400,340,60,12168,11.28,43,0,225,405,N/A,
1786728439.173,2026-08-14T19:27:19,1684.044,12184,12168,12184,12176,12176,12176,360,360,340,340,400,360,2160,400,340,60,12168,10.81,43,0,285,405,N/A,
1786728439.673,2026-08-14T19:27:19,1684.544,12184,12168,12184,12176,12176,12176,360,360,340,340,400,360,2160,400,340,60,12168,10.90,43,0,307,405,N/A,
1786728440.177,2026-08-14T19:27:20,1685.044,12184,12168,12184,12176,12176,12176,360,360,340,340,400,360,2160,400,340,60,12168,11.27,43,4,225,405,N/A,
1786728440.675,2026-08-14T19:27:20,1685.544,12184,12168,12184,12176,12176,12176,360,360,340,340,400,360,2160,400,340,60,12168,10.67,43,0,225,405,N/A,
1786728441.177,2026-08-14T19:27:21,1686.044,12184,12168,12184,12176,12176,12176,360,360,340,340,400,360,2160,400,340,60,12168,11.23,43,0,277,405,N/A,
1786728441.675,2026-08-14T19:27:21,1686.544,12184,12168,12184,12176,12176,12176,360,360,340,340,400,360,2160,400,340,60,12168,11.39,43,0,225,405,N/A,
1786728442.175,2026-08-14T19:27:22,1687.044,12176,12168,12184,12176,12176,12176,360,360,360,340,400,360,2180,400,340,60,12168,11.53,43,0,300,405,N/A,
1786728442.675,2026-08-14T19:27:22,1687.545,12176,12168,12184,12176,12176,12176,360,360,360,340,400,380,2200,400,340,60,12168,11.62,43,0,337,405,N/A,
1786728443.176,2026-08-14T19:27:23,1688.045,12184,12168,12184,12176,12176,12176,340,360,340,340,400,360,2140,400,340,60,12168,11.30,43,3,225,405,N/A,
1786728443.675,2026-08-14T19:27:23,1688.545,12184,12168,12184,12176,12176,12176,340,360,340,320,400,360,2120,400,320,80,12168,10.72,43,0,225,405,N/A,
1786728444.175,2026-08-14T19:27:24,1689.045,12176,12168,12184,12176,12176,12176,340,360,340,320,400,360,2120,400,320,80,12168,11.16,43,0,255,405,N/A,
1786728444.677,2026-08-14T19:27:24,1689.545,12176,12168,12184,12176,12168,12176,340,360,340,320,400,360,2120,400,320,80,12168,11.51,43,0,225,405,N/A,
1786728445.174,2026-08-14T19:27:25,1690.045,12184,12168,12184,12176,12176,12176,340,360,340,320,400,360,2120,400,320,80,12168,11.26,43,0,300,405,N/A,
1786728445.675,2026-08-14T19:27:25,1690.545,12176,12168,12184,12176,12176,12176,340,360,340,320,400,360,2120,400,320,80,12168,11.66,43,0,315,405,N/A,
1786728446.178,2026-08-14T19:27:26,1691.045,12176,12168,12184,12176,12168,12176,340,360,340,340,400,360,2140,400,340,60,12168,11.56,43,4,225,405,N/A,
1786728446.676,2026-08-14T19:27:26,1691.545,12176,12168,12184,12176,12168,12176,340,360,340,340,400,360,2140,400,340,60,12168,11.17,43,0,225,405,N/A,
1786728447.176,2026-08-14T19:27:27,1692.045,12176,12168,12184,12176,12168,12176,360,360,340,340,400,360,2160,400,340,60,12168,11.37,43,0,247,405,N/A,
1786728447.678,2026-08-14T19:27:27,1692.545,12176,12168,12176,12176,12168,12176,340,360,340,340,400,360,2140,400,340,60,12168,11.00,43,0,225,405,N/A,
1786728448.178,2026-08-14T19:27:28,1693.045,12176,12168,12184,12176,12176,12176,360,360,340,340,400,360,2160,400,340,60,12168,11.06,43,0,292,405,N/A,
1786728448.675,2026-08-14T19:27:28,1693.545,12176,12168,12184,12176,12168,12176,360,360,340,340,400,360,2160,400,340,60,12168,11.48,43,0,337,405,N/A,
1786728449.176,2026-08-14T19:27:29,1694.045,12176,12168,12184,12176,12168,12176,360,360,340,340,400,360,2160,400,340,60,12168,11.65,43,4,225,405,N/A,
1786728449.676,2026-08-14T19:27:29,1694.546,12176,12168,12176,12176,12168,12176,360,360,340,340,400,360,2160,400,340,60,12168,10.89,43,0,240,405,N/A,
1786728450.175,2026-08-14T19:27:30,1695.046,12176,12168,12176,12176,12168,12176,360,360,360,340,400,360,2180,400,340,60,12168,11.53,43,0,277,405,N/A,
1786728450.679,2026-08-14T19:27:30,1695.546,12176,12168,12184,12176,12176,12176,340,360,340,340,400,360,2140,400,340,60,12168,11.35,43,0,225,405,N/A,
1786728451.175,2026-08-14T19:27:31,1696.046,12184,12168,12176,12176,12176,12176,340,360,340,340,400,360,2140,400,340,60,12168,11.19,43,0,292,405,N/A,
1786728451.676,2026-08-14T19:27:31,1696.546,12184,12168,12176,12176,12176,12176,340,360,340,340,400,360,2140,400,340,60,12168,11.25,43,0,322,405,N/A,
1786728452.179,2026-08-14T19:27:32,1697.046,12176,12168,12176,12176,12176,12176,360,360,340,340,400,360,2160,400,340,60,12168,11.43,43,3,225,405,N/A,
1786728452.677,2026-08-14T19:27:32,1697.546,12176,12168,12176,12176,12168,12176,360,360,340,340,400,360,2160,400,340,60,12168,11.04,43,0,247,405,N/A,
1786728453.179,2026-08-14T19:27:33,1698.046,12176,12168,12176,12176,12168,12176,360,360,340,340,400,360,2160,400,340,60,12168,11.41,43,0,247,405,N/A,
1786728453.679,2026-08-14T19:27:33,1698.546,12176,12168,12176,12176,12168,12176,360,360,340,320,400,360,2140,400,320,80,12168,11.43,43,0,225,405,N/A,
1786728454.175,2026-08-14T19:27:34,1699.046,12176,12168,12176,12176,12176,12176,340,360,340,320,400,360,2120,400,320,80,12168,10.92,42,0,292,405,N/A,
1786728454.677,2026-08-14T19:27:34,1699.546,12176,12168,12176,12176,12176,12176,360,360,340,320,400,360,2140,400,320,80,12168,11.72,43,1,322,405,N/A,
1786728455.179,2026-08-14T19:27:35,1700.046,12176,12168,12184,12176,12176,12176,340,360,340,340,400,360,2140,400,340,60,12168,11.30,43,4,225,405,N/A,
1786728455.677,2026-08-14T19:27:35,1700.546,12184,12168,12176,12176,12168,12176,340,360,340,320,400,360,2120,400,320,80,12168,10.45,42,0,225,405,N/A,
1786728456.179,2026-08-14T19:27:36,1701.046,12176,12168,12176,12176,12176,12176,340,360,340,320,400,360,2120,400,320,80,12168,10.89,42,0,247,405,N/A,
1786728456.677,2026-08-14T19:27:36,1701.547,12176,12168,12176,12176,12176,12176,340,360,340,320,400,360,2120,400,320,80,12168,10.84,42,0,225,405,N/A,
1786728457.175,2026-08-14T19:27:37,1702.047,12176,12168,12176,12176,12168,12176,340,360,340,320,400,360,2120,400,320,80,12168,10.75,42,0,292,405,N/A,
1786728457.677,2026-08-14T19:27:37,1702.547,12176,12168,12176,12176,12168,12176,340,360,340,340,400,360,2140,400,340,60,12168,10.78,42,0,307,405,N/A,
1786728458.179,2026-08-14T19:27:38,1703.047,12176,12168,12176,12176,12168,12176,340,360,340,320,380,360,2100,380,320,60,12168,10.76,42,3,225,405,N/A,
1786728458.676,2026-08-14T19:27:38,1703.547,12184,12168,12184,12176,12176,12176,340,360,340,320,380,360,2100,380,320,60,12168,10.29,42,0,225,405,N/A,
1786728459.180,2026-08-14T19:27:39,1704.047,12176,12168,12176,12176,12168,12176,340,360,340,320,380,360,2100,380,320,60,12168,10.87,42,0,247,405,N/A,
1786728459.680,2026-08-14T19:27:39,1704.547,12176,12168,12176,12176,12168,12176,340,360,340,320,380,360,2100,380,320,60,12168,11.27,42,0,225,405,N/A,
1786728460.177,2026-08-14T19:27:40,1705.047,12176,12168,12176,12176,12168,12176,340,360,340,320,380,360,2100,380,320,60,12168,10.71,42,0,292,405,N/A,
1786728460.676,2026-08-14T19:27:40,1705.547,12176,12168,12176,12176,12168,12176,340,360,340,320,380,360,2100,380,320,60,12168,10.82,42,0,322,405,N/A,
1786728461.180,2026-08-14T19:27:41,1706.047,12176,12168,12176,12176,12168,12176,340,360,340,320,380,360,2100,380,320,60,12168,10.83,42,4,225,405,N/A,
1786728461.678,2026-08-14T19:27:41,1706.547,12176,12168,12176,12176,12168,12176,340,360,340,320,380,360,2100,380,320,60,12168,10.19,42,0,225,405,N/A,
1786728462.180,2026-08-14T19:27:42,1707.047,12176,12168,12176,12168,12168,12176,340,360,340,320,380,360,2100,380,320,60,12168,10.19,42,0,247,405,N/A,
1786728462.678,2026-08-14T19:27:42,1707.547,12176,12168,12176,12176,12168,12176,340,360,340,320,380,360,2100,380,320,60,12168,10.67,42,0,247,405,N/A,
1786728463.177,2026-08-14T19:27:43,1708.047,12176,12168,12176,12168,12168,12176,340,360,340,320,380,360,2100,380,320,60,12168,10.70,42,0,315,405,N/A,
1786728463.679,2026-08-14T19:27:43,1708.548,12176,12168,12176,12176,12168,12176,340,360,340,320,400,360,2120,400,320,80,12168,11.18,42,0,307,405,N/A,
1786728464.179,2026-08-14T19:27:44,1709.048,12176,12168,12176,12176,12168,12176,340,360,360,320,400,360,2140,400,320,80,12168,11.01,42,3,240,405,N/A,
1786728464.678,2026-08-14T19:27:44,1709.548,12176,12168,12176,12176,12168,12176,340,360,340,320,400,360,2120,400,320,80,12168,10.50,42,0,225,405,N/A,
1786728465.181,2026-08-14T19:27:45,1710.048,12176,12168,12176,12176,12168,12176,340,360,340,320,400,360,2120,400,320,80,12168,10.71,42,0,247,405,N/A,
1786728465.681,2026-08-14T19:27:45,1710.548,12176,12168,12176,12176,12168,12176,340,360,340,320,380,360,2100,380,320,60,12168,11.09,42,0,225,405,N/A,
1786728466.177,2026-08-14T19:27:46,1711.048,12176,12168,12176,12176,12168,12176,340,360,340,320,380,360,2100,380,320,60,12168,10.94,42,0,300,405,N/A,
1786728466.679,2026-08-14T19:27:46,1711.548,12176,12168,12176,12176,12168,12176,340,360,340,320,380,360,2100,380,320,60,12168,11.23,42,0,315,405,N/A,
1786728467.178,2026-08-14T19:27:47,1712.048,12176,12168,12176,12168,12168,12176,340,360,340,320,380,360,2100,380,320,60,12168,10.94,43,3,225,405,N/A,
1786728467.679,2026-08-14T19:27:47,1712.548,12176,12168,12176,12168,12168,12176,340,360,340,320,380,360,2100,380,320,60,12168,10.34,42,0,225,405,N/A,
1786728468.181,2026-08-14T19:27:48,1713.048,12176,12168,12176,12176,12168,12176,340,360,340,320,400,360,2120,400,320,80,12168,10.86,42,0,270,405,N/A,
1786728468.681,2026-08-14T19:27:48,1713.548,12176,12168,12176,12176,12168,12176,340,360,340,320,380,360,2100,380,320,60,12168,11.37,42,0,225,405,N/A,
1786728469.177,2026-08-14T19:27:49,1714.048,12176,12168,12176,12168,12168,12176,340,360,340,320,380,360,2100,380,320,60,12168,10.98,42,0,285,405,N/A,
1786728469.679,2026-08-14T19:27:49,1714.548,12176,12168,12176,12176,12168,12176,340,360,340,320,380,360,2100,380,320,60,12168,11.10,42,0,307,405,N/A,
1786728470.180,2026-08-14T19:27:50,1715.049,12176,12168,12176,12168,12168,12176,340,360,340,340,380,360,2120,380,340,40,12168,11.29,42,4,225,405,N/A,
1786728470.679,2026-08-14T19:27:50,1715.549,12176,12168,12176,12176,12168,12176,340,360,340,340,380,360,2120,380,340,40,12168,10.95,42,0,225,405,N/A,
1786728471.178,2026-08-14T19:27:51,1716.049,12176,12168,12176,12176,12168,12176,340,360,340,340,380,360,2120,380,340,40,12168,11.50,42,0,270,405,N/A,
1786728471.681,2026-08-14T19:27:51,1716.549,12176,12168,12176,12168,12168,12176,360,360,340,340,400,360,2160,400,340,60,12168,11.29,42,0,225,405,N/A,
1786728472.178,2026-08-14T19:27:52,1717.049,12176,12168,12176,12168,12168,12176,340,360,340,340,400,360,2140,400,340,60,12168,11.05,42,0,292,405,N/A,
1786728472.682,2026-08-14T19:27:52,1717.549,12176,12168,12176,12168,12168,12176,360,360,340,320,400,360,2140,400,320,80,12168,10.93,42,0,322,405,N/A,
1786728473.178,2026-08-14T19:27:53,1718.049,12176,12168,12176,12168,12168,12176,380,380,360,360,400,380,2260,400,360,40,12168,14.47,43,0,817,405,N/A,
1786728473.679,2026-08-14T19:27:53,1718.549,12176,12168,12176,12168,12168,12176,360,380,360,340,400,380,2220,400,340,60,12168,14.80,43,0,300,405,N/A,
1786728474.182,2026-08-14T19:27:54,1719.049,12176,12168,12176,12168,12168,12176,360,360,360,340,400,380,2200,400,340,60,12168,11.66,43,4,270,405,N/A,
1786728474.680,2026-08-14T19:27:54,1719.549,12176,12168,12176,12168,12168,12176,360,360,360,340,400,380,2200,400,340,60,12168,10.33,42,0,225,405,N/A,
1786728475.180,2026-08-14T19:27:55,1720.049,12176,12168,12176,12168,12168,12176,360,360,360,340,400,360,2180,400,340,60,12168,10.45,42,0,225,405,N/A,
1786728475.680,2026-08-14T19:27:55,1720.549,12176,12168,12176,12168,12168,12176,360,360,360,340,400,360,2180,400,340,60,12168,10.61,43,0,240,405,N/A,
1786728476.179,2026-08-14T19:27:56,1721.049,12176,12168,12176,12168,12168,12176,360,360,360,340,400,360,2180,400,340,60,12168,10.67,42,0,285,405,N/A,
1786728476.680,2026-08-14T19:27:56,1721.549,12176,12168,12176,12168,12168,12176,340,360,340,320,400,360,2120,400,320,80,12168,10.44,42,0,292,405,N/A,
1786728477.182,2026-08-14T19:27:57,1722.050,12176,12168,12176,12168,12168,12176,340,360,340,320,400,360,2120,400,320,80,12168,10.72,43,3,270,405,N/A,
1786728477.680,2026-08-14T19:27:57,1722.550,12176,12168,12176,12168,12168,12176,340,360,340,320,380,360,2100,380,320,60,12168,10.13,42,0,225,405,N/A,
1786728478.183,2026-08-14T19:27:58,1723.050,12176,12168,12176,12168,12168,12176,340,360,340,320,400,360,2120,400,320,80,12168,10.31,42,0,225,405,N/A,
1786728478.682,2026-08-14T19:27:58,1723.550,12176,12168,12176,12168,12168,12176,340,360,340,320,380,360,2100,380,320,60,12168,10.64,43,0,240,405,N/A,
1786728479.179,2026-08-14T19:27:59,1724.050,12176,12168,12176,12176,12168,12176,340,360,340,320,380,360,2100,380,320,60,12168,10.45,42,0,285,405,N/A,
1786728479.681,2026-08-14T19:27:59,1724.550,12176,12168,12176,12168,12168,12176,340,360,340,320,400,360,2120,400,320,80,12168,10.31,42,0,300,405,N/A,
1786728480.183,2026-08-14T19:28:00,1725.050,12176,12168,12176,12176,12168,12176,340,360,340,320,400,360,2120,400,320,80,12168,10.95,43,4,240,405,N/A,
1786728480.681,2026-08-14T19:28:00,1725.550,12176,12168,12176,12176,12168,12176,340,360,340,320,400,360,2120,400,320,80,12168,10.43,43,0,225,405,N/A,
1786728481.183,2026-08-14T19:28:01,1726.050,12176,12168,12176,12176,12168,12176,340,360,340,320,400,360,2120,400,320,80,12168,10.28,42,0,225,405,N/A,
1786728481.683,2026-08-14T19:28:01,1726.550,12176,12168,12176,12176,12168,12176,340,360,340,320,380,360,2100,380,320,60,12168,10.24,43,0,240,405,N/A,
1786728482.180,2026-08-14T19:28:02,1727.050,12176,12168,12176,12168,12168,12176,340,360,340,320,400,360,2120,400,320,80,12168,10.50,43,0,285,405,N/A,
1786728482.681,2026-08-14T19:28:02,1727.550,12176,12168,12176,12168,12168,12176,340,360,340,320,380,360,2100,380,320,60,12168,10.69,43,0,307,405,N/A,
1786728483.183,2026-08-14T19:28:03,1728.050,12176,12168,12176,12176,12168,12176,340,360,340,320,380,360,2100,380,320,60,12168,11.01,43,4,240,405,N/A,
1786728483.681,2026-08-14T19:28:03,1728.550,12176,12168,12176,12176,12168,12176,340,360,340,320,380,360,2100,380,320,60,12168,10.51,43,0,225,405,N/A,
1786728484.184,2026-08-14T19:28:04,1729.050,12176,12168,12176,12168,12168,12176,340,360,340,320,380,360,2100,380,320,60,12168,11.04,43,0,225,405,N/A,
1786728484.684,2026-08-14T19:28:04,1729.551,12176,12168,12176,12168,12168,12176,340,360,340,320,380,360,2100,380,320,60,12168,11.23,43,0,240,405,N/A,
1786728485.182,2026-08-14T19:28:05,1730.051,12176,12168,12176,12168,12168,12176,340,360,340,320,380,360,2100,380,320,60,12168,10.68,43,0,285,405,N/A,
1786728485.681,2026-08-14T19:28:05,1730.551,12176,12168,12176,12168,12168,12176,340,360,340,320,380,360,2100,380,320,60,12168,10.63,43,0,300,405,N/A,
1786728486.183,2026-08-14T19:28:06,1731.051,12176,12168,12176,12168,12168,12176,340,360,340,320,380,360,2100,380,320,60,12168,11.09,43,4,240,405,N/A,
1786728486.681,2026-08-14T19:28:06,1731.551,12176,12168,12176,12168,12168,12176,340,360,340,320,380,360,2100,380,320,60,12168,10.31,43,0,225,405,N/A,
1786728487.181,2026-08-14T19:28:07,1732.051,12176,12168,12176,12176,12168,12176,340,360,340,320,380,360,2100,380,320,60,12168,10.31,43,0,225,405,N/A,
1786728487.684,2026-08-14T19:28:07,1732.551,12176,12168,12176,12168,12168,12176,340,360,340,320,380,360,2100,380,320,60,12168,10.56,43,0,240,405,N/A,
1786728488.180,2026-08-14T19:28:08,1733.051,12176,12168,12176,12168,12168,12176,340,360,340,320,380,360,2100,380,320,60,12168,10.67,43,0,285,405,N/A,
1786728488.681,2026-08-14T19:28:08,1733.551,12176,12168,12176,12168,12168,12176,340,360,340,320,380,360,2100,380,320,60,12168,10.27,43,0,292,405,N/A,
1786728489.183,2026-08-14T19:28:09,1734.051,12176,12168,12176,12168,12168,12176,340,360,340,320,380,360,2100,380,320,60,12168,10.49,43,3,262,405,N/A,
1786728489.682,2026-08-14T19:28:09,1734.551,12176,12168,12176,12168,12168,12176,340,360,340,320,380,360,2100,380,320,60,12168,10.00,43,0,225,405,N/A,
1786728490.184,2026-08-14T19:28:10,1735.051,12176,12168,12176,12168,12168,12176,340,360,340,320,380,360,2100,380,320,60,12168,10.35,43,0,225,405,N/A,
1786728490.685,2026-08-14T19:28:10,1735.551,12176,12168,12176,12168,12168,12176,340,360,340,320,380,360,2100,380,320,60,12168,11.03,43,0,255,405,N/A,
1786728491.181,2026-08-14T19:28:11,1736.051,12176,12168,12176,12168,12168,12176,340,360,340,320,380,360,2100,380,320,60,12168,10.81,43,0,292,405,N/A,
1786728491.682,2026-08-14T19:28:11,1736.552,12176,12168,12176,12168,12168,12176,340,360,340,320,380,360,2100,380,320,60,12168,10.20,43,0,285,405,N/A,
1786728492.184,2026-08-14T19:28:12,1737.052,12176,12168,12176,12168,12168,12176,340,360,340,320,380,360,2100,380,320,60,12168,10.59,43,4,262,405,N/A,
1786728492.682,2026-08-14T19:28:12,1737.552,12176,12168,12176,12168,12168,12176,340,360,340,340,380,360,2120,380,340,40,12168,10.44,43,0,255,405,N/A,
1786728493.185,2026-08-14T19:28:13,1738.052,12176,12168,12176,12168,12168,12176,340,360,340,320,380,360,2100,380,320,60,12168,10.29,43,0,225,405,N/A,
1786728493.685,2026-08-14T19:28:13,1738.552,12176,12168,12176,12168,12168,12176,340,360,340,320,380,360,2100,380,320,60,12168,10.74,43,0,240,405,N/A,
1786728494.181,2026-08-14T19:28:14,1739.052,12176,12168,12176,12168,12168,12176,340,360,340,320,380,360,2100,380,320,60,12168,10.75,43,0,292,405,N/A,
1786728494.683,2026-08-14T19:28:14,1739.552,12176,12168,12176,12168,12168,12176,340,360,340,320,380,360,2100,380,320,60,12168,10.90,43,0,307,405,N/A,
1786728495.184,2026-08-14T19:28:15,1740.052,12176,12168,12176,12168,12168,12176,340,360,340,340,380,360,2120,380,340,40,12168,11.15,43,3,262,405,N/A,
1786728495.683,2026-08-14T19:28:15,1740.552,12176,12168,12176,12168,12168,12176,340,360,340,340,380,360,2120,380,340,40,12168,10.09,43,0,225,405,N/A,
1786728496.193,2026-08-14T19:28:16,1741.052,12176,12168,12176,12168,12168,12176,340,360,340,340,380,360,2120,380,340,40,12168,10.41,43,0,225,405,N/A,
1786728496.685,2026-08-14T19:28:16,1741.552,12176,12168,12176,12168,12168,12176,340,360,340,340,380,360,2120,380,340,40,12168,10.94,43,0,240,405,N/A,
1786728497.181,2026-08-14T19:28:17,1742.052,12176,12168,12176,12168,12168,12176,340,360,340,320,380,360,2100,380,320,60,12168,10.94,43,0,285,405,N/A,
1786728497.683,2026-08-14T19:28:17,1742.552,12176,12168,12176,12168,12168,12176,340,360,340,320,380,360,2100,380,320,60,12168,10.50,43,0,300,405,N/A,
1786728498.185,2026-08-14T19:28:18,1743.052,12176,12168,12176,12168,12168,12176,340,360,340,320,380,360,2100,380,320,60,12168,10.90,43,4,247,405,N/A,
1786728498.683,2026-08-14T19:28:18,1743.552,12176,12168,12176,12168,12168,12176,340,360,340,320,400,360,2120,400,320,80,12168,10.60,43,1,225,405,N/A,
1786728499.186,2026-08-14T19:28:19,1744.053,12176,12168,12176,12168,12168,12176,340,360,340,320,380,360,2100,380,320,60,12168,10.39,43,0,225,405,N/A,
1786728499.685,2026-08-14T19:28:19,1744.553,12176,12168,12176,12168,12168,12176,340,360,340,320,380,360,2100,380,320,60,12168,10.73,43,0,247,405,N/A,
1786728500.183,2026-08-14T19:28:20,1745.053,12176,12168,12176,12168,12168,12176,340,360,340,320,380,360,2100,380,320,60,12168,10.31,43,0,285,405,N/A,
1786728500.684,2026-08-14T19:28:20,1745.553,12176,12168,12176,12168,12168,12176,340,360,340,320,380,360,2100,380,320,60,12168,10.40,43,0,277,405,N/A,
1786728501.185,2026-08-14T19:28:21,1746.053,12176,12168,12176,12168,12168,12176,340,360,340,320,400,360,2120,400,320,80,12168,10.93,43,4,247,405,N/A,
1786728501.683,2026-08-14T19:28:21,1746.553,12176,12168,12176,12168,12168,12176,340,360,340,320,380,360,2100,380,320,60,12168,10.37,43,0,225,405,N/A,
1786728502.184,2026-08-14T19:28:22,1747.053,12176,12168,12176,12168,12168,12176,340,360,340,320,400,360,2120,400,320,80,12168,10.49,43,0,225,405,N/A,
1786728502.686,2026-08-14T19:28:22,1747.553,12176,12168,12176,12168,12168,12176,340,360,340,320,400,360,2120,400,320,80,12168,10.82,43,0,240,405,N/A,
1786728503.182,2026-08-14T19:28:23,1748.053,12176,12168,12176,12168,12168,12176,340,360,340,320,400,360,2120,400,320,80,12168,10.80,43,0,285,405,N/A,
1786728503.684,2026-08-14T19:28:23,1748.553,12176,12168,12176,12168,12168,12176,340,360,340,320,380,360,2100,380,320,60,12168,10.37,43,0,285,405,N/A,
1786728504.186,2026-08-14T19:28:24,1749.053,12176,12168,12176,12168,12168,12176,340,360,340,320,400,360,2120,400,320,80,12168,10.40,43,4,240,405,N/A,
1786728504.683,2026-08-14T19:28:24,1749.553,12176,12168,12176,12168,12168,12176,340,360,340,320,400,360,2120,400,320,80,12168,9.84,43,0,225,405,N/A,
1786728505.186,2026-08-14T19:28:25,1750.053,12176,12168,12176,12168,12168,12176,340,360,340,320,380,360,2100,380,320,60,12168,10.48,43,0,225,405,N/A,
1786728505.686,2026-08-14T19:28:25,1750.553,12176,12168,12176,12168,12168,12176,340,360,340,320,380,360,2100,380,320,60,12168,10.58,43,0,240,405,N/A,
1786728506.183,2026-08-14T19:28:26,1751.054,12176,12168,12176,12168,12168,12176,340,360,340,320,400,360,2120,400,320,80,12168,10.05,43,0,285,405,N/A,
1786728506.684,2026-08-14T19:28:26,1751.554,12176,12168,12176,12168,12168,12176,340,360,340,320,400,360,2120,400,320,80,12168,10.20,43,0,285,405,N/A,
1786728507.184,2026-08-14T19:28:27,1752.054,12176,12168,12176,12168,12168,12176,340,360,340,320,380,360,2100,380,320,60,12168,10.90,43,3,277,405,N/A,
1786728507.684,2026-08-14T19:28:27,1752.554,12176,12168,12176,12168,12168,12176,340,360,340,320,380,360,2100,380,320,60,12168,10.49,43,0,225,405,N/A,
1786728508.187,2026-08-14T19:28:28,1753.054,12176,12168,12176,12168,12168,12176,340,360,340,320,380,360,2100,380,320,60,12168,10.34,43,0,225,405,N/A,
1786728508.687,2026-08-14T19:28:28,1753.554,12176,12168,12176,12168,12168,12176,340,360,340,320,380,360,2100,380,320,60,12168,10.42,43,0,240,405,N/A,
1786728509.183,2026-08-14T19:28:29,1754.054,12176,12168,12176,12168,12168,12176,340,360,340,320,380,360,2100,380,320,60,12168,10.71,43,0,285,405,N/A,
1786728509.684,2026-08-14T19:28:29,1754.554,12176,12168,12176,12168,12168,12176,340,360,340,320,380,360,2100,380,320,60,12168,10.74,43,0,292,405,N/A,
1786728510.184,2026-08-14T19:28:30,1755.054,12176,12168,12176,12168,12168,12176,340,360,340,320,380,360,2100,380,320,60,12168,10.40,43,4,240,405,N/A,
1786728510.685,2026-08-14T19:28:30,1755.554,12176,12168,12176,12168,12168,12176,340,360,340,320,380,360,2100,380,320,60,12168,9.64,43,0,225,405,N/A,
1786728511.187,2026-08-14T19:28:31,1756.054,12176,12168,12176,12168,12168,12176,340,360,340,320,380,360,2100,380,320,60,12168,10.00,43,0,225,405,N/A,
1786728511.688,2026-08-14T19:28:31,1756.554,12176,12168,12176,12168,12168,12176,340,360,340,320,380,360,2100,380,320,60,12168,10.47,43,0,240,405,N/A,
1786728512.183,2026-08-14T19:28:32,1757.054,12176,12168,12176,12168,12168,12176,340,360,340,320,380,360,2100,380,320,60,12168,10.68,43,0,285,405,N/A,
1786728512.685,2026-08-14T19:28:32,1757.554,12176,12168,12176,12168,12168,12176,340,360,340,320,380,360,2100,380,320,60,12168,10.83,43,0,300,405,N/A,
1786728513.187,2026-08-14T19:28:33,1758.054,12176,12168,12176,12168,12168,12176,340,360,340,320,400,360,2120,400,320,80,12168,11.25,43,4,262,405,N/A,
1786728513.685,2026-08-14T19:28:33,1758.554,12176,12168,12176,12168,12168,12176,340,360,340,320,400,360,2120,400,320,80,12168,10.79,43,0,240,405,N/A,
1786728514.187,2026-08-14T19:28:34,1759.054,12176,12168,12176,12168,12168,12176,340,360,340,320,380,360,2100,380,320,60,12168,10.99,43,0,240,405,N/A,
1786728514.688,2026-08-14T19:28:34,1759.554,12176,12168,12176,12168,12168,12176,340,360,340,320,380,360,2100,380,320,60,12168,10.88,43,0,240,405,N/A,
1786728515.186,2026-08-14T19:28:35,1760.055,12176,12168,12176,12168,12168,12176,340,360,340,320,380,360,2100,380,320,60,12168,10.71,43,0,285,405,N/A,
1786728515.685,2026-08-14T19:28:35,1760.555,12176,12168,12176,12168,12168,12176,340,360,340,320,380,360,2100,380,320,60,12168,11.02,43,0,330,405,N/A,
1786728516.187,2026-08-14T19:28:36,1761.055,12176,12168,12176,12168,12168,12176,340,360,340,320,400,360,2120,400,320,80,12168,11.51,43,3,240,405,N/A,
1786728516.685,2026-08-14T19:28:36,1761.555,12176,12168,12176,12168,12168,12176,340,360,340,320,380,360,2100,380,320,60,12168,10.25,43,0,225,405,N/A,
1786728517.186,2026-08-14T19:28:37,1762.055,12176,12168,12176,12168,12168,12176,340,360,340,320,380,360,2100,380,320,60,12168,10.32,43,0,225,405,N/A,
1786728517.688,2026-08-14T19:28:37,1762.555,12176,12168,12176,12168,12168,12176,340,360,340,320,380,360,2100,380,320,60,12168,10.68,43,0,247,405,N/A,
1786728518.184,2026-08-14T19:28:38,1763.055,12176,12168,12176,12168,12168,12176,340,360,340,320,380,360,2100,380,320,60,12168,10.89,43,0,292,405,N/A,
1786728518.685,2026-08-14T19:28:38,1763.555,12176,12168,12176,12168,12168,12176,340,360,340,320,380,360,2100,380,320,60,12168,10.48,43,0,292,405,N/A,
1786728519.188,2026-08-14T19:28:39,1764.055,12176,12168,12176,12168,12168,12176,340,360,340,320,400,360,2120,400,320,80,12168,10.90,43,4,247,405,N/A,
1786728519.686,2026-08-14T19:28:39,1764.555,12176,12168,12176,12168,12168,12176,340,360,340,320,400,360,2120,400,320,80,12168,10.65,43,1,225,405,N/A,
1786728520.189,2026-08-14T19:28:40,1765.055,12176,12168,12176,12168,12168,12176,340,360,340,320,400,360,2120,400,320,80,12168,10.06,43,0,225,405,N/A,
1786728520.689,2026-08-14T19:28:40,1765.555,12176,12168,12176,12168,12168,12176,340,360,340,320,400,360,2120,400,320,80,12168,10.65,43,0,247,405,N/A,
1786728521.186,2026-08-14T19:28:41,1766.056,12176,12168,12176,12168,12168,12176,340,360,340,320,400,360,2120,400,320,80,12168,10.51,43,0,292,405,N/A,
1786728521.686,2026-08-14T19:28:41,1766.556,12176,12168,12176,12168,12168,12176,340,360,340,320,400,360,2120,400,320,80,12168,10.37,43,0,292,405,N/A,
1786728522.188,2026-08-14T19:28:42,1767.056,12176,12168,12176,12168,12168,12176,340,360,340,340,400,360,2140,400,340,60,12168,10.99,43,3,247,405,N/A,
1786728522.686,2026-08-14T19:28:42,1767.556,12176,12168,12176,12168,12168,12176,340,360,340,320,380,360,2100,380,320,60,12168,10.10,43,0,225,405,N/A,
1786728523.189,2026-08-14T19:28:43,1768.056,12176,12168,12176,12168,12168,12176,340,360,340,320,380,360,2100,380,320,60,12168,9.94,43,0,225,405,N/A,
1786728523.689,2026-08-14T19:28:43,1768.556,12176,12168,12176,12168,12168,12176,340,360,340,320,380,360,2100,380,320,60,12168,10.28,43,0,240,405,N/A,
1786728524.185,2026-08-14T19:28:44,1769.056,12176,12168,12176,12168,12168,12176,340,360,340,320,380,360,2100,380,320,60,12168,10.54,43,0,285,405,N/A,
1786728524.686,2026-08-14T19:28:44,1769.556,12176,12168,12176,12168,12168,12176,340,360,340,320,380,360,2100,380,320,60,12168,10.43,43,0,307,405,N/A,
1786728525.188,2026-08-14T19:28:45,1770.056,12176,12168,12176,12168,12168,12176,340,360,340,320,400,360,2120,400,320,80,12168,10.72,43,4,270,405,N/A,
1786728525.685,2026-08-14T19:28:45,1770.556,12176,12168,12176,12168,12168,12176,340,360,340,320,400,360,2120,400,320,80,12168,10.23,43,0,225,405,N/A,
1786728526.189,2026-08-14T19:28:46,1771.056,12176,12168,12176,12168,12168,12176,340,360,340,320,400,360,2120,400,320,80,12168,10.20,43,0,225,405,N/A,
1786728526.689,2026-08-14T19:28:46,1771.556,12176,12168,12176,12168,12168,12176,340,360,340,340,380,360,2120,380,340,40,12168,10.76,43,0,247,405,N/A,
1786728527.185,2026-08-14T19:28:47,1772.056,12176,12168,12176,12168,12168,12176,340,360,340,320,380,360,2100,380,320,60,12168,10.55,43,0,285,405,N/A,
1786728527.687,2026-08-14T19:28:47,1772.556,12176,12168,12176,12168,12168,12176,340,360,340,320,400,360,2120,400,320,80,12168,10.44,43,0,292,405,N/A,
1786728528.190,2026-08-14T19:28:48,1773.057,12176,12168,12176,12168,12168,12176,340,360,340,320,400,360,2120,400,320,80,12168,10.98,43,4,247,405,N/A,
1786728528.687,2026-08-14T19:28:48,1773.557,12176,12168,12176,12168,12168,12176,340,360,340,340,380,360,2120,380,340,40,12168,10.22,43,0,240,405,N/A,
1786728529.190,2026-08-14T19:28:49,1774.057,12176,12168,12176,12168,12168,12176,340,360,340,320,380,360,2100,380,320,60,12168,10.24,43,0,225,405,N/A,
1786728529.690,2026-08-14T19:28:49,1774.557,12176,12168,12176,12168,12168,12176,340,360,340,320,380,360,2100,380,320,60,12168,10.44,43,0,240,405,N/A,
1786728530.187,2026-08-14T19:28:50,1775.057,12176,12168,12176,12168,12168,12176,340,360,340,320,380,360,2100,380,320,60,12168,10.94,43,0,292,405,N/A,
1786728530.688,2026-08-14T19:28:50,1775.557,12176,12168,12176,12168,12168,12176,340,360,340,320,380,360,2100,380,320,60,12168,11.20,43,0,292,405,N/A,
1786728531.190,2026-08-14T19:28:51,1776.057,12176,12168,12176,12168,12168,12176,340,360,340,320,380,360,2100,380,320,60,12168,11.25,43,4,247,405,N/A,
1786728531.688,2026-08-14T19:28:51,1776.557,12176,12168,12176,12168,12168,12176,340,360,340,320,380,360,2100,380,320,60,12168,10.22,43,0,225,405,N/A,
1786728532.189,2026-08-14T19:28:52,1777.057,12176,12168,12176,12168,12168,12176,340,360,340,340,380,360,2120,380,340,40,12168,10.72,43,0,225,405,N/A,
1786728532.690,2026-08-14T19:28:52,1777.557,12176,12168,12176,12168,12168,12176,340,360,340,340,380,360,2120,380,340,40,12168,10.94,43,0,247,405,N/A,
1786728533.187,2026-08-14T19:28:53,1778.057,12176,12168,12176,12168,12168,12176,340,360,340,320,380,360,2100,380,320,60,12168,10.92,43,0,292,405,N/A,
1786728533.688,2026-08-14T19:28:53,1778.557,12176,12168,12176,12168,12168,12176,340,360,340,320,380,360,2100,380,320,60,12168,10.86,43,0,300,405,N/A,
1786728534.190,2026-08-14T19:28:54,1779.057,12176,12168,12176,12168,12168,12176,340,360,340,340,380,360,2120,380,340,40,12168,10.90,43,4,247,405,N/A,
1786728534.688,2026-08-14T19:28:54,1779.557,12176,12168,12176,12168,12168,12176,340,360,340,340,380,360,2120,380,340,40,12168,10.40,43,0,225,405,N/A,
1786728535.191,2026-08-14T19:28:55,1780.058,12176,12168,12176,12168,12168,12176,340,360,340,340,380,360,2120,380,340,40,12168,10.27,43,0,225,405,N/A,
1786728535.691,2026-08-14T19:28:55,1780.558,12176,12168,12176,12168,12168,12176,340,360,360,320,380,360,2120,380,320,60,12168,10.56,43,0,315,405,N/A,
1786728536.190,2026-08-14T19:28:56,1781.058,12176,12168,12176,12168,12168,12176,340,360,360,320,380,360,2120,380,320,60,12168,10.61,43,0,285,405,N/A,
1786728536.688,2026-08-14T19:28:56,1781.558,12176,12168,12176,12168,12168,12176,340,360,340,340,380,360,2120,380,340,40,12168,11.10,43,0,315,405,N/A,
1786728537.190,2026-08-14T19:28:57,1782.058,12176,12168,12176,12168,12168,12176,340,360,340,340,380,360,2120,380,340,40,12168,11.29,43,4,240,405,N/A,
1786728537.689,2026-08-14T19:28:57,1782.558,12176,12168,12176,12168,12168,12176,340,360,340,320,380,360,2100,380,320,60,12168,10.17,43,0,225,405,N/A,
1786728538.188,2026-08-14T19:28:58,1783.058,12176,12168,12176,12168,12168,12176,340,360,340,320,380,360,2100,380,320,60,12168,10.55,43,0,225,405,N/A,
1786728538.691,2026-08-14T19:28:58,1783.558,12176,12168,12176,12168,12168,12176,340,360,340,320,380,360,2100,380,320,60,12168,11.38,43,0,240,405,N/A,
1786728539.187,2026-08-14T19:28:59,1784.058,12176,12168,12176,12168,12168,12176,340,360,340,320,380,360,2100,380,320,60,12168,11.51,43,0,285,405,N/A,
1786728539.689,2026-08-14T19:28:59,1784.558,12176,12168,12176,12168,12168,12176,340,360,340,320,380,360,2100,380,320,60,12168,11.01,43,0,307,405,N/A,
1786728540.191,2026-08-14T19:29:00,1785.058,12176,12168,12176,12168,12168,12176,340,360,340,320,380,360,2100,380,320,60,12168,10.99,43,4,232,405,N/A,
1786728540.689,2026-08-14T19:29:00,1785.558,12176,12168,12176,12168,12168,12176,340,360,340,320,380,360,2100,380,320,60,12168,10.70,43,1,225,405,N/A,
1786728541.190,2026-08-14T19:29:01,1786.058,12176,12168,12176,12168,12168,12176,340,360,340,320,400,360,2120,400,320,80,12168,10.70,43,0,225,405,N/A,
1786728541.691,2026-08-14T19:29:01,1786.558,12176,12168,12176,12168,12168,12176,340,360,340,320,400,360,2120,400,320,80,12168,11.13,43,0,240,405,N/A,
1786728542.188,2026-08-14T19:29:02,1787.058,12176,12168,12176,12168,12168,12176,340,360,340,320,400,360,2120,400,320,80,12168,10.93,43,0,285,405,N/A,
1786728542.689,2026-08-14T19:29:02,1787.559,12176,12168,12176,12168,12168,12176,360,360,340,340,400,360,2160,400,340,60,12168,11.00,43,0,315,405,N/A,
1786728543.191,2026-08-14T19:29:03,1788.059,12176,12168,12176,12168,12168,12176,340,360,340,340,400,360,2140,400,340,60,12168,11.49,43,3,247,405,N/A,
1786728543.690,2026-08-14T19:29:03,1788.559,12176,12168,12176,12168,12168,12176,340,360,340,340,400,360,2140,400,340,60,12168,10.55,43,0,225,405,N/A,
1786728544.192,2026-08-14T19:29:04,1789.059,12176,12168,12176,12168,12168,12176,340,360,340,340,380,360,2120,380,340,40,12168,10.06,43,0,225,405,N/A,
1786728544.692,2026-08-14T19:29:04,1789.559,12176,12168,12176,12168,12168,12176,360,360,340,340,400,360,2160,400,340,60,12168,10.81,43,0,240,405,N/A,
1786728545.189,2026-08-14T19:29:05,1790.059,12176,12168,12176,12168,12168,12176,360,360,340,340,400,360,2160,400,340,60,12168,10.99,43,0,300,405,N/A,
1786728545.689,2026-08-14T19:29:05,1790.559,12176,12168,12176,12168,12168,12176,340,360,340,320,380,360,2100,380,320,60,12168,10.89,43,0,285,405,N/A,
1786728546.192,2026-08-14T19:29:06,1791.059,12176,12168,12176,12168,12168,12176,340,360,340,320,380,360,2100,380,320,60,12168,10.55,43,3,240,405,N/A,
1786728546.688,2026-08-14T19:29:06,1791.559,12176,12168,12176,12168,12168,12176,340,340,340,320,380,360,2080,380,320,60,12168,10.02,43,0,217,405,N/A,
1786728547.190,2026-08-14T19:29:07,1792.059,12176,12168,12176,12168,12168,12176,340,360,340,320,380,360,2100,380,320,60,12168,10.29,43,0,225,405,N/A,
1786728547.693,2026-08-14T19:29:07,1792.559,12176,12168,12176,12168,12168,12176,340,360,340,320,380,360,2100,380,320,60,12168,10.80,43,0,247,405,N/A,
1786728548.189,2026-08-14T19:29:08,1793.059,12176,12168,12176,12168,12168,12176,340,360,340,320,380,360,2100,380,320,60,12168,10.45,43,0,300,405,N/A,
1786728548.689,2026-08-14T19:29:08,1793.559,12176,12168,12176,12168,12168,12176,340,360,340,320,400,360,2120,400,320,80,12168,10.87,43,0,375,405,N/A,
1786728549.192,2026-08-14T19:29:09,1794.059,12176,12168,12176,12168,12168,12176,340,360,340,340,380,360,2120,380,340,40,12168,11.24,43,3,247,405,N/A,
1786728549.692,2026-08-14T19:29:09,1794.560,12176,12168,12176,12168,12168,12176,340,360,340,340,380,360,2120,380,340,40,12168,10.06,43,0,225,405,N/A,
1786728550.191,2026-08-14T19:29:10,1795.060,12176,12168,12176,12168,12168,12176,340,360,340,340,380,360,2120,380,340,40,12168,10.31,43,0,240,405,N/A,
1786728550.704,2026-08-14T19:29:10,1795.560,12176,12168,12176,12168,12168,12176,340,360,340,340,380,360,2120,380,340,40,12168,10.77,43,0,247,405,N/A,
1786728551.189,2026-08-14T19:29:11,1796.060,12176,12168,12176,12168,12168,12176,340,360,340,340,380,360,2120,380,340,40,12168,10.71,43,0,292,405,N/A,
1786728551.691,2026-08-14T19:29:11,1796.560,12176,12168,12176,12168,12168,12176,340,360,340,340,380,360,2120,380,340,40,12168,10.56,43,0,300,405,N/A,
1786728552.193,2026-08-14T19:29:12,1797.060,12176,12168,12176,12168,12168,12176,340,360,340,320,380,360,2100,380,320,60,12168,10.76,43,3,247,405,N/A,
1786728552.691,2026-08-14T19:29:12,1797.560,12176,12168,12176,12168,12168,12176,340,360,340,320,380,360,2100,380,320,60,12168,10.13,43,0,225,405,N/A,
1786728553.193,2026-08-14T19:29:13,1798.060,12176,12168,12176,12168,12168,12176,340,360,340,320,380,360,2100,380,320,60,12168,10.60,43,0,225,405,N/A,
1786728553.693,2026-08-14T19:29:13,1798.560,12176,12168,12176,12168,12168,12176,340,360,340,320,380,360,2100,380,320,60,12168,10.90,43,0,247,405,N/A,
1786728554.190,2026-08-14T19:29:14,1799.060,12176,12168,12176,12168,12168,12176,340,360,340,320,380,360,2100,380,320,60,12168,10.73,43,0,285,405,N/A,
1786728554.691,2026-08-14T19:29:14,1799.560,12176,12168,12176,12168,12168,12176,340,360,340,320,380,360,2100,380,320,60,12168,10.52,43,0,292,405,N/A,
1786728555.190,2026-08-14T19:29:15,1800.060,12176,12168,12176,12168,12168,12176,340,360,340,320,380,360,2100,380,320,60,12168,11.03,43,4,270,405,N/A,
1786728555.691,2026-08-14T19:29:15,1800.560,12176,12168,12176,12168,12168,12176,340,360,340,320,380,360,2100,380,320,60,12168,10.51,43,0,225,405,N/A,
1786728556.194,2026-08-14T19:29:16,1801.060,12176,12168,12176,12168,12168,12176,340,360,340,320,380,360,2100,380,320,60,12168,10.86,43,0,225,405,N/A,
1786728556.694,2026-08-14T19:29:16,1801.561,12176,12168,12176,12168,12168,12176,340,360,340,320,380,360,2100,380,320,60,12168,10.98,43,0,315,405,N/A,
1786728557.190,2026-08-14T19:29:17,1802.061,12176,12168,12176,12168,12168,12176,340,360,340,320,400,360,2120,400,320,80,12168,11.02,43,0,315,405,N/A,
1786728557.692,2026-08-14T19:29:17,1802.561,12176,12168,12176,12168,12168,12176,360,360,340,340,400,360,2160,400,340,60,12168,11.16,43,0,285,405,N/A,
1786728558.193,2026-08-14T19:29:18,1803.061,12176,12168,12176,12168,12168,12176,340,360,340,320,400,360,2120,400,320,80,12168,11.28,43,4,247,405,N/A,
1786728558.691,2026-08-14T19:29:18,1803.561,12176,12168,12176,12168,12168,12176,340,360,340,340,380,360,2120,380,340,40,12168,10.40,43,0,225,405,N/A,
1786728559.190,2026-08-14T19:29:19,1804.061,12176,12168,12176,12168,12168,12176,340,360,340,320,400,360,2120,400,320,80,12168,10.63,43,0,225,405,N/A,
1786728559.694,2026-08-14T19:29:19,1804.561,12176,12168,12176,12168,12168,12176,340,360,340,320,400,360,2120,400,320,80,12168,10.96,43,0,240,405,N/A,
1786728560.192,2026-08-14T19:29:20,1805.061,12176,12168,12176,12168,12168,12168,340,360,340,320,400,360,2120,400,320,80,12168,11.03,43,0,292,405,N/A,
1786728560.692,2026-08-14T19:29:20,1805.561,12176,12168,12176,12168,12168,12176,340,360,340,320,400,360,2120,400,320,80,12168,11.14,43,0,300,405,N/A,
1786728561.192,2026-08-14T19:29:21,1806.061,12176,12168,12176,12168,12168,12176,340,360,340,320,400,360,2120,400,320,80,12168,11.33,43,4,240,405,N/A,
1786728561.692,2026-08-14T19:29:21,1806.561,12176,12168,12176,12168,12168,12176,340,360,340,320,400,360,2120,400,320,80,12168,11.22,43,0,240,405,N/A,
1786728562.194,2026-08-14T19:29:22,1807.061,12176,12168,12176,12168,12168,12168,340,360,340,320,400,360,2120,400,320,80,12168,11.06,43,0,225,405,N/A,
1786728562.695,2026-08-14T19:29:22,1807.561,12176,12168,12176,12168,12168,12176,340,360,340,320,400,360,2120,400,320,80,12168,11.22,43,0,247,405,N/A,
1786728563.191,2026-08-14T19:29:23,1808.061,12176,12168,12176,12168,12168,12176,340,360,340,320,380,360,2100,380,320,60,12168,10.95,43,0,292,405,N/A,
1786728563.692,2026-08-14T19:29:23,1808.562,12176,12168,12176,12168,12168,12176,340,360,340,320,400,360,2120,400,320,80,12168,10.87,43,1,292,405,N/A,
1786728564.194,2026-08-14T19:29:24,1809.062,12176,12168,12176,12168,12168,12176,340,360,340,320,400,360,2120,400,320,80,12168,10.90,43,3,240,405,N/A,
1786728564.693,2026-08-14T19:29:24,1809.562,12176,12168,12176,12168,12168,12176,340,360,340,320,400,360,2120,400,320,80,12168,10.16,43,0,225,405,N/A,
1786728565.195,2026-08-14T19:29:25,1810.062,12176,12168,12176,12168,12168,12168,360,360,340,320,400,360,2140,400,320,80,12168,10.47,43,0,225,405,N/A,
1786728565.694,2026-08-14T19:29:25,1810.562,12176,12168,12176,12168,12168,12176,360,360,340,320,400,360,2140,400,320,80,12168,10.74,43,0,307,405,N/A,
1786728566.191,2026-08-14T19:29:26,1811.062,12176,12168,12176,12168,12168,12176,340,360,340,320,400,360,2120,400,320,80,12168,11.01,43,0,285,405,N/A,
1786728566.693,2026-08-14T19:29:26,1811.562,12176,12168,12176,12168,12168,12168,340,360,340,320,400,360,2120,400,320,80,12168,10.98,43,0,307,405,N/A,
1786728567.195,2026-08-14T19:29:27,1812.062,12176,12168,12176,12168,12168,12168,340,360,340,320,380,360,2100,380,320,60,12168,10.88,43,4,247,405,N/A,
1786728567.691,2026-08-14T19:29:27,1812.562,12176,12168,12176,12168,12168,12168,340,360,340,340,400,360,2140,400,340,60,12168,10.38,43,0,225,405,N/A,
1786728568.195,2026-08-14T19:29:28,1813.062,12176,12168,12176,12168,12168,12176,340,360,340,320,400,360,2120,400,320,80,12168,10.60,43,0,225,405,N/A,
1786728568.695,2026-08-14T19:29:28,1813.562,12176,12168,12176,12168,12168,12176,340,340,340,320,380,360,2080,380,320,60,12168,11.21,43,0,247,405,N/A,
1786728569.192,2026-08-14T19:29:29,1814.062,12176,12168,12176,12168,12168,12176,340,360,340,320,380,360,2100,380,320,60,12168,10.59,43,0,285,405,N/A,
1786728569.692,2026-08-14T19:29:29,1814.562,12176,12168,12176,12168,12168,12176,340,360,340,320,380,360,2100,380,320,60,12168,10.44,43,0,307,405,N/A,
1786728570.193,2026-08-14T19:29:30,1815.063,12176,12168,12176,12168,12168,12176,340,360,340,340,400,360,2140,400,340,60,12168,11.32,43,3,277,405,N/A,
1786728570.693,2026-08-14T19:29:30,1815.563,12176,12168,12176,12168,12168,12168,340,360,340,320,400,360,2120,400,320,80,12168,10.81,43,0,225,405,N/A,
1786728571.196,2026-08-14T19:29:31,1816.063,12176,12168,12176,12168,12168,12176,340,360,340,320,400,360,2120,400,320,80,12168,10.19,43,0,225,405,N/A,
1786728571.693,2026-08-14T19:29:31,1816.563,12176,12168,12176,12168,12168,12176,340,360,340,320,400,360,2120,400,320,80,12168,10.93,43,0,330,405,N/A,
1786728572.192,2026-08-14T19:29:32,1817.063,12176,12168,12176,12168,12168,12168,340,360,340,320,400,360,2120,400,320,80,12168,11.38,43,0,292,405,N/A,
1786728572.693,2026-08-14T19:29:32,1817.563,12176,12168,12176,12168,12168,12176,340,360,340,320,400,360,2120,400,320,80,12168,10.97,43,0,285,405,N/A,
1786728573.193,2026-08-14T19:29:33,1818.063,12176,12168,12176,12168,12168,12168,340,360,340,320,400,360,2120,400,320,80,12168,10.81,43,4,247,405,N/A,
1786728573.694,2026-08-14T19:29:33,1818.563,12176,12168,12176,12168,12168,12168,340,360,340,320,380,360,2100,380,320,60,12168,10.45,43,0,225,405,N/A,
1786728574.196,2026-08-14T19:29:34,1819.063,12176,12168,12176,12168,12168,12176,340,360,340,320,380,360,2100,380,320,60,12168,11.14,43,0,225,405,N/A,
1786728574.696,2026-08-14T19:29:34,1819.563,12176,12168,12176,12168,12168,12176,340,360,340,320,380,360,2100,380,320,60,12168,10.91,43,0,247,405,N/A,
1786728575.194,2026-08-14T19:29:35,1820.063,12176,12168,12176,12168,12168,12168,340,360,340,340,400,360,2140,400,340,60,12168,10.74,43,0,292,405,N/A,
1786728575.694,2026-08-14T19:29:35,1820.563,12176,12168,12176,12168,12168,12168,340,360,340,320,400,360,2120,400,320,80,12168,10.91,43,0,292,405,N/A,
1786728576.193,2026-08-14T19:29:36,1821.063,12176,12168,12176,12168,12168,12168,340,360,340,320,380,360,2100,380,320,60,12168,11.77,43,3,247,405,N/A,
1786728576.694,2026-08-14T19:29:36,1821.564,12176,12168,12176,12168,12168,12176,340,360,340,320,380,360,2100,380,320,60,12168,11.28,43,0,225,405,N/A,
1786728577.196,2026-08-14T19:29:37,1822.064,12176,12168,12176,12168,12168,12176,340,360,340,320,400,360,2120,400,320,80,12168,11.36,43,0,225,405,N/A,
1786728577.696,2026-08-14T19:29:37,1822.564,12176,12168,12176,12168,12168,12176,340,360,340,320,380,360,2100,380,320,60,12168,11.11,43,0,307,405,N/A,
1786728578.192,2026-08-14T19:29:38,1823.064,12176,12168,12176,12168,12168,12168,340,360,340,320,380,360,2100,380,320,60,12168,10.83,43,0,285,405,N/A,
1786728578.694,2026-08-14T19:29:38,1823.564,12176,12168,12176,12168,12168,12176,340,360,340,320,380,360,2100,380,320,60,12168,10.91,43,0,315,405,N/A,
1786728579.196,2026-08-14T19:29:39,1824.064,12176,12168,12176,12168,12168,12168,340,360,340,320,400,360,2120,400,320,80,12168,11.36,43,4,247,405,N/A,
1786728579.694,2026-08-14T19:29:39,1824.564,12176,12168,12176,12168,12168,12168,340,360,340,320,400,360,2120,400,320,80,12168,10.79,43,0,225,405,N/A,
1786728580.193,2026-08-14T19:29:40,1825.064,12176,12168,12176,12168,12168,12176,340,360,340,320,380,360,2100,380,320,60,12168,10.75,43,0,225,405,N/A,
1786728580.697,2026-08-14T19:29:40,1825.564,12176,12168,12176,12168,12168,12176,340,360,340,320,380,360,2100,380,320,60,12168,10.92,43,0,247,405,N/A,
1786728581.193,2026-08-14T19:29:41,1826.064,12176,12168,12176,12168,12168,12176,340,360,340,320,380,360,2100,380,320,60,12168,11.24,43,0,292,405,N/A,
1786728581.694,2026-08-14T19:29:41,1826.564,12176,12168,12176,12168,12168,12168,340,360,340,320,380,360,2100,380,320,60,12168,11.09,43,0,292,405,N/A,
1786728582.194,2026-08-14T19:29:42,1827.064,12176,12168,12176,12168,12168,12168,340,360,340,320,400,360,2120,400,320,80,12168,11.24,43,4,247,405,N/A,
1786728582.695,2026-08-14T19:29:42,1827.564,12176,12168,12176,12168,12168,12168,360,360,340,320,400,360,2140,400,320,80,12168,10.94,43,0,240,405,N/A,
1786728583.200,2026-08-14T19:29:43,1828.064,12176,12168,12176,12168,12168,12168,340,360,340,320,400,360,2120,400,320,80,12168,10.86,43,0,225,405,N/A,
1786728583.698,2026-08-14T19:29:43,1828.565,12176,12168,12176,12168,12168,12168,360,360,360,340,400,380,2200,400,340,60,12168,12.25,43,0,405,405,N/A,
1786728584.198,2026-08-14T19:29:44,1829.065,12176,12168,12176,12168,12168,12168,360,380,360,340,420,380,2240,420,340,80,12168,13.75,43,3,375,405,N/A,
1786728584.698,2026-08-14T19:29:44,1829.565,12176,12168,12176,12168,12168,12168,360,380,360,340,420,380,2240,420,340,80,12168,14.68,43,3,487,405,N/A,
1786728585.198,2026-08-14T19:29:45,1830.065,12176,12168,12176,12168,12168,12168,380,380,380,360,420,380,2300,420,360,60,12168,15.60,43,4,412,405,N/A,
1786728585.698,2026-08-14T19:29:45,1830.565,12176,12168,12176,12168,12168,12168,400,380,380,360,440,400,2360,440,360,80,12168,15.29,43,0,442,405,N/A,
1786728586.198,2026-08-14T19:29:46,1831.065,12176,12168,12176,12168,12168,12168,400,400,400,360,440,420,2420,440,360,80,12168,16.34,43,3,390,405,N/A,
1786728586.698,2026-08-14T19:29:46,1831.565,12176,12168,12176,12168,12168,12168,400,400,400,380,440,420,2440,440,380,60,12168,16.19,43,4,435,405,N/A,
1786728587.198,2026-08-14T19:29:47,1832.065,12176,12168,12176,12168,12168,12168,400,400,400,380,440,420,2440,440,380,60,12168,15.73,43,4,412,405,N/A,
1786728587.698,2026-08-14T19:29:47,1832.565,12176,12168,12176,12168,12168,12168,400,400,400,400,440,420,2460,440,400,40,12168,15.95,43,4,420,405,N/A,
1786728588.198,2026-08-14T19:29:48,1833.065,12176,12168,12176,12168,12168,12168,400,400,420,400,460,420,2500,460,400,60,12168,15.98,43,3,457,405,N/A,
1786728588.698,2026-08-14T19:29:48,1833.565,12176,12168,12176,12168,12168,12168,400,420,420,400,460,420,2520,460,400,60,12168,15.81,43,4,337,405,N/A,
1786728589.199,2026-08-14T19:29:49,1834.065,12176,12168,12176,12168,12168,12168,400,420,420,400,460,420,2520,460,400,60,12168,16.53,43,0,480,405,N/A,
1786728589.698,2026-08-14T19:29:49,1834.565,12176,12168,12176,12168,12168,12168,400,420,420,400,460,420,2520,460,400,60,12168,17.57,43,0,412,405,N/A,
1786728590.196,2026-08-14T19:29:50,1835.066,12176,12168,12176,12168,12168,12168,400,420,420,400,460,420,2520,460,400,60,12168,15.57,43,4,277,405,N/A,
1786728590.699,2026-08-14T19:29:50,1835.566,12176,12168,12176,12168,12168,12168,400,400,400,380,440,420,2440,440,380,60,12168,12.54,43,0,270,405,N/A,
1786728591.198,2026-08-14T19:29:51,1836.066,12176,12168,12176,12168,12168,12168,400,420,420,400,460,420,2520,460,400,60,12168,14.88,43,10,360,405,N/A,
1786728591.696,2026-08-14T19:29:51,1836.566,12176,12168,12176,12168,12168,12168,380,400,400,380,440,400,2400,440,380,60,12168,14.26,43,4,225,405,N/A,
1786728592.198,2026-08-14T19:29:52,1837.066,12176,12168,12176,12168,12168,12168,380,380,380,360,440,400,2340,440,360,80,12168,12.13,43,4,225,405,N/A,
1786728592.696,2026-08-14T19:29:52,1837.566,12176,12168,12176,12168,12168,12168,380,380,380,360,420,380,2300,420,360,60,12168,11.40,43,0,247,405,N/A,
1786728593.199,2026-08-14T19:29:53,1838.066,12176,12168,12176,12168,12168,12168,360,380,380,340,420,380,2260,420,340,80,12168,11.73,43,0,315,405,N/A,
1786728593.695,2026-08-14T19:29:53,1838.566,12176,12168,12176,12168,12168,12168,360,360,360,340,400,380,2200,400,340,60,12168,11.41,43,0,292,405,N/A,
1786728594.198,2026-08-14T19:29:54,1839.066,12176,12168,12176,12168,12168,12168,360,360,360,340,400,380,2200,400,340,60,12168,11.31,43,0,322,405,N/A,
1786728594.697,2026-08-14T19:29:54,1839.566,12176,12168,12176,12168,12168,12168,360,360,360,340,400,380,2200,400,340,60,12168,11.12,43,4,225,405,N/A,
1786728595.198,2026-08-14T19:29:55,1840.066,12176,12168,12176,12168,12168,12168,360,360,360,340,400,380,2200,400,340,60,12168,10.64,43,1,225,405,N/A,
1786728595.699,2026-08-14T19:29:55,1840.566,12176,12168,12176,12168,12168,12168,360,360,360,340,400,380,2200,400,340,60,12168,10.92,43,0,247,405,N/A,
1786728596.200,2026-08-14T19:29:56,1841.066,12176,12168,12176,12168,12168,12168,360,360,360,340,400,380,2200,400,340,60,12168,11.43,43,0,292,405,N/A,
1786728596.695,2026-08-14T19:29:56,1841.566,12176,12168,12176,12168,12168,12168,360,360,360,340,400,380,2200,400,340,60,12168,10.97,43,0,292,405,N/A,
1786728597.199,2026-08-14T19:29:57,1842.067,12176,12168,12176,12168,12168,12168,360,360,360,340,400,380,2200,400,340,60,12168,11.12,43,0,307,405,N/A,
1786728597.697,2026-08-14T19:29:57,1842.567,12176,12168,12176,12168,12168,12168,360,360,360,340,400,380,2200,400,340,60,12168,11.40,43,3,225,405,N/A,
1786728598.198,2026-08-14T19:29:58,1843.067,12176,12168,12176,12168,12168,12168,360,360,360,340,400,360,2180,400,340,60,12168,10.96,43,0,225,405,N/A,
1786728598.697,2026-08-14T19:29:58,1843.567,12176,12168,12176,12168,12168,12168,360,360,340,340,400,360,2160,400,340,60,12168,11.07,43,0,247,405,N/A,
1786728599.200,2026-08-14T19:29:59,1844.067,12176,12168,12176,12168,12168,12168,360,360,340,340,400,360,2160,400,340,60,12168,11.74,43,0,375,405,N/A,
1786728599.696,2026-08-14T19:29:59,1844.567,12176,12168,12176,12168,12168,12168,360,360,360,340,400,380,2200,400,340,60,12168,12.53,43,0,300,405,N/A,
1786728600.200,2026-08-14T19:30:00,1845.067,12176,12168,12176,12168,12168,12168,360,360,360,340,400,380,2200,400,340,60,12168,11.78,43,0,330,405,N/A,
1786728600.697,2026-08-14T19:30:00,1845.567,12176,12168,12176,12168,12168,12168,360,360,360,340,400,360,2180,400,340,60,12168,11.15,43,4,225,405,N/A,
1786728601.196,2026-08-14T19:30:01,1846.067,12176,12168,12176,12168,12168,12168,360,360,360,340,400,360,2180,400,340,60,12168,10.53,43,0,240,405,N/A,
1786728601.700,2026-08-14T19:30:01,1846.567,12176,12168,12176,12168,12168,12168,340,360,360,340,400,360,2160,400,340,60,12168,10.73,43,0,247,405,N/A,
1786728602.200,2026-08-14T19:30:02,1847.067,12176,12168,12176,12168,12168,12168,340,360,360,340,400,360,2160,400,340,60,12168,11.01,43,0,292,405,N/A,
1786728602.696,2026-08-14T19:30:02,1847.567,12176,12168,12176,12168,12168,12168,340,360,340,340,400,360,2140,400,340,60,12168,10.74,43,0,292,405,N/A,
1786728603.197,2026-08-14T19:30:03,1848.067,12176,12168,12176,12168,12168,12168,340,360,340,320,400,360,2120,400,320,80,12168,10.66,43,0,307,405,N/A,
1786728603.698,2026-08-14T19:30:03,1848.567,12176,12168,12176,12168,12168,12168,340,360,340,340,400,360,2140,400,340,60,12168,10.77,43,3,225,405,N/A,
1786728604.200,2026-08-14T19:30:04,1849.067,12176,12168,12176,12168,12168,12168,340,360,340,340,400,360,2140,400,340,60,12168,10.28,43,0,225,405,N/A,
1786728604.699,2026-08-14T19:30:04,1849.568,12176,12168,12176,12168,12168,12168,340,360,340,340,400,360,2140,400,340,60,12168,10.56,43,0,247,405,N/A,
1786728605.201,2026-08-14T19:30:05,1850.068,12176,12168,12176,12168,12168,12168,340,360,340,320,400,360,2120,400,320,80,12168,11.01,43,0,285,405,N/A,
1786728605.697,2026-08-14T19:30:05,1850.568,12176,12168,12176,12168,12168,12168,340,360,340,320,400,360,2120,400,320,80,12168,10.88,43,0,285,405,N/A,
1786728606.200,2026-08-14T19:30:06,1851.068,12176,12168,12176,12168,12168,12168,360,360,340,340,400,360,2160,400,340,60,12168,10.90,43,0,315,405,N/A,
1786728606.698,2026-08-14T19:30:06,1851.568,12176,12168,12176,12168,12168,12168,340,360,340,340,380,360,2120,380,340,40,12168,11.03,43,4,225,405,N/A,
1786728607.200,2026-08-14T19:30:07,1852.068,12176,12168,12176,12168,12168,12168,340,360,340,340,400,360,2140,400,340,60,12168,10.49,43,0,225,405,N/A,
1786728607.701,2026-08-14T19:30:07,1852.568,12176,12168,12176,12168,12168,12168,340,360,340,340,380,360,2120,380,340,40,12168,10.92,43,0,247,405,N/A,
1786728608.201,2026-08-14T19:30:08,1853.068,12176,12168,12176,12168,12168,12168,340,360,340,320,380,360,2100,380,320,60,12168,11.43,43,0,285,405,N/A,
1786728608.697,2026-08-14T19:30:08,1853.568,12176,12168,12176,12168,12168,12168,340,360,340,320,380,360,2100,380,320,60,12168,10.62,43,0,285,405,N/A,
1786728609.201,2026-08-14T19:30:09,1854.068,12176,12168,12176,12168,12168,12168,340,360,340,320,380,360,2100,380,320,60,12168,10.55,43,0,322,405,N/A,
1786728609.699,2026-08-14T19:30:09,1854.568,12176,12168,12176,12168,12168,12168,340,360,340,320,380,360,2100,380,320,60,12168,10.39,43,4,225,405,N/A,
1786728610.199,2026-08-14T19:30:10,1855.068,12176,12168,12176,12168,12168,12168,340,360,340,340,380,360,2120,380,340,40,12168,10.04,43,0,225,405,N/A,
1786728610.699,2026-08-14T19:30:10,1855.568,12176,12168,12176,12168,12168,12168,340,360,340,340,380,360,2120,380,340,40,12168,10.92,43,0,247,405,N/A,
1786728611.199,2026-08-14T19:30:11,1856.068,12176,12168,12176,12168,12168,12168,340,360,340,340,380,360,2120,380,340,40,12168,10.58,43,0,292,405,N/A,
1786728611.704,2026-08-14T19:30:11,1856.568,12176,12168,12176,12168,12168,12168,340,360,340,320,380,360,2100,380,320,60,12168,10.57,43,0,285,405,N/A,
1786728612.201,2026-08-14T19:30:12,1857.069,12176,12168,12176,12168,12168,12168,340,360,340,340,400,360,2140,400,340,60,12168,11.46,43,0,360,405,N/A,
1786728612.699,2026-08-14T19:30:12,1857.569,12176,12168,12176,12168,12168,12168,340,360,340,340,380,360,2120,380,340,40,12168,11.13,43,4,225,405,N/A,
1786728613.201,2026-08-14T19:30:13,1858.069,12176,12168,12176,12168,12168,12168,340,360,340,340,380,360,2120,380,340,40,12168,9.74,43,0,225,405,N/A,
1786728613.698,2026-08-14T19:30:13,1858.569,12176,12168,12176,12168,12168,12168,340,360,340,340,400,360,2140,400,340,60,12168,10.26,43,0,247,405,N/A,
1786728614.202,2026-08-14T19:30:14,1859.069,12176,12168,12176,12168,12168,12168,340,360,340,340,400,360,2140,400,340,60,12168,10.98,43,0,292,405,N/A,
1786728614.698,2026-08-14T19:30:14,1859.569,12176,12168,12176,12168,12168,12168,340,360,340,340,400,360,2140,400,340,60,12168,10.65,43,0,300,405,N/A,
1786728615.201,2026-08-14T19:30:15,1860.069,12176,12168,12176,12168,12168,12168,360,360,340,340,400,360,2160,400,340,60,12168,10.86,43,0,315,405,N/A,
1786728615.700,2026-08-14T19:30:15,1860.569,12176,12168,12176,12168,12168,12168,340,360,340,320,380,360,2100,380,320,60,12168,10.66,43,4,225,405,N/A,
1786728616.202,2026-08-14T19:30:16,1861.069,12176,12168,12176,12168,12168,12168,340,360,340,320,400,360,2120,400,320,80,12168,10.36,43,1,225,405,N/A,
1786728616.702,2026-08-14T19:30:16,1861.569,12176,12168,12176,12168,12168,12168,340,360,340,340,380,360,2120,380,340,40,12168,11.01,43,0,247,405,N/A,
1786728617.203,2026-08-14T19:30:17,1862.069,12176,12168,12176,12168,12168,12168,340,360,340,340,380,360,2120,380,340,40,12168,10.69,43,0,292,405,N/A,
1786728617.698,2026-08-14T19:30:17,1862.569,12176,12168,12176,12168,12168,12168,340,360,340,320,380,360,2100,380,320,60,12168,10.31,43,0,292,405,N/A,
1786728618.201,2026-08-14T19:30:18,1863.069,12176,12168,12176,12168,12168,12168,340,360,340,340,400,360,2140,400,340,60,12168,10.81,43,0,307,405,N/A,
1786728618.699,2026-08-14T19:30:18,1863.569,12176,12168,12176,12168,12168,12168,340,360,340,340,400,360,2140,400,340,60,12168,11.40,43,4,225,405,N/A,
1786728619.202,2026-08-14T19:30:19,1864.070,12176,12168,12176,12168,12168,12168,340,360,340,320,400,360,2120,400,320,80,12168,10.68,43,0,225,405,N/A,
1786728619.702,2026-08-14T19:30:19,1864.570,12176,12168,12176,12168,12168,12168,340,360,340,340,380,360,2120,380,340,40,12168,10.55,43,0,247,405,N/A,
1786728620.203,2026-08-14T19:30:20,1865.070,12176,12168,12176,12168,12168,12168,340,360,340,340,380,360,2120,380,340,40,12168,10.86,43,0,285,405,N/A,
1786728620.699,2026-08-14T19:30:20,1865.570,12176,12168,12176,12168,12168,12168,340,360,340,340,400,360,2140,400,340,60,12168,10.91,43,0,285,405,N/A,
1786728621.202,2026-08-14T19:30:21,1866.070,12176,12168,12176,12168,12168,12168,360,360,340,340,400,360,2160,400,340,60,12168,11.16,43,0,330,405,N/A,
1786728621.700,2026-08-14T19:30:21,1866.570,12176,12168,12176,12168,12168,12168,360,360,340,340,400,360,2160,400,340,60,12168,10.85,43,4,240,405,N/A,
1786728622.199,2026-08-14T19:30:22,1867.070,12176,12168,12176,12168,12168,12168,340,360,340,340,400,360,2140,400,340,60,12168,10.24,43,0,225,405,N/A,
1786728622.703,2026-08-14T19:30:22,1867.570,12176,12168,12176,12168,12168,12168,340,360,340,340,400,360,2140,400,340,60,12168,10.48,43,0,247,405,N/A,
1786728623.204,2026-08-14T19:30:23,1868.070,12176,12168,12176,12168,12168,12168,340,360,340,320,380,360,2100,380,320,60,12168,10.65,43,0,285,405,N/A,
1786728623.700,2026-08-14T19:30:23,1868.570,12176,12168,12176,12168,12168,12168,340,360,340,320,380,360,2100,380,320,60,12168,10.49,43,0,292,405,N/A,
1786728624.199,2026-08-14T19:30:24,1869.070,12176,12168,12176,12168,12168,12168,340,360,340,320,380,360,2100,380,320,60,12168,11.06,43,0,322,405,N/A,
1786728624.701,2026-08-14T19:30:24,1869.570,12176,12168,12176,12168,12168,12168,340,360,340,320,380,360,2100,380,320,60,12168,11.04,43,3,225,405,N/A,
1786728625.201,2026-08-14T19:30:25,1870.070,12176,12168,12176,12168,12168,12168,340,360,340,320,380,360,2100,380,320,60,12168,10.35,43,0,225,405,N/A,
1786728625.703,2026-08-14T19:30:25,1870.570,12176,12168,12176,12168,12168,12168,340,360,340,320,380,360,2100,380,320,60,12168,10.31,43,0,247,405,N/A,
1786728626.204,2026-08-14T19:30:26,1871.071,12176,12168,12176,12168,12168,12168,340,360,340,320,380,360,2100,380,320,60,12168,10.82,43,0,292,405,N/A,
1786728626.699,2026-08-14T19:30:26,1871.571,12176,12168,12176,12168,12168,12168,340,360,340,320,380,360,2100,380,320,60,12168,10.60,43,0,300,405,N/A,
1786728627.203,2026-08-14T19:30:27,1872.071,12176,12168,12176,12168,12168,12168,340,360,340,320,380,360,2100,380,320,60,12168,11.10,43,0,322,405,N/A,
1786728627.701,2026-08-14T19:30:27,1872.571,12176,12168,12176,12168,12168,12168,340,360,340,320,380,360,2100,380,320,60,12168,10.85,43,4,225,405,N/A,
1786728628.203,2026-08-14T19:30:28,1873.071,12176,12168,12176,12168,12168,12168,340,360,340,320,380,360,2100,380,320,60,12168,10.09,43,0,225,405,N/A,
1786728628.704,2026-08-14T19:30:28,1873.571,12176,12168,12176,12168,12168,12168,340,360,340,320,380,360,2100,380,320,60,12168,10.96,43,0,247,405,N/A,
1786728629.205,2026-08-14T19:30:29,1874.071,12176,12168,12176,12168,12168,12168,340,360,340,340,400,360,2140,400,340,60,12168,11.13,43,0,292,405,N/A,
1786728629.700,2026-08-14T19:30:29,1874.571,12176,12168,12176,12168,12168,12168,340,360,340,340,380,360,2120,380,340,40,12168,10.98,43,0,292,405,N/A,
1786728630.201,2026-08-14T19:30:30,1875.071,12176,12168,12176,12168,12168,12168,340,360,360,340,400,360,2160,400,340,60,12168,11.35,43,0,322,405,N/A,
1786728630.701,2026-08-14T19:30:30,1875.571,12176,12168,12176,12168,12168,12168,340,360,340,340,400,360,2140,400,340,60,12168,11.31,43,4,225,405,N/A,
1786728631.204,2026-08-14T19:30:31,1876.071,12176,12168,12176,12168,12168,12168,340,360,340,320,400,360,2120,400,320,80,12168,10.57,43,0,225,405,N/A,
1786728631.704,2026-08-14T19:30:31,1876.571,12176,12168,12176,12168,12168,12168,340,360,340,320,400,360,2120,400,320,80,12168,10.40,43,0,247,405,N/A,
1786728632.205,2026-08-14T19:30:32,1877.071,12176,12168,12176,12168,12168,12168,340,360,340,320,380,360,2100,380,320,60,12168,10.77,43,0,285,405,N/A,
1786728632.700,2026-08-14T19:30:32,1877.571,12176,12168,12176,12168,12168,12168,340,360,340,320,400,360,2120,400,320,80,12168,10.60,43,0,285,405,N/A,
1786728633.202,2026-08-14T19:30:33,1878.072,12176,12168,12176,12168,12168,12168,340,360,340,320,400,360,2120,400,320,80,12168,11.30,43,0,345,405,N/A,
1786728633.702,2026-08-14T19:30:33,1878.572,12176,12168,12176,12168,12168,12168,340,360,340,320,400,360,2120,400,320,80,12168,11.68,43,3,225,405,N/A,
1786728634.204,2026-08-14T19:30:34,1879.072,12176,12168,12176,12168,12168,12168,340,360,340,320,400,360,2120,400,320,80,12168,10.29,43,0,225,405,N/A,
1786728634.701,2026-08-14T19:30:34,1879.572,12176,12168,12176,12168,12168,12168,340,360,340,320,400,360,2120,400,320,80,12168,10.82,43,0,247,405,N/A,
1786728635.205,2026-08-14T19:30:35,1880.072,12176,12168,12176,12168,12168,12168,340,360,340,320,400,360,2120,400,320,80,12168,11.34,43,0,285,405,N/A,
1786728635.702,2026-08-14T19:30:35,1880.572,12176,12168,12176,12168,12168,12168,340,360,340,320,400,360,2120,400,320,80,12168,11.24,43,0,292,405,N/A,
1786728636.202,2026-08-14T19:30:36,1881.072,12176,12168,12176,12168,12168,12168,360,360,340,340,400,360,2160,400,340,60,12168,11.27,43,0,330,405,N/A,
1786728636.707,2026-08-14T19:30:36,1881.572,12176,12168,12176,12168,12168,12168,360,360,340,340,400,360,2160,400,340,60,12168,10.85,43,3,225,405,N/A,
1786728637.204,2026-08-14T19:30:37,1882.072,12176,12168,12176,12168,12168,12168,340,360,340,340,400,360,2140,400,340,60,12168,10.24,43,0,225,405,N/A,
1786728637.705,2026-08-14T19:30:37,1882.572,12176,12168,12176,12168,12168,12168,340,360,340,340,400,360,2140,400,340,60,12168,10.58,43,0,247,405,N/A,
1786728638.203,2026-08-14T19:30:38,1883.072,12176,12168,12176,12168,12168,12168,340,360,340,320,380,360,2100,380,320,60,12168,10.94,43,0,292,405,N/A,
1786728638.701,2026-08-14T19:30:38,1883.572,12176,12168,12176,12168,12168,12168,340,360,340,320,380,360,2100,380,320,60,12168,10.98,43,0,292,405,N/A,
1786728639.205,2026-08-14T19:30:39,1884.072,12176,12168,12176,12168,12168,12168,340,360,340,320,380,360,2100,380,320,60,12168,11.29,43,1,315,405,N/A,
1786728639.703,2026-08-14T19:30:39,1884.572,12176,12168,12176,12168,12168,12168,340,360,340,340,380,360,2120,380,340,40,12168,11.41,43,3,225,405,N/A,
1786728640.205,2026-08-14T19:30:40,1885.073,12176,12168,12176,12168,12168,12168,340,360,340,320,380,360,2100,380,320,60,12168,10.51,43,0,217,405,N/A,
1786728640.704,2026-08-14T19:30:40,1885.573,12176,12168,12176,12168,12168,12168,340,360,340,340,380,360,2120,380,340,40,12168,10.27,43,0,247,405,N/A,
1786728641.207,2026-08-14T19:30:41,1886.073,12176,12168,12176,12168,12168,12168,340,360,340,320,380,360,2100,380,320,60,12168,10.80,43,0,292,405,N/A,
1786728641.702,2026-08-14T19:30:41,1886.573,12176,12168,12176,12168,12168,12168,340,360,340,320,380,360,2100,380,320,60,12168,11.01,43,0,285,405,N/A,
1786728642.205,2026-08-14T19:30:42,1887.073,12176,12168,12176,12168,12168,12168,360,360,340,320,380,360,2120,380,320,60,12168,10.97,43,0,322,405,N/A,
1786728642.704,2026-08-14T19:30:42,1887.573,12176,12168,12176,12168,12168,12168,340,360,340,320,380,360,2100,380,320,60,12168,10.96,43,4,225,405,N/A,
1786728643.202,2026-08-14T19:30:43,1888.073,12176,12168,12176,12168,12168,12168,360,360,340,320,380,360,2120,380,320,60,12168,10.75,43,0,225,405,N/A,
1786728643.706,2026-08-14T19:30:43,1888.573,12176,12168,12176,12168,12168,12168,360,360,340,320,380,360,2120,380,320,60,12168,10.65,43,0,247,405,N/A,
1786728644.207,2026-08-14T19:30:44,1889.073,12176,12168,12176,12168,12168,12168,360,360,340,320,400,360,2140,400,320,80,12168,10.94,43,0,300,405,N/A,
1786728644.702,2026-08-14T19:30:44,1889.573,12176,12168,12176,12168,12168,12168,360,360,340,320,380,360,2120,380,320,60,12168,10.60,43,0,285,405,N/A,
1786728645.203,2026-08-14T19:30:45,1890.073,12176,12168,12176,12168,12168,12168,340,360,340,320,380,360,2100,380,320,60,12168,10.86,43,0,307,405,N/A,
1786728645.704,2026-08-14T19:30:45,1890.573,12176,12168,12176,12168,12168,12168,340,360,340,340,380,360,2120,380,340,40,12168,10.69,43,4,225,405,N/A,
1786728646.206,2026-08-14T19:30:46,1891.073,12176,12168,12176,12168,12168,12168,340,360,340,320,380,360,2100,380,320,60,12168,10.35,43,0,225,405,N/A,
1786728646.706,2026-08-14T19:30:46,1891.574,12176,12168,12176,12168,12168,12168,340,360,340,320,380,360,2100,380,320,60,12168,9.93,43,0,247,405,N/A,
1786728647.204,2026-08-14T19:30:47,1892.074,12176,12168,12176,12168,12168,12168,340,360,340,320,380,360,2100,380,320,60,12168,10.61,43,0,285,405,N/A,
1786728647.703,2026-08-14T19:30:47,1892.574,12176,12168,12176,12168,12168,12168,340,360,340,320,380,360,2100,380,320,60,12168,11.07,43,0,292,405,N/A,
1786728648.206,2026-08-14T19:30:48,1893.074,12176,12168,12176,12168,12168,12168,340,360,340,320,380,360,2100,380,320,60,12168,11.31,43,0,322,405,N/A,
1786728648.704,2026-08-14T19:30:48,1893.574,12176,12168,12176,12168,12168,12168,340,360,340,320,380,360,2100,380,320,60,12168,10.83,43,3,225,405,N/A,
1786728649.205,2026-08-14T19:30:49,1894.074,12176,12168,12176,12168,12168,12168,340,360,340,320,380,360,2100,380,320,60,12168,10.62,43,0,225,405,N/A,
1786728649.707,2026-08-14T19:30:49,1894.574,12176,12168,12176,12168,12168,12168,340,360,340,320,400,360,2120,400,320,80,12168,10.13,43,0,247,405,N/A,
1786728650.207,2026-08-14T19:30:50,1895.074,12176,12168,12176,12168,12168,12168,340,360,340,320,400,360,2120,400,320,80,12168,10.47,43,0,285,405,N/A,
1786728650.703,2026-08-14T19:30:50,1895.574,12176,12168,12176,12168,12168,12168,340,360,340,320,400,360,2120,400,320,80,12168,10.46,43,0,285,405,N/A,
1786728651.205,2026-08-14T19:30:51,1896.074,12176,12168,12176,12168,12168,12168,360,380,360,340,420,380,2240,420,340,80,12168,13.90,43,11,315,405,N/A,
1786728651.705,2026-08-14T19:30:51,1896.574,12176,12168,12176,12168,12168,12168,360,380,360,340,420,380,2240,420,340,80,12168,15.76,43,0,225,405,N/A,
1786728652.205,2026-08-14T19:30:52,1897.074,12176,12168,12176,12168,12168,12168,360,380,360,340,420,380,2240,420,340,80,12168,11.50,43,0,225,405,N/A,
1786728652.707,2026-08-14T19:30:52,1897.574,12176,12168,12176,12168,12168,12168,360,380,360,340,420,380,2240,420,340,80,12168,11.30,43,0,285,405,N/A,
1786728653.204,2026-08-14T19:30:53,1898.074,12176,12168,12176,12168,12168,12168,360,380,360,340,420,380,2240,420,340,80,12168,10.80,43,0,300,405,N/A,
1786728653.707,2026-08-14T19:30:53,1898.574,12176,12168,12176,12168,12168,12168,360,360,360,340,400,380,2200,400,340,60,12168,10.48,43,0,300,405,N/A,
1786728654.207,2026-08-14T19:30:54,1899.075,12176,12168,12176,12168,12168,12168,360,380,360,340,400,380,2220,400,340,60,12168,11.68,43,4,277,405,N/A,
1786728654.705,2026-08-14T19:30:54,1899.575,12176,12168,12176,12168,12168,12168,360,360,360,340,400,380,2200,400,340,60,12168,11.68,43,0,225,405,N/A,
1786728655.208,2026-08-14T19:30:55,1900.075,12176,12168,12176,12168,12168,12168,360,360,360,340,400,380,2200,400,340,60,12168,9.95,43,0,225,405,N/A,
1786728655.704,2026-08-14T19:30:55,1900.575,12176,12168,12176,12168,12168,12168,360,360,360,340,400,360,2180,400,340,60,12168,10.19,43,0,247,405,N/A,
1786728656.203,2026-08-14T19:30:56,1901.075,12176,12168,12176,12168,12168,12168,360,360,360,340,400,360,2180,400,340,60,12168,10.37,43,0,307,405,N/A,
1786728656.707,2026-08-14T19:30:56,1901.575,12176,12168,12176,12168,12168,12168,360,360,340,340,400,360,2160,400,340,60,12168,10.79,43,0,292,405,N/A,
1786728657.208,2026-08-14T19:30:57,1902.075,12176,12168,12176,12168,12168,12168,360,360,360,340,400,360,2180,400,340,60,12168,10.81,43,4,270,405,N/A,
1786728657.705,2026-08-14T19:30:57,1902.575,12176,12168,12176,12168,12168,12168,360,360,360,340,400,360,2180,400,340,60,12168,11.05,43,0,240,405,N/A,
1786728658.208,2026-08-14T19:30:58,1903.075,12176,12168,12176,12168,12168,12168,360,360,360,340,400,360,2180,400,340,60,12168,10.50,43,0,225,405,N/A,
1786728658.706,2026-08-14T19:30:58,1903.575,12176,12168,12176,12168,12168,12168,360,360,360,340,400,360,2180,400,340,60,12168,10.84,43,0,247,405,N/A,
1786728659.204,2026-08-14T19:30:59,1904.075,12176,12168,12176,12168,12168,12168,360,360,360,340,400,360,2180,400,340,60,12168,10.88,43,0,307,405,N/A,
1786728659.706,2026-08-14T19:30:59,1904.575,12176,12168,12176,12168,12168,12168,360,360,340,340,380,360,2140,380,340,40,12168,10.81,43,0,285,405,N/A,
1786728660.208,2026-08-14T19:31:00,1905.075,12176,12168,12176,12168,12168,12168,360,360,360,340,400,360,2180,400,340,60,12168,11.56,43,3,247,405,N/A,
1786728660.710,2026-08-14T19:31:00,1905.575,12176,12168,12176,12168,12168,12168,360,360,360,340,400,360,2180,400,340,60,12168,11.41,43,0,225,405,N/A,
1786728661.208,2026-08-14T19:31:01,1906.076,12176,12168,12176,12168,12168,12168,360,360,360,340,400,380,2200,400,340,60,12168,13.20,43,1,525,405,N/A,
1786728661.706,2026-08-14T19:31:01,1906.576,12176,12168,12176,12168,12168,12168,360,360,360,340,400,380,2200,400,340,60,12168,13.49,43,0,240,405,N/A,
1786728662.205,2026-08-14T19:31:02,1907.076,12176,12168,12176,12168,12168,12168,380,380,380,360,420,400,2320,420,360,60,12168,15.70,44,26,240,405,N/A,
1786728662.708,2026-08-14T19:31:02,1907.576,12176,12168,12176,12168,12168,12168,380,400,380,380,420,420,2380,420,380,40,12168,15.63,43,0,322,405,N/A,
1786728663.206,2026-08-14T19:31:03,1908.076,12176,12168,12176,12168,12168,12168,380,400,380,380,420,420,2380,420,380,40,12168,20.05,44,9,952,405,N/A,
1786728663.710,2026-08-14T19:31:03,1908.576,12176,12160,12176,12168,12168,12168,420,420,420,400,460,440,2560,460,400,60,12160,19.58,43,0,487,405,N/A,
1786728664.209,2026-08-14T19:31:04,1909.076,12176,12160,12176,12168,12168,12168,400,420,400,380,440,420,2460,440,380,60,12160,13.38,43,6,427,405,N/A,
1786728664.709,2026-08-14T19:31:04,1909.576,12176,12160,12176,12168,12168,12168,400,420,400,380,460,420,2480,460,380,80,12160,15.35,43,0,457,405,N/A,
1786728665.209,2026-08-14T19:31:05,1910.076,12176,12160,12176,12168,12168,12168,400,400,400,380,460,420,2460,460,380,80,12160,15.66,43,2,420,405,N/A,
1786728665.711,2026-08-14T19:31:05,1910.576,12176,12160,12176,12168,12168,12168,400,400,400,380,440,420,2440,440,380,60,12160,15.01,43,0,322,405,N/A,
1786728666.209,2026-08-14T19:31:06,1911.076,12176,12160,12176,12168,12168,12168,400,400,400,380,440,420,2440,440,380,60,12160,14.19,43,0,337,405,N/A,
1786728666.709,2026-08-14T19:31:06,1911.576,12176,12160,12176,12168,12168,12168,400,400,380,380,440,420,2420,440,380,60,12160,14.53,43,0,495,405,N/A,
1786728667.208,2026-08-14T19:31:07,1912.076,12176,12160,12176,12168,12168,12168,400,400,400,380,440,400,2420,440,380,60,12160,13.97,43,0,277,405,N/A,
1786728667.707,2026-08-14T19:31:07,1912.576,12176,12168,12176,12168,12168,12168,380,400,380,380,420,400,2360,420,380,40,12168,12.53,43,4,307,405,N/A,
1786728668.208,2026-08-14T19:31:08,1913.076,12176,12168,12176,12168,12168,12168,380,400,380,380,420,400,2360,420,380,40,12168,11.88,43,0,225,405,N/A,
1786728668.711,2026-08-14T19:31:08,1913.577,12176,12168,12176,12168,12168,12168,380,380,380,360,420,400,2320,420,360,60,12168,12.69,43,4,337,405,N/A,
1786728669.208,2026-08-14T19:31:09,1914.077,12176,12168,12176,12168,12168,12168,380,380,380,360,420,400,2320,420,360,60,12168,12.40,43,0,315,405,N/A,
1786728669.710,2026-08-14T19:31:09,1914.577,12176,12168,12176,12168,12168,12168,380,380,380,360,420,400,2320,420,360,60,12168,11.81,43,4,375,405,N/A,
1786728670.211,2026-08-14T19:31:10,1915.077,12176,12168,12176,12168,12168,12168,380,380,380,360,420,400,2320,420,360,60,12168,12.85,43,0,352,405,N/A,
1786728670.708,2026-08-14T19:31:10,1915.577,12176,12160,12176,12168,12168,12168,380,380,380,360,420,400,2320,420,360,60,12160,14.24,43,4,420,405,N/A,
1786728671.211,2026-08-14T19:31:11,1916.077,12176,12168,12176,12168,12168,12168,380,400,380,360,420,400,2340,420,360,60,12168,14.52,43,4,307,405,N/A,
1786728671.711,2026-08-14T19:31:11,1916.577,12176,12168,12176,12168,12168,12168,380,380,380,360,420,400,2320,420,360,60,12168,13.88,43,0,420,405,N/A,
1786728672.210,2026-08-14T19:31:12,1917.077,12176,12168,12176,12168,12168,12168,380,380,380,360,420,400,2320,420,360,60,12168,12.96,43,0,420,405,N/A,
1786728672.711,2026-08-14T19:31:12,1917.577,12176,12168,12176,12168,12168,12168,380,380,380,360,420,400,2320,420,360,60,12168,11.67,43,0,225,405,N/A,
1786728673.211,2026-08-14T19:31:13,1918.077,12176,12168,12176,12168,12168,12168,380,380,380,360,420,400,2320,420,360,60,12168,11.75,43,0,375,405,N/A,
1786728673.711,2026-08-14T19:31:13,1918.577,12176,12168,12176,12168,12168,12168,380,380,380,360,420,380,2300,420,360,60,12168,12.34,43,0,307,405,N/A,
1786728674.210,2026-08-14T19:31:14,1919.077,12176,12168,12176,12168,12168,12168,380,380,380,360,420,380,2300,420,360,60,12168,13.11,43,4,367,405,N/A,
1786728674.711,2026-08-14T19:31:14,1919.577,12176,12168,12176,12168,12168,12168,380,380,380,360,420,380,2300,420,360,60,12168,13.17,44,4,225,405,N/A,
1786728675.212,2026-08-14T19:31:15,1920.078,12176,12168,12176,12168,12168,12168,380,380,380,360,420,380,2300,420,360,60,12168,12.52,43,0,262,405,N/A,
1786728675.711,2026-08-14T19:31:15,1920.578,12176,12168,12176,12168,12168,12168,380,380,380,360,420,380,2300,420,360,60,12168,12.88,43,0,360,405,N/A,
1786728676.213,2026-08-14T19:31:16,1921.078,12176,12168,12176,12168,12168,12168,380,400,380,360,420,400,2340,420,360,60,12168,14.41,43,3,427,405,N/A,
1786728676.712,2026-08-14T19:31:16,1921.578,12176,12160,12176,12168,12168,12168,380,400,380,380,420,400,2360,420,380,40,12160,15.31,44,4,405,405,N/A,
1786728677.211,2026-08-14T19:31:17,1922.078,12176,12160,12176,12168,12168,12168,380,380,380,360,420,400,2320,420,360,60,12160,13.92,43,3,307,405,N/A,
1786728677.712,2026-08-14T19:31:17,1922.578,12176,12168,12176,12168,12168,12168,380,380,380,360,420,380,2300,420,360,60,12168,11.09,43,0,225,405,N/A,
1786728678.211,2026-08-14T19:31:18,1923.078,12176,12168,12176,12168,12168,12168,380,380,380,360,420,380,2300,420,360,60,12168,11.74,43,4,322,405,N/A,
1786728678.709,2026-08-14T19:31:18,1923.578,12176,12168,12176,12168,12168,12168,380,380,380,360,420,380,2300,420,360,60,12168,12.60,43,8,240,405,N/A,
1786728679.211,2026-08-14T19:31:19,1924.078,12176,12160,12176,12168,12168,12168,380,400,380,360,420,400,2340,420,360,60,12160,12.84,43,0,285,405,N/A,
1786728679.709,2026-08-14T19:31:19,1924.578,12176,12168,12176,12168,12168,12168,380,380,360,360,420,380,2280,420,360,60,12168,12.11,43,1,307,405,N/A,
1786728680.211,2026-08-14T19:31:20,1925.078,12176,12168,12176,12168,12168,12168,360,380,360,340,400,380,2220,400,340,60,12168,10.91,43,0,225,405,N/A,
1786728680.709,2026-08-14T19:31:20,1925.578,12176,12168,12176,12168,12168,12168,360,380,360,340,400,380,2220,400,340,60,12168,11.24,43,0,285,405,N/A,
1786728681.211,2026-08-14T19:31:21,1926.078,12176,12168,12176,12168,12168,12168,360,380,360,340,400,380,2220,400,340,60,12168,11.96,43,0,315,405,N/A,
1786728681.709,2026-08-14T19:31:21,1926.578,12176,12168,12176,12168,12168,12168,360,380,360,340,400,380,2220,400,340,60,12168,12.06,43,0,225,405,N/A,
1786728682.211,2026-08-14T19:31:22,1927.078,12176,12168,12176,12168,12168,12168,360,360,360,340,400,380,2200,400,340,60,12168,11.04,43,4,225,405,N/A,
1786728682.709,2026-08-14T19:31:22,1927.579,12176,12168,12176,12168,12168,12168,360,360,360,340,400,380,2200,400,340,60,12168,10.50,43,0,240,405,N/A,
1786728683.212,2026-08-14T19:31:23,1928.079,12176,12168,12176,12168,12168,12168,360,360,360,340,400,380,2200,400,340,60,12168,11.01,43,0,225,405,N/A,
1786728683.710,2026-08-14T19:31:23,1928.579,12176,12168,12176,12168,12168,12168,360,360,360,340,400,380,2200,400,340,60,12168,10.66,43,0,292,405,N/A,
1786728684.213,2026-08-14T19:31:24,1929.079,12176,12168,12176,12168,12168,12168,360,360,360,340,400,380,2200,400,340,60,12168,10.80,43,0,247,405,N/A,
1786728684.712,2026-08-14T19:31:24,1929.579,12176,12168,12176,12168,12168,12168,360,380,360,340,400,380,2220,400,340,60,12168,13.48,43,0,517,405,N/A,
1786728685.212,2026-08-14T19:31:25,1930.079,12176,12168,12176,12168,12168,12168,360,380,360,360,420,380,2260,420,360,60,12168,15.24,43,0,345,405,N/A,
1786728685.712,2026-08-14T19:31:25,1930.579,12176,12168,12176,12168,12168,12168,380,380,380,360,420,400,2320,420,360,60,12168,14.62,43,0,435,405,N/A,
1786728686.212,2026-08-14T19:31:26,1931.079,12176,12168,12176,12168,12168,12168,380,400,380,360,420,400,2340,420,360,60,12168,15.72,44,8,420,405,N/A,
1786728686.710,2026-08-14T19:31:26,1931.579,12176,12168,12176,12168,12168,12168,380,380,380,360,420,400,2320,420,360,60,12168,13.00,43,0,225,405,N/A,
1786728687.210,2026-08-14T19:31:27,1932.079,12176,12168,12176,12168,12168,12168,380,380,380,360,420,380,2300,420,360,60,12168,12.09,44,3,315,405,N/A,
1786728687.708,2026-08-14T19:31:27,1932.579,12176,12168,12176,12168,12168,12168,380,380,380,360,420,380,2300,420,360,60,12168,12.02,43,0,322,405,N/A,
1786728688.214,2026-08-14T19:31:28,1933.079,12176,12168,12176,12168,12168,12168,360,380,360,340,400,380,2220,400,340,60,12168,12.27,44,5,285,405,N/A,
1786728688.711,2026-08-14T19:31:28,1933.579,12176,12168,12176,12168,12168,12168,360,380,380,360,420,400,2300,420,360,60,12168,12.90,43,0,420,405,N/A,
1786728689.210,2026-08-14T19:31:29,1934.080,12176,12168,12176,12168,12168,12168,360,380,360,360,420,380,2260,420,360,60,12168,13.60,43,4,307,405,N/A,
1786728689.711,2026-08-14T19:31:29,1934.580,12176,12168,12176,12168,12168,12168,360,380,360,340,420,380,2240,420,340,80,12168,12.37,43,0,307,405,N/A,
1786728690.213,2026-08-14T19:31:30,1935.080,12176,12168,12176,12168,12168,12168,360,380,360,340,420,380,2240,420,340,80,12168,12.14,43,0,270,405,N/A,
1786728690.711,2026-08-14T19:31:30,1935.580,12176,12160,12176,12168,12168,12168,380,380,380,360,420,400,2320,420,360,60,12160,14.09,43,4,420,405,N/A,
1786728691.213,2026-08-14T19:31:31,1936.080,12176,12168,12176,12168,12168,12168,360,380,360,360,400,380,2240,400,360,40,12168,13.34,43,0,225,405,N/A,
1786728691.713,2026-08-14T19:31:31,1936.580,12176,12168,12176,12168,12168,12168,360,380,360,360,420,380,2260,420,360,60,12168,11.95,43,0,307,405,N/A,
1786728692.213,2026-08-14T19:31:32,1937.080,12176,12168,12176,12168,12168,12168,380,380,380,360,420,400,2320,420,360,60,12168,12.77,43,0,292,405,N/A,
1786728692.713,2026-08-14T19:31:32,1937.580,12176,12168,12176,12168,12168,12168,380,380,380,360,420,400,2320,420,360,60,12168,13.43,43,0,330,405,N/A,
1786728693.213,2026-08-14T19:31:33,1938.080,12176,12168,12176,12168,12168,12168,380,380,380,360,420,380,2300,420,360,60,12168,14.75,44,5,435,405,N/A,
1786728693.713,2026-08-14T19:31:33,1938.580,12176,12160,12176,12168,12168,12168,380,380,380,360,420,400,2320,420,360,60,12160,15.15,43,4,390,405,N/A,
1786728694.213,2026-08-14T19:31:34,1939.080,12176,12160,12176,12168,12168,12168,380,400,380,360,420,400,2340,420,360,60,12160,13.62,43,0,315,405,N/A,
1786728694.713,2026-08-14T19:31:34,1939.580,12176,12168,12176,12168,12168,12168,380,380,380,360,420,380,2300,420,360,60,12168,11.99,43,0,307,405,N/A,
1786728695.211,2026-08-14T19:31:35,1940.080,12176,12168,12176,12168,12168,12168,360,380,360,360,400,380,2240,400,360,40,12168,11.41,43,0,352,405,N/A,
1786728695.713,2026-08-14T19:31:35,1940.580,12176,12168,12176,12168,12168,12168,360,380,360,360,400,380,2240,400,360,40,12168,11.47,43,0,300,405,N/A,
1786728696.214,2026-08-14T19:31:36,1941.080,12176,12168,12176,12168,12168,12168,360,380,360,360,420,380,2260,420,360,60,12168,11.36,43,0,262,405,N/A,
1786728696.712,2026-08-14T19:31:36,1941.581,12176,12168,12176,12168,12168,12168,380,380,360,360,420,380,2280,420,360,60,12168,12.89,43,3,300,405,N/A,
1786728697.215,2026-08-14T19:31:37,1942.081,12176,12160,12176,12168,12168,12168,360,380,360,360,420,380,2260,420,360,60,12160,13.35,43,0,225,405,N/A,
1786728697.714,2026-08-14T19:31:37,1942.581,12176,12160,12176,12168,12168,12168,360,380,360,360,420,380,2260,420,360,60,12160,13.02,43,0,382,405,N/A,
1786728698.214,2026-08-14T19:31:38,1943.081,12176,12160,12176,12168,12168,12168,380,400,380,360,420,400,2340,420,360,60,12160,14.15,44,4,390,405,N/A,
1786728698.712,2026-08-14T19:31:38,1943.581,12176,12168,12176,12168,12168,12168,380,380,380,360,420,380,2300,420,360,60,12168,14.14,43,0,285,405,N/A,
1786728699.214,2026-08-14T19:31:39,1944.081,12176,12160,12176,12168,12168,12168,380,380,380,360,420,400,2320,420,360,60,12160,13.96,43,3,330,405,N/A,
1786728699.712,2026-08-14T19:31:39,1944.581,12176,12168,12176,12168,12168,12168,380,380,380,360,420,380,2300,420,360,60,12168,13.36,44,4,300,405,N/A,
1786728700.215,2026-08-14T19:31:40,1945.081,12176,12160,12176,12168,12168,12168,380,380,380,360,420,400,2320,420,360,60,12160,13.33,43,0,330,405,N/A,
1786728700.715,2026-08-14T19:31:40,1945.581,12176,12168,12176,12168,12168,12168,380,380,380,360,420,380,2300,420,360,60,12168,13.71,43,0,345,405,N/A,
1786728701.214,2026-08-14T19:31:41,1946.081,12176,12160,12176,12168,12168,12168,380,380,380,360,420,380,2300,420,360,60,12160,12.97,43,7,285,405,N/A,
1786728701.712,2026-08-14T19:31:41,1946.581,12176,12160,12176,12168,12168,12168,360,380,380,360,420,380,2280,420,360,60,12160,12.53,43,0,277,405,N/A,
1786728702.215,2026-08-14T19:31:42,1947.081,12176,12160,12176,12168,12168,12168,380,400,380,360,420,400,2340,420,360,60,12160,13.55,43,0,337,405,N/A,
1786728702.712,2026-08-14T19:31:42,1947.581,12176,12160,12176,12168,12168,12168,380,400,380,360,420,400,2340,420,360,60,12160,13.77,43,4,405,405,N/A,
1786728703.215,2026-08-14T19:31:43,1948.081,12176,12168,12176,12168,12168,12168,380,380,380,360,420,380,2300,420,360,60,12168,14.12,44,3,277,405,N/A,
1786728703.715,2026-08-14T19:31:43,1948.582,12176,12160,12176,12168,12168,12168,380,400,380,360,420,400,2340,420,360,60,12160,14.11,43,0,360,405,N/A,
1786728704.212,2026-08-14T19:31:44,1949.082,12176,12160,12176,12168,12168,12168,380,400,380,360,420,400,2340,420,360,60,12160,13.50,43,0,367,405,N/A,
1786728704.713,2026-08-14T19:31:44,1949.582,12176,12160,12176,12168,12168,12168,380,380,360,360,420,380,2280,420,360,60,12160,11.48,43,0,225,405,N/A,
1786728705.216,2026-08-14T19:31:45,1950.082,12176,12160,12176,12168,12168,12168,380,380,360,360,420,400,2300,420,360,60,12160,13.00,43,4,397,405,N/A,
1786728705.715,2026-08-14T19:31:45,1950.582,12176,12160,12176,12168,12168,12168,380,400,380,360,420,400,2340,420,360,60,12160,14.48,44,3,390,405,N/A,
1786728706.215,2026-08-14T19:31:46,1951.082,12168,12160,12176,12168,12168,12168,380,400,400,380,440,420,2420,440,380,60,12160,16.23,44,7,480,405,N/A,
1786728706.715,2026-08-14T19:31:46,1951.582,12168,12160,12176,12168,12168,12168,400,400,400,380,440,420,2440,440,380,60,12160,16.73,44,0,352,405,N/A,
1786728707.218,2026-08-14T19:31:47,1952.082,12176,12160,12176,12168,12168,12168,380,400,400,380,420,420,2400,420,380,40,12160,14.95,43,0,412,405,N/A,
1786728707.713,2026-08-14T19:31:47,1952.582,12176,12160,12176,12168,12168,12168,380,400,400,380,420,420,2400,420,380,40,12160,14.89,44,4,435,405,N/A,
1786728708.218,2026-08-14T19:31:48,1953.082,12168,12160,12176,12168,12168,12168,400,420,400,380,440,420,2460,440,380,60,12160,16.31,43,3,457,405,N/A,
1786728708.716,2026-08-14T19:31:48,1953.582,12168,12160,12168,12168,12168,12168,400,420,400,380,440,440,2480,440,380,60,12160,17.29,44,4,487,405,N/A,
1786728709.215,2026-08-14T19:31:49,1954.082,12168,12160,12168,12168,12168,12168,400,420,400,380,460,440,2500,460,380,80,12160,16.98,44,4,405,405,N/A,
1786728709.716,2026-08-14T19:31:49,1954.582,12176,12160,12168,12168,12168,12168,400,420,400,380,440,440,2480,440,380,60,12160,15.70,43,3,337,405,N/A,
1786728710.213,2026-08-14T19:31:50,1955.082,12168,12160,12168,12168,12168,12168,400,420,400,380,460,440,2500,460,380,80,12160,15.75,44,0,427,405,N/A,
1786728710.716,2026-08-14T19:31:50,1955.582,12168,12160,12168,12168,12168,12168,400,420,400,380,460,440,2500,460,380,80,12160,15.78,44,0,337,405,N/A,
1786728711.216,2026-08-14T19:31:51,1956.083,12176,12160,12168,12168,12160,12168,400,420,400,380,460,420,2480,460,380,80,12160,15.70,44,0,405,405,N/A,
1786728711.713,2026-08-14T19:31:51,1956.583,12176,12160,12176,12168,12168,12168,400,400,400,380,440,420,2440,440,380,60,12160,14.47,43,0,337,405,N/A,
1786728712.215,2026-08-14T19:31:52,1957.083,12176,12160,12176,12168,12168,12168,400,400,400,380,440,400,2420,440,380,60,12160,12.21,43,1,225,405,N/A,
1786728712.715,2026-08-14T19:31:52,1957.583,12176,12160,12176,12168,12168,12168,380,400,380,380,440,400,2380,440,380,60,12160,15.37,44,10,345,405,N/A,
1786728713.216,2026-08-14T19:31:53,1958.083,12168,12160,12168,12168,12160,12168,400,420,400,380,460,420,2480,460,380,80,12160,18.65,44,3,427,405,N/A,
1786728713.716,2026-08-14T19:31:53,1958.583,12168,12160,12168,12168,12160,12168,400,420,420,400,460,420,2520,460,400,60,12160,18.87,44,0,465,405,N/A,
1786728714.216,2026-08-14T19:31:54,1959.083,12176,12160,12176,12168,12168,12168,400,420,400,380,460,420,2480,460,380,80,12160,16.25,44,4,330,405,N/A,
1786728714.716,2026-08-14T19:31:54,1959.583,12168,12160,12168,12168,12168,12168,400,420,400,380,460,420,2480,460,380,80,12160,14.33,44,0,300,405,N/A,
1786728715.216,2026-08-14T19:31:55,1960.083,12176,12160,12168,12168,12168,12168,400,420,420,400,440,420,2500,440,400,40,12160,16.69,44,8,555,405,N/A,
1786728715.715,2026-08-14T19:31:55,1960.583,12168,12160,12168,12168,12168,12168,400,420,420,400,460,420,2520,460,400,60,12160,17.62,44,0,435,405,N/A,
1786728716.218,2026-08-14T19:31:56,1961.083,12168,12160,12168,12168,12160,12168,400,420,420,400,460,440,2540,460,400,60,12160,17.12,44,3,412,405,N/A,
1786728716.717,2026-08-14T19:31:56,1961.583,12168,12160,12168,12160,12160,12168,420,420,420,400,460,440,2560,460,400,60,12160,16.96,44,0,457,405,N/A,
1786728717.217,2026-08-14T19:31:57,1962.083,12168,12160,12168,12160,12160,12168,420,420,420,400,460,440,2560,460,400,60,12160,17.83,44,4,472,405,N/A,
1786728717.716,2026-08-14T19:31:57,1962.583,12168,12160,12168,12160,12160,12168,420,440,440,420,480,440,2640,480,420,60,12160,18.24,44,4,480,405,N/A,
1786728718.217,2026-08-14T19:31:58,1963.083,12168,12160,12168,12168,12168,12168,420,420,420,400,460,440,2560,460,400,60,12160,18.07,44,4,382,405,N/A,
1786728718.713,2026-08-14T19:31:58,1963.584,12168,12160,12168,12168,12160,12168,420,440,420,400,460,440,2580,460,400,60,12160,16.79,44,0,412,405,N/A,
1786728719.219,2026-08-14T19:31:59,1964.084,12168,12160,12168,12168,12160,12168,420,440,420,420,460,440,2600,460,420,40,12160,16.86,44,0,405,405,N/A,
1786728719.718,2026-08-14T19:31:59,1964.584,12168,12160,12168,12168,12168,12168,420,420,420,400,460,440,2560,460,400,60,12160,17.73,44,10,397,405,N/A,
1786728720.217,2026-08-14T19:32:00,1965.084,12168,12160,12168,12168,12168,12168,420,440,420,400,460,440,2580,460,400,60,12160,16.36,44,2,427,405,N/A,
1786728720.722,2026-08-14T19:32:00,1965.584,12168,12160,12168,12168,12160,12168,420,420,420,400,460,440,2560,460,400,60,12160,17.01,44,0,315,405,N/A,
1786728721.220,2026-08-14T19:32:01,1966.084,12176,12160,12168,12168,12168,12168,400,420,400,400,460,420,2500,460,400,60,12160,14.92,44,4,277,405,N/A,
1786728721.717,2026-08-14T19:32:01,1966.584,12168,12160,12168,12168,12160,12168,420,420,400,400,460,420,2520,460,400,60,12160,15.11,44,0,420,405,N/A,
1786728722.217,2026-08-14T19:32:02,1967.084,12168,12160,12168,12168,12160,12168,420,420,400,400,460,420,2520,460,400,60,12160,13.89,44,0,322,405,N/A,
1786728722.717,2026-08-14T19:32:02,1967.584,12176,12160,12176,12168,12168,12168,400,400,400,380,440,420,2440,440,380,60,12160,13.61,44,5,435,405,N/A,
1786728723.217,2026-08-14T19:32:03,1968.084,12168,12160,12168,12168,12160,12168,400,420,420,400,460,420,2520,460,400,60,12160,18.64,44,8,427,405,N/A,
1786728723.718,2026-08-14T19:32:03,1968.584,12168,12160,12168,12160,12160,12168,420,440,420,400,480,440,2600,480,400,80,12160,20.84,44,0,465,405,N/A,
1786728724.218,2026-08-14T19:32:04,1969.084,12168,12160,12168,12160,12160,12168,420,440,440,420,480,460,2660,480,420,60,12160,21.00,44,4,525,405,N/A,
1786728724.715,2026-08-14T19:32:04,1969.584,12168,12160,12168,12160,12160,12168,420,440,440,420,480,440,2640,480,420,60,12160,19.83,44,4,412,405,N/A,
1786728725.218,2026-08-14T19:32:05,1970.085,12168,12160,12168,12160,12160,12168,420,440,440,420,480,440,2640,480,420,60,12160,17.61,44,1,390,405,N/A,
1786728725.717,2026-08-14T19:32:05,1970.585,12168,12160,12168,12160,12160,12168,420,460,440,420,480,440,2660,480,420,60,12160,18.75,44,8,412,405,N/A,
1786728726.218,2026-08-14T19:32:06,1971.085,12168,12160,12168,12168,12160,12168,420,440,440,420,480,440,2640,480,420,60,12160,17.77,44,0,322,405,N/A,
1786728726.717,2026-08-14T19:32:06,1971.585,12168,12160,12168,12168,12160,12168,420,440,420,420,480,440,2620,480,420,60,12160,16.72,44,3,315,405,N/A,
1786728727.217,2026-08-14T19:32:07,1972.085,12168,12160,12168,12168,12160,12168,420,440,420,420,480,440,2620,480,420,60,12160,18.33,44,8,457,405,N/A,
1786728727.717,2026-08-14T19:32:07,1972.585,12168,12160,12168,12168,12160,12168,420,440,420,420,480,440,2620,480,420,60,12160,19.78,44,3,450,405,N/A,
1786728728.218,2026-08-14T19:32:08,1973.085,12168,12160,12168,12168,12160,12168,440,440,440,420,500,460,2700,500,420,80,12160,21.02,44,4,472,405,N/A,
1786728728.719,2026-08-14T19:32:08,1973.585,12168,12160,12168,12160,12160,12168,440,440,440,420,500,460,2700,500,420,80,12160,19.35,44,4,375,405,N/A,
1786728729.216,2026-08-14T19:32:09,1974.085,12168,12160,12168,12168,12160,12168,440,460,440,420,500,460,2720,500,420,80,12160,17.91,44,0,450,405,N/A,
1786728729.718,2026-08-14T19:32:09,1974.585,12168,12160,12168,12168,12160,12168,440,440,420,420,480,440,2640,480,420,60,12160,17.98,44,6,375,405,N/A,
1786728730.216,2026-08-14T19:32:10,1975.085,12168,12160,12168,12168,12160,12168,440,440,440,420,500,440,2680,500,420,80,12160,17.15,44,7,360,405,N/A,
1786728730.719,2026-08-14T19:32:10,1975.585,12168,12160,12168,12168,12160,12168,440,440,440,420,500,440,2680,500,420,80,12160,18.63,44,5,337,405,N/A,
1786728731.218,2026-08-14T19:32:11,1976.085,12168,12160,12168,12168,12160,12168,440,440,440,420,500,460,2700,500,420,80,12160,20.11,44,8,367,405,N/A,
1786728731.719,2026-08-14T19:32:11,1976.586,12168,12160,12168,12160,12160,12168,440,460,440,420,500,460,2720,500,420,80,12160,20.05,44,7,292,405,N/A,
1786728732.219,2026-08-14T19:32:12,1977.086,12168,12160,12168,12160,12160,12168,440,460,440,420,500,460,2720,500,420,80,12160,19.92,44,7,382,405,N/A,
1786728732.718,2026-08-14T19:32:12,1977.586,12168,12160,12168,12168,12160,12168,440,460,440,420,500,460,2720,500,420,80,12160,21.02,44,4,360,405,N/A,
1786728733.219,2026-08-14T19:32:13,1978.086,12168,12160,12168,12160,12160,12168,440,460,440,420,500,460,2720,500,420,80,12160,21.35,44,4,352,405,N/A,
1786728733.720,2026-08-14T19:32:13,1978.586,12168,12160,12168,12160,12160,12168,460,480,460,440,520,460,2820,520,440,80,12160,23.45,44,4,427,405,N/A,
1786728734.219,2026-08-14T19:32:14,1979.086,12168,12160,12168,12160,12160,12168,480,480,480,460,540,480,2920,540,460,80,12160,25.97,44,4,375,405,N/A,
1786728734.719,2026-08-14T19:32:14,1979.586,12168,12160,12168,12160,12160,12168,480,480,480,460,540,500,2940,540,460,80,12160,25.00,44,0,465,405,N/A,
1786728735.219,2026-08-14T19:32:15,1980.086,12168,12160,12168,12160,12160,12168,500,500,500,480,560,500,3040,560,480,80,12160,26.47,45,11,532,405,N/A,
1786728735.719,2026-08-14T19:32:15,1980.586,12168,12160,12168,12160,12160,12168,480,480,500,460,540,500,2960,540,460,80,12160,22.95,45,11,420,405,N/A,
1786728736.218,2026-08-14T19:32:16,1981.086,12168,12160,12168,12160,12160,12168,480,480,480,460,540,500,2940,540,460,80,12160,20.11,44,4,517,405,N/A,
1786728736.720,2026-08-14T19:32:16,1981.586,12168,12160,12168,12160,12160,12168,480,480,480,460,540,500,2940,540,460,80,12160,20.47,44,4,450,405,N/A,
1786728737.220,2026-08-14T19:32:17,1982.086,12168,12160,12168,12160,12160,12168,480,480,480,460,540,500,2940,540,460,80,12160,21.17,44,3,495,405,N/A,
1786728737.720,2026-08-14T19:32:17,1982.586,12168,12160,12168,12160,12160,12168,480,480,480,460,520,500,2920,520,460,60,12160,22.92,44,3,405,405,N/A,
1786728738.221,2026-08-14T19:32:18,1983.086,12168,12160,12168,12160,12160,12168,500,480,480,480,540,500,2980,540,480,60,12160,22.97,44,4,570,405,N/A,
1786728738.720,2026-08-14T19:32:18,1983.587,12168,12160,12168,12160,12160,12168,480,480,480,460,540,500,2940,540,460,80,12160,23.14,44,4,397,405,N/A,
1786728739.221,2026-08-14T19:32:19,1984.087,12168,12160,12168,12160,12160,12168,480,480,480,480,540,500,2960,540,480,60,12160,23.19,44,7,465,405,N/A,
1786728739.718,2026-08-14T19:32:19,1984.587,12168,12160,12168,12160,12160,12168,480,480,500,460,540,500,2960,540,460,80,12160,22.73,44,7,420,405,N/A,
1786728740.220,2026-08-14T19:32:20,1985.087,12168,12160,12168,12160,12160,12168,480,480,500,480,540,500,2980,540,480,60,12160,22.35,44,3,532,405,N/A,
1786728740.720,2026-08-14T19:32:20,1985.587,12168,12160,12168,12160,12160,12168,480,480,500,480,540,500,2980,540,480,60,12160,23.86,44,3,435,405,N/A,
1786728741.220,2026-08-14T19:32:21,1986.087,12168,12160,12168,12160,12160,12168,480,480,480,480,540,500,2960,540,480,60,12160,23.82,44,3,502,405,N/A,
1786728741.720,2026-08-14T19:32:21,1986.587,12168,12160,12168,12160,12160,12168,480,480,500,460,540,500,2960,540,460,80,12160,22.90,44,3,360,405,N/A,
